,Age,Gender,State,Category,Brand,Quantity,Price,Discount,Product Rating,high_return_risk
4/11/2025 21:36,58,Female,Haryana,Shirts,Nike,5,409,30,1,Yes
4/11/2025 21:36,29,Male,Uttar Pradesh,Sleepwear,Nike,3,700,25,1,Yes
4/11/2025 21:36,32,Female,Manipur,Jeans,Zudio,2,898,20,3,No
4/11/2025 21:36,53,Male,Arunachal Pradesh,Jackets,Zudio,6,607,10,3.5,Yes
4/11/2025 21:36,25,Female,Goa,Jackets,Adidas,5,568,10,1,No
4/11/2025 21:36,62,Female,Jharkhand,Shorts,Zudio,6,615,25,1,Yes
4/11/2025 21:36,56,Female,Jharkhand,Skirts,Levie's,5,652,10,2,No
4/11/2025 21:36,67,Male,West Bengal,Shirts,Adidas,4,951,25,3.5,No
4/11/2025 21:36,32,Female,Assam,Shirts,Nike,2,909,10,3,No
4/11/2025 21:36,37,Female,Kerala,Activewear,Zudio,7,758,25,2,No
4/11/2025 21:36,62,Female,Haryana,Shorts,Nike,5,759,25,3.5,No
4/11/2025 21:36,32,Male,Nagaland,Dresses,Zudio,4,839,15,1.5,No
4/11/2025 21:36,51,Female,Andhra Pradesh,Suits,Zudio,3,611,30,3,No
4/11/2025 21:36,43,Female,Goa,Jeans,Levie's,3,953,30,1,Yes
4/11/2025 21:36,70,Male,Tamil Nadu,Skirts,H&M,1,767,25,1.5,No
4/11/2025 21:36,35,Male,Gujarat,Ethnic Wear,Puma,1,724,10,2,Yes
4/11/2025 21:36,67,Female,Tamil Nadu,Skirts,H&M,1,825,25,1.5,Yes
4/11/2025 21:36,60,Male,Haryana,Ethnic Wear,Levie's,7,963,25,3,No
4/11/2025 21:36,35,Female,Sikkim,Skirts,H&M,6,806,30,2.5,Yes
4/11/2025 21:36,50,Male,Madhya Pradesh,T-shirts,H&M,1,922,25,3,Yes
4/11/2025 21:36,19,Male,Uttarakhand,Dresses,Zudio,5,485,10,1.5,No
4/11/2025 21:36,46,Female,Rajasthan,T-shirts,Puma,2,830,30,4,No
4/11/2025 21:36,65,Female,Maharashtra,Dresses,Zudio,2,518,30,4,No
4/11/2025 21:36,56,Female,Manipur,T-shirts,Pantaloons,7,870,10,1,Yes
4/11/2025 21:36,41,Male,Jharkhand,Activewear,Adidas,3,419,10,3.5,Yes
4/11/2025 21:36,38,Female,Odisha,Suits,H&M,2,745,20,2.5,No
4/11/2025 21:36,68,Male,Kerala,Suits,Raymond,7,754,15,4.5,Yes
4/11/2025 21:36,50,Female,Himachal Pradesh,Formal Wear,Raymond,4,524,20,3.5,No
4/11/2025 21:36,26,Female,Chhattisgarh,Jackets,Nike,2,681,25,1.5,Yes
4/11/2025 21:36,65,Female,Arunachal Pradesh,T-shirts,Nike,2,820,10,1.5,No
4/11/2025 21:36,67,Male,Himachal Pradesh,Shirts,Adidas,4,616,20,2,Yes
4/11/2025 21:36,70,Female,Assam,Ethnic Wear,Nike,4,888,25,2.5,No
4/11/2025 21:36,69,Male,Telangana,Formal Wear,Zudio,5,410,25,1.5,Yes
4/11/2025 21:36,35,Female,Bihar,Trousers,Raymond,5,578,15,5,Yes
4/11/2025 21:36,21,Male,Bihar,Sweaters,Puma,2,789,20,5,Yes
4/11/2025 21:36,64,Male,Tamil Nadu,Activewear,Zudio,5,947,10,2,Yes
4/11/2025 21:36,41,Female,Odisha,Ethnic Wear,H&M,3,892,10,2,No
4/11/2025 21:36,61,Male,Manipur,Dresses,Adidas,1,982,15,4,No
4/11/2025 21:36,68,Female,Andhra Pradesh,Sleepwear,Adidas,1,635,25,2,No
4/11/2025 21:36,64,Female,Tripura,Activewear,Adidas,2,764,10,5,Yes
4/11/2025 21:36,54,Female,Tripura,Sweaters,Levie's,4,900,25,3,Yes
4/11/2025 21:36,49,Male,Tamil Nadu,Suits,Pantaloons,1,683,20,4,Yes
4/11/2025 21:36,33,Female,Himachal Pradesh,Jeans,Pantaloons,6,855,15,2.5,Yes
4/11/2025 21:36,49,Male,Goa,Jackets,Raymond,2,412,15,2,Yes
4/11/2025 21:36,49,Male,Karnataka,T-shirts,H&M,1,747,30,1,No
4/11/2025 21:36,40,Male,Bihar,Dresses,Puma,1,819,20,2.5,Yes
4/11/2025 21:36,43,Female,Madhya Pradesh,Jackets,H&M,3,910,20,2.5,No
4/11/2025 21:36,32,Female,Uttarakhand,Suits,Puma,1,958,25,2.5,Yes
4/11/2025 21:36,32,Male,Maharashtra,Ethnic Wear,Adidas,2,892,15,5,Yes
4/11/2025 21:36,49,Female,Odisha,Skirts,Levie's,4,525,15,5,Yes
4/11/2025 21:36,56,Male,Telangana,Sleepwear,Zudio,2,409,30,1.5,No
4/11/2025 21:36,64,Male,Tripura,Shirts,Zudio,3,474,25,1,No
4/11/2025 21:36,33,Female,Tamil Nadu,Shorts,Zudio,2,427,10,4,Yes
4/11/2025 21:36,62,Male,Andhra Pradesh,Undergarments,Adidas,6,556,25,4.5,Yes
4/11/2025 21:36,32,Female,Mizoram,Sleepwear,Adidas,4,408,20,1,No
4/11/2025 21:36,41,Male,Himachal Pradesh,Shorts,Raymond,2,931,20,4,Yes
4/11/2025 21:36,33,Male,Karnataka,Shirts,Pantaloons,5,632,15,4.5,Yes
4/11/2025 21:36,20,Female,Telangana,Skirts,Nike,5,531,25,1,No
4/11/2025 21:36,66,Male,Odisha,Sweaters,Nike,4,963,30,4.5,Yes
4/11/2025 21:36,20,Male,Telangana,Skirts,Zudio,2,588,20,3,Yes
4/11/2025 21:36,25,Male,Uttar Pradesh,Jackets,H&M,6,558,25,3.5,Yes
4/11/2025 21:36,20,Female,Assam,Formal Wear,Puma,4,607,30,5,Yes
4/11/2025 21:36,35,Female,Telangana,Trousers,Nike,1,489,10,2.5,No
4/11/2025 21:36,39,Male,Uttarakhand,Formal Wear,Pantaloons,7,674,10,1.5,No
4/11/2025 21:36,31,Female,Karnataka,Shorts,H&M,3,735,20,1,No
4/11/2025 21:36,47,Female,Gujarat,Undergarments,Puma,7,545,20,5,Yes
4/11/2025 21:36,46,Male,Maharashtra,Suits,Pantaloons,5,656,10,5,Yes
4/11/2025 21:36,64,Male,Karnataka,Skirts,Pantaloons,6,722,30,1,Yes
4/11/2025 21:36,40,Male,Madhya Pradesh,Formal Wear,Raymond,1,528,30,4,Yes
4/11/2025 21:36,38,Male,Madhya Pradesh,Trousers,Raymond,2,987,25,4,Yes
4/11/2025 21:36,34,Male,Madhya Pradesh,Activewear,H&M,1,526,25,4.5,No
4/11/2025 21:36,46,Male,Odisha,Undergarments,Adidas,7,823,20,3.5,Yes
4/11/2025 21:36,54,Female,Arunachal Pradesh,Trousers,Nike,4,737,15,5,No
4/11/2025 21:36,41,Male,Himachal Pradesh,Activewear,Pantaloons,3,745,30,5,Yes
4/11/2025 21:36,44,Male,Uttar Pradesh,Formal Wear,Pantaloons,3,450,30,3,Yes
4/11/2025 21:36,43,Female,Odisha,Jeans,H&M,7,929,25,3.5,No
4/11/2025 21:36,54,Male,Tripura,Ethnic Wear,H&M,3,681,25,3.5,No
4/11/2025 21:36,54,Female,Andhra Pradesh,Shirts,Puma,5,554,15,3.5,Yes
4/11/2025 21:36,67,Male,Punjab,Activewear,Pantaloons,5,677,10,2.5,No
4/11/2025 21:36,44,Female,Maharashtra,Dresses,Adidas,4,568,25,1.5,No
4/11/2025 21:36,56,Male,Tripura,Shorts,Puma,6,672,25,2.5,Yes
4/11/2025 21:36,64,Female,Kerala,Formal Wear,Pantaloons,3,931,10,2,No
4/11/2025 21:36,18,Female,Arunachal Pradesh,Trousers,Levie's,3,622,20,1,No
4/11/2025 21:36,20,Male,Arunachal Pradesh,Activewear,Pantaloons,2,911,25,4,No
4/11/2025 21:36,64,Female,Bihar,Formal Wear,Levie's,2,651,20,4.5,No
4/11/2025 21:36,65,Female,Nagaland,Ethnic Wear,Raymond,4,409,30,3.5,No
4/11/2025 21:36,24,Female,Meghalaya,Jeans,Raymond,5,732,10,2,No
4/11/2025 21:36,40,Male,Maharashtra,Formal Wear,Raymond,6,870,15,3.5,Yes
4/11/2025 21:36,54,Male,Manipur,Jeans,H&M,3,829,30,4.5,Yes
4/11/2025 21:36,56,Female,Jharkhand,Sleepwear,Nike,4,907,25,5,No
4/11/2025 21:36,45,Female,Mizoram,Formal Wear,Levie's,5,471,10,3.5,No
4/11/2025 21:36,18,Male,Madhya Pradesh,Sweaters,Puma,1,441,25,4.5,No
4/11/2025 21:36,50,Male,Manipur,Shorts,Raymond,2,923,15,2.5,No
4/11/2025 21:36,52,Male,Tripura,Sweaters,Pantaloons,6,615,15,4.5,Yes
4/11/2025 21:36,57,Male,Karnataka,Shirts,Zudio,2,675,30,2.5,Yes
4/11/2025 21:36,66,Male,Uttarakhand,Undergarments,Raymond,1,937,10,3,No
4/11/2025 21:36,59,Female,West Bengal,Trousers,Levie's,5,672,30,3.5,No
4/11/2025 21:36,32,Female,Manipur,Dresses,Nike,3,499,25,3,No
4/11/2025 21:36,60,Male,Rajasthan,T-shirts,Raymond,1,407,20,4,No
4/11/2025 21:36,70,Male,Telangana,Jackets,Pantaloons,6,968,15,2,Yes
4/11/2025 21:36,70,Female,Goa,Sleepwear,Pantaloons,2,738,20,2,Yes
4/11/2025 21:36,55,Female,Telangana,Sleepwear,Zudio,1,495,20,1,Yes
4/11/2025 21:36,56,Female,Tripura,Dresses,Pantaloons,1,872,30,4,No
4/11/2025 21:36,25,Female,Odisha,Dresses,Zudio,3,461,20,3,Yes
4/11/2025 21:36,46,Female,Meghalaya,Activewear,Levie's,5,495,25,5,No
4/11/2025 21:36,54,Male,Telangana,T-shirts,Levie's,7,600,30,3,No
4/11/2025 21:36,51,Male,Karnataka,Shirts,Adidas,5,518,10,4.5,Yes
4/11/2025 21:36,55,Female,Kerala,Formal Wear,Nike,2,811,20,1.5,Yes
4/11/2025 21:36,46,Male,Nagaland,Undergarments,Puma,3,525,20,2,No
4/11/2025 21:36,47,Female,Jharkhand,Jeans,Zudio,2,579,20,5,Yes
4/11/2025 21:36,54,Female,Madhya Pradesh,Shirts,Pantaloons,7,749,20,2.5,No
4/11/2025 21:36,63,Female,Madhya Pradesh,Skirts,Adidas,2,902,30,3,Yes
4/11/2025 21:36,39,Female,Uttarakhand,Sweaters,Adidas,1,818,25,2,Yes
4/11/2025 21:36,62,Male,Arunachal Pradesh,Shirts,Zudio,2,800,20,1.5,Yes
4/11/2025 21:36,70,Female,Goa,Ethnic Wear,Nike,1,813,15,4,Yes
4/11/2025 21:36,63,Male,Karnataka,Sleepwear,Puma,7,543,20,2.5,No
4/11/2025 21:36,52,Female,Madhya Pradesh,Trousers,Levie's,2,628,30,2,No
4/11/2025 21:36,26,Male,Punjab,Dresses,H&M,2,581,10,2.5,No
4/11/2025 21:36,60,Female,Karnataka,Sleepwear,H&M,5,490,25,4,Yes
4/11/2025 21:36,54,Female,Telangana,Dresses,Puma,2,752,30,3,No
4/11/2025 21:36,44,Male,Meghalaya,Skirts,Adidas,6,577,20,4,No
4/11/2025 21:36,65,Female,Haryana,T-shirts,Pantaloons,6,958,25,3,Yes
4/11/2025 21:36,61,Female,Goa,Shorts,H&M,1,870,10,3,Yes
4/11/2025 21:36,55,Female,Manipur,Activewear,Levie's,7,899,20,2.5,No
4/11/2025 21:36,18,Female,Mizoram,Trousers,Nike,7,507,15,2.5,No
4/11/2025 21:36,41,Male,Telangana,Shorts,Nike,2,416,20,3.5,Yes
4/11/2025 21:36,53,Female,Meghalaya,Jeans,Adidas,4,581,15,3.5,Yes
4/11/2025 21:36,57,Male,Himachal Pradesh,Sweaters,Adidas,5,712,30,2,No
4/11/2025 21:36,68,Male,Karnataka,Sleepwear,Puma,5,569,25,3.5,Yes
4/11/2025 21:36,37,Female,Haryana,Sleepwear,Puma,4,685,10,2.5,Yes
4/11/2025 21:36,26,Female,Himachal Pradesh,Sleepwear,Puma,1,519,20,1,No
4/11/2025 21:36,40,Female,Nagaland,Skirts,Nike,5,951,15,2.5,No
4/11/2025 21:36,54,Male,Rajasthan,Sweaters,H&M,2,769,15,2,Yes
4/11/2025 21:36,64,Male,Tripura,Formal Wear,Levie's,5,922,15,1.5,No
4/11/2025 21:36,49,Male,Chhattisgarh,Dresses,Nike,6,592,10,4,No
4/11/2025 21:36,64,Female,Odisha,T-shirts,Raymond,2,645,10,1,No
4/11/2025 21:36,24,Male,Mizoram,Suits,Puma,6,850,10,3,No
4/11/2025 21:36,59,Male,Sikkim,Jeans,Pantaloons,6,438,15,4,Yes
4/11/2025 21:36,18,Male,Nagaland,Formal Wear,H&M,6,661,15,4,Yes
4/11/2025 21:36,26,Female,Himachal Pradesh,Sleepwear,Levie's,4,634,15,2.5,No
4/11/2025 21:36,32,Female,Tamil Nadu,Jeans,H&M,7,536,20,2.5,No
4/11/2025 21:36,67,Female,Arunachal Pradesh,Suits,Adidas,3,976,25,5,No
4/11/2025 21:36,46,Female,Punjab,Trousers,H&M,4,855,15,1.5,Yes
4/11/2025 21:36,60,Female,Goa,Jackets,Raymond,1,414,20,3.5,No
4/11/2025 21:36,67,Female,Goa,Sweaters,Nike,3,878,10,4,Yes
4/11/2025 21:36,56,Female,Karnataka,Dresses,Adidas,4,733,30,4.5,No
4/11/2025 21:36,60,Male,Sikkim,Formal Wear,Levie's,6,974,20,2,Yes
4/11/2025 21:36,21,Female,Haryana,Shorts,Raymond,1,455,15,5,Yes
4/11/2025 21:36,64,Female,Uttarakhand,Skirts,H&M,5,683,30,2.5,Yes
4/11/2025 21:36,70,Male,Mizoram,Sweaters,H&M,6,420,10,3.5,No
4/11/2025 21:36,45,Female,Mizoram,Undergarments,Raymond,7,755,20,1,Yes
4/11/2025 21:36,57,Male,Tamil Nadu,Sweaters,Levie's,7,982,20,4.5,Yes
4/11/2025 21:36,64,Male,Nagaland,Shirts,Adidas,7,950,30,5,Yes
4/11/2025 21:36,62,Male,Himachal Pradesh,Undergarments,Puma,7,538,15,3.5,No
4/11/2025 21:36,57,Male,Jharkhand,Trousers,Adidas,4,689,30,2,Yes
4/11/2025 21:36,35,Male,West Bengal,Formal Wear,Nike,1,503,10,4,Yes
4/11/2025 21:36,20,Female,Telangana,Formal Wear,H&M,2,414,30,3.5,Yes
4/11/2025 21:36,33,Female,Meghalaya,Shirts,Puma,5,802,25,4,No
4/11/2025 21:36,24,Male,West Bengal,Shorts,Nike,1,725,25,1.5,Yes
4/11/2025 21:36,20,Female,Assam,Sleepwear,Puma,5,414,20,5,Yes
4/11/2025 21:36,29,Male,Odisha,Sleepwear,Raymond,6,852,30,4,Yes
4/11/2025 21:36,63,Female,Punjab,Dresses,Puma,1,449,15,1.5,No
4/11/2025 21:36,21,Male,Telangana,Trousers,Adidas,2,887,30,2,Yes
4/11/2025 21:36,27,Female,Uttar Pradesh,Jackets,Pantaloons,6,675,15,3,No
4/11/2025 21:36,58,Female,Punjab,Shorts,Pantaloons,4,727,20,3.5,Yes
4/11/2025 21:36,52,Female,Punjab,Trousers,Adidas,7,412,15,1,No
4/11/2025 21:36,29,Male,Tamil Nadu,Formal Wear,Nike,6,473,15,4,No
4/11/2025 21:36,46,Male,Nagaland,Undergarments,Adidas,1,686,30,3,Yes
4/11/2025 21:36,59,Female,Haryana,Suits,Nike,1,440,10,4,Yes
4/11/2025 21:36,38,Male,Odisha,Ethnic Wear,Raymond,4,988,30,3,No
4/11/2025 21:36,49,Male,Arunachal Pradesh,Formal Wear,Nike,6,400,10,3,Yes
4/11/2025 21:36,51,Female,Haryana,Jackets,Levie's,1,848,10,3.5,No
4/11/2025 21:36,70,Male,Telangana,Jeans,Levie's,5,905,20,2.5,No
4/11/2025 21:36,70,Female,Andhra Pradesh,Skirts,Raymond,2,662,25,1.5,No
4/11/2025 21:36,33,Male,Rajasthan,Sweaters,Nike,4,646,25,4.5,No
4/11/2025 21:36,61,Female,Maharashtra,Skirts,Raymond,1,415,25,5,Yes
4/11/2025 21:36,66,Female,Nagaland,Sweaters,Zudio,3,631,25,1.5,Yes
4/11/2025 21:36,39,Male,Uttarakhand,Undergarments,Levie's,2,675,15,5,Yes
4/11/2025 21:36,52,Female,Bihar,Sweaters,Raymond,1,923,25,4,Yes
4/11/2025 21:36,19,Male,Haryana,Sweaters,Puma,3,607,10,3,No
4/11/2025 21:36,54,Male,Rajasthan,Activewear,Pantaloons,2,951,20,1.5,Yes
4/11/2025 21:36,23,Female,Uttarakhand,Suits,H&M,5,697,25,2,No
4/11/2025 21:36,43,Female,Manipur,Jackets,Pantaloons,1,590,30,4.5,No
4/11/2025 21:36,68,Male,Rajasthan,Undergarments,H&M,6,473,25,2.5,Yes
4/11/2025 21:36,51,Female,Punjab,Shorts,Pantaloons,2,490,10,3,No
4/11/2025 21:36,27,Male,Tamil Nadu,Shorts,Puma,3,608,15,2.5,Yes
4/11/2025 21:36,70,Female,Telangana,Jeans,Pantaloons,3,586,10,3,Yes
4/11/2025 21:36,51,Female,Arunachal Pradesh,Jeans,H&M,2,604,20,1,No
4/11/2025 21:36,26,Female,Kerala,Shorts,Raymond,3,658,30,4.5,Yes
4/11/2025 21:36,45,Male,Himachal Pradesh,Suits,Raymond,1,735,10,4.5,No
4/11/2025 21:36,70,Female,Sikkim,Jackets,H&M,6,884,30,3,Yes
4/11/2025 21:36,40,Male,Karnataka,Suits,Adidas,3,496,20,5,No
4/11/2025 21:36,49,Male,Gujarat,Formal Wear,Levie's,2,977,20,1,No
4/11/2025 21:36,44,Male,Uttar Pradesh,Ethnic Wear,Levie's,4,865,30,3.5,No
4/11/2025 21:36,53,Female,Goa,Ethnic Wear,Zudio,5,847,10,3,Yes
4/11/2025 21:36,65,Female,Punjab,Ethnic Wear,Adidas,1,510,10,1,No
4/11/2025 21:36,55,Female,Manipur,Skirts,Nike,3,555,25,1,No
4/11/2025 21:36,32,Male,Karnataka,Shorts,Adidas,3,611,30,3,Yes
4/11/2025 21:36,18,Male,Tripura,Dresses,Levie's,5,908,10,3.5,No
4/11/2025 21:36,70,Female,Kerala,T-shirts,Nike,2,686,25,1,Yes
4/11/2025 21:36,21,Male,Madhya Pradesh,Skirts,Pantaloons,4,437,15,1,No
4/11/2025 21:36,67,Female,Uttar Pradesh,Sleepwear,Adidas,6,467,30,4,Yes
4/11/2025 21:36,18,Male,Karnataka,Skirts,Zudio,7,603,25,1,Yes
4/11/2025 21:36,29,Female,Meghalaya,Skirts,Adidas,5,806,30,1.5,No
4/11/2025 21:36,65,Male,Andhra Pradesh,Activewear,Pantaloons,4,974,25,4,No
4/11/2025 21:36,53,Male,West Bengal,Dresses,Raymond,1,677,20,5,Yes
4/11/2025 21:36,66,Female,Uttar Pradesh,Dresses,Raymond,7,586,30,2.5,No
4/11/2025 21:36,34,Male,Sikkim,Jackets,Pantaloons,5,650,10,2.5,No
4/11/2025 21:36,50,Male,Himachal Pradesh,Sweaters,H&M,2,627,15,3,No
4/11/2025 21:36,42,Male,Uttar Pradesh,Sweaters,Zudio,4,832,15,2,Yes
4/11/2025 21:36,20,Male,Bihar,T-shirts,Levie's,2,684,20,3,Yes
4/11/2025 21:36,19,Female,Andhra Pradesh,T-shirts,Adidas,4,470,15,4,No
4/11/2025 21:36,34,Female,Karnataka,Sleepwear,Zudio,6,649,25,3,Yes
4/11/2025 21:36,68,Female,Punjab,T-shirts,Zudio,5,562,10,2.5,No
4/11/2025 21:36,38,Male,Tamil Nadu,Sleepwear,Pantaloons,1,822,25,3.5,No
4/11/2025 21:36,31,Female,Chhattisgarh,Sweaters,Puma,4,657,25,4,Yes
4/11/2025 21:36,18,Female,Bihar,Jackets,Raymond,4,484,25,4,Yes
4/11/2025 21:36,70,Female,Meghalaya,Jeans,H&M,7,743,30,4.5,Yes
4/11/2025 21:36,44,Female,Goa,Trousers,Raymond,1,599,25,2,Yes
4/11/2025 21:36,51,Male,Meghalaya,Activewear,Adidas,7,603,10,3,Yes
4/11/2025 21:36,40,Male,Sikkim,Dresses,Adidas,2,482,25,3,No
4/11/2025 21:36,40,Male,Manipur,Sleepwear,Nike,2,880,25,3.5,Yes
4/11/2025 21:36,20,Male,Chhattisgarh,Undergarments,H&M,1,953,15,4,Yes
4/11/2025 21:36,58,Male,Uttar Pradesh,Formal Wear,Adidas,2,534,20,5,Yes
4/11/2025 21:36,32,Male,Karnataka,Ethnic Wear,Pantaloons,7,418,10,2,No
4/11/2025 21:36,59,Male,Bihar,Undergarments,Puma,3,879,15,2,Yes
4/11/2025 21:36,63,Female,Kerala,Jeans,Adidas,7,883,10,1,No
4/11/2025 21:36,36,Male,Bihar,Dresses,Zudio,5,816,20,1,No
4/11/2025 21:36,24,Male,Rajasthan,Suits,Pantaloons,7,887,10,1.5,Yes
4/11/2025 21:36,70,Male,Punjab,Skirts,Puma,7,539,15,5,Yes
4/11/2025 21:36,39,Male,Arunachal Pradesh,Activewear,H&M,4,664,20,4.5,Yes
4/11/2025 21:36,47,Female,Karnataka,Skirts,Nike,4,478,25,4,Yes
4/11/2025 21:36,53,Male,Uttarakhand,Formal Wear,Pantaloons,5,522,30,1.5,No
4/11/2025 21:36,34,Male,Andhra Pradesh,Skirts,Pantaloons,1,409,15,2,Yes
4/11/2025 21:36,36,Female,Manipur,Sweaters,Zudio,4,630,10,3,Yes
4/11/2025 21:36,50,Female,Bihar,Suits,Puma,1,879,15,3,No
4/11/2025 21:36,68,Female,Telangana,Sleepwear,Zudio,6,672,15,1,Yes
4/11/2025 21:36,20,Female,Punjab,Jackets,Raymond,6,747,10,4.5,No
4/11/2025 21:36,42,Female,Uttar Pradesh,Sweaters,Puma,5,633,30,2.5,No
4/11/2025 21:36,62,Male,Maharashtra,Suits,Adidas,2,904,15,2,No
4/11/2025 21:36,21,Female,Nagaland,Activewear,Pantaloons,2,680,15,2,No
4/11/2025 21:36,56,Male,Punjab,Dresses,Levie's,7,975,20,1,Yes
4/11/2025 21:36,59,Male,Telangana,Jackets,Levie's,6,675,10,2.5,Yes
4/11/2025 21:36,48,Female,West Bengal,Sleepwear,Pantaloons,7,406,20,1,No
4/11/2025 21:36,34,Female,Madhya Pradesh,Sleepwear,Puma,2,407,30,3.5,No
4/11/2025 21:36,27,Male,Himachal Pradesh,T-shirts,Levie's,4,707,30,2.5,No
4/11/2025 21:36,37,Male,Arunachal Pradesh,Shorts,Adidas,4,811,20,4,No
4/11/2025 21:36,36,Male,Meghalaya,Shorts,Pantaloons,6,665,20,1.5,Yes
4/11/2025 21:36,31,Female,Uttar Pradesh,Skirts,Pantaloons,5,955,30,3,No
4/11/2025 21:36,49,Male,Sikkim,Jackets,Pantaloons,1,906,20,1.5,Yes
4/11/2025 21:36,66,Female,Nagaland,Jackets,Nike,6,737,30,4.5,No
4/11/2025 21:36,48,Male,Meghalaya,Shirts,Nike,1,449,30,1,No
4/11/2025 21:36,25,Female,Nagaland,Skirts,H&M,5,885,10,5,Yes
4/11/2025 21:36,27,Male,Telangana,Activewear,Nike,4,986,30,4.5,No
4/11/2025 21:36,49,Female,Rajasthan,Undergarments,Pantaloons,4,957,30,3,No
4/11/2025 21:36,48,Male,Bihar,Activewear,Puma,7,822,25,3,Yes
4/11/2025 21:36,39,Female,Uttarakhand,T-shirts,Puma,6,821,15,3.5,No
4/11/2025 21:36,52,Male,Haryana,Sweaters,Puma,5,792,20,3.5,Yes
4/11/2025 21:36,67,Male,Uttarakhand,Skirts,Nike,7,594,15,4,No
4/11/2025 21:36,66,Male,Goa,Activewear,H&M,1,509,10,1.5,Yes
4/11/2025 21:36,35,Female,Rajasthan,Formal Wear,Nike,5,995,30,2,Yes
4/11/2025 21:36,59,Female,Assam,Activewear,Nike,4,963,30,2.5,Yes
4/11/2025 21:36,27,Female,Tripura,Formal Wear,Zudio,5,766,15,4.5,Yes
4/11/2025 21:36,26,Female,Punjab,Sweaters,Puma,4,795,10,1.5,No
4/11/2025 21:36,60,Male,Madhya Pradesh,Trousers,Levie's,5,845,30,1,Yes
4/11/2025 21:36,39,Male,Haryana,Activewear,Levie's,7,679,10,4,Yes
4/11/2025 21:36,33,Female,Rajasthan,Sleepwear,Puma,2,621,15,2.5,Yes
4/11/2025 21:36,67,Female,Andhra Pradesh,Activewear,Raymond,1,506,30,2.5,No
4/11/2025 21:36,40,Male,Himachal Pradesh,Trousers,Adidas,3,746,10,2.5,No
4/11/2025 21:36,45,Male,Chhattisgarh,Undergarments,Nike,3,819,20,1,Yes
4/11/2025 21:36,47,Male,Jharkhand,Shirts,Puma,5,752,20,3,Yes
4/11/2025 21:36,51,Male,Assam,Sleepwear,Adidas,6,476,20,4.5,No
4/11/2025 21:36,54,Female,Himachal Pradesh,Shorts,Levie's,3,607,30,5,Yes
4/11/2025 21:36,53,Female,Sikkim,Jeans,Raymond,6,895,15,4.5,No
4/11/2025 21:36,53,Female,Odisha,Undergarments,Puma,1,590,25,2,Yes
4/11/2025 21:36,70,Female,Uttarakhand,T-shirts,Nike,4,958,30,2.5,No
4/11/2025 21:36,42,Female,Assam,Sleepwear,Zudio,6,493,30,1.5,Yes
4/11/2025 21:36,30,Male,Uttar Pradesh,Dresses,Nike,2,590,15,1,No
4/11/2025 21:36,28,Male,Madhya Pradesh,Jackets,Zudio,5,684,20,4.5,No
4/11/2025 21:36,67,Male,Andhra Pradesh,Jeans,Levie's,4,617,20,4,Yes
4/11/2025 21:36,56,Female,Tripura,Sleepwear,Zudio,6,477,10,2.5,Yes
4/11/2025 21:36,56,Female,Arunachal Pradesh,Jeans,H&M,4,792,20,5,No
4/11/2025 21:36,25,Male,Assam,Undergarments,Raymond,6,644,25,4,Yes
4/11/2025 21:36,44,Male,Sikkim,T-shirts,Zudio,1,895,25,2.5,Yes
4/11/2025 21:36,33,Male,Odisha,Undergarments,Puma,6,789,15,1,No
4/11/2025 21:36,65,Male,Telangana,Jeans,H&M,4,987,10,2,No
4/11/2025 21:36,33,Female,Punjab,Shorts,Pantaloons,6,516,30,1,No
4/11/2025 21:36,63,Female,Maharashtra,Ethnic Wear,Levie's,6,867,30,4,Yes
4/11/2025 21:36,19,Female,Jharkhand,Shorts,Pantaloons,5,889,20,1,Yes
4/11/2025 21:36,44,Female,Rajasthan,Suits,Raymond,4,759,25,3,Yes
4/11/2025 21:36,50,Male,Bihar,Sleepwear,Levie's,6,413,15,5,Yes
4/11/2025 21:36,50,Female,Maharashtra,Jackets,Puma,6,768,15,4,Yes
4/11/2025 21:36,26,Male,Meghalaya,Jeans,Nike,1,569,10,4,No
4/11/2025 21:36,41,Male,Andhra Pradesh,Suits,Nike,4,772,20,3,No
4/11/2025 21:36,24,Female,Arunachal Pradesh,Shorts,Levie's,6,762,25,3.5,No
4/11/2025 21:36,54,Male,Odisha,Ethnic Wear,Pantaloons,7,686,30,3,No
4/11/2025 21:36,44,Male,Maharashtra,Sleepwear,Levie's,5,962,15,1,Yes
4/11/2025 21:36,59,Female,Jharkhand,Skirts,Adidas,2,437,20,3.5,Yes
4/11/2025 21:36,65,Female,Chhattisgarh,Skirts,Zudio,7,440,20,3.5,Yes
4/11/2025 21:36,48,Male,Arunachal Pradesh,Suits,Pantaloons,3,404,10,2.5,No
4/11/2025 21:36,30,Male,Bihar,Undergarments,Nike,4,734,30,3.5,Yes
4/11/2025 21:36,67,Male,Arunachal Pradesh,Ethnic Wear,Raymond,2,494,10,2,No
4/11/2025 21:36,59,Female,Odisha,Dresses,H&M,2,990,30,3.5,Yes
4/11/2025 21:36,52,Male,Goa,Shorts,Levie's,5,869,15,4.5,Yes
4/11/2025 21:36,32,Male,Andhra Pradesh,Ethnic Wear,Levie's,5,506,20,2,No
4/11/2025 21:36,68,Female,Haryana,Formal Wear,H&M,5,555,10,1,Yes
4/11/2025 21:36,32,Female,Tamil Nadu,Ethnic Wear,Puma,3,851,15,1,Yes
4/11/2025 21:36,34,Male,Madhya Pradesh,Trousers,Adidas,6,902,25,1,No
4/11/2025 21:36,32,Female,Tripura,T-shirts,Pantaloons,7,497,10,2,Yes
4/11/2025 21:36,39,Female,Punjab,T-shirts,Adidas,7,808,20,2,Yes
4/11/2025 21:36,47,Male,Haryana,Activewear,H&M,5,437,15,2,Yes
4/11/2025 21:36,56,Male,Goa,Activewear,Nike,5,621,10,4,Yes
4/11/2025 21:36,58,Male,Andhra Pradesh,Skirts,Nike,6,834,30,5,Yes
4/11/2025 21:36,35,Male,Himachal Pradesh,Sweaters,Levie's,3,469,20,2.5,Yes
4/11/2025 21:36,63,Female,Andhra Pradesh,Suits,Pantaloons,5,609,10,2.5,No
4/11/2025 21:36,27,Male,Chhattisgarh,Dresses,Zudio,7,566,20,2,Yes
4/11/2025 21:36,64,Male,Gujarat,Shirts,Raymond,6,454,20,3.5,Yes
4/11/2025 21:36,32,Male,Tripura,Shorts,Nike,1,517,15,4,Yes
4/11/2025 21:36,43,Male,Haryana,Formal Wear,Puma,7,599,10,4,Yes
4/11/2025 21:36,58,Female,Karnataka,Sleepwear,H&M,1,595,25,5,Yes
4/11/2025 21:36,30,Female,Mizoram,Shirts,Nike,3,599,20,1,No
4/11/2025 21:36,52,Female,Rajasthan,Shirts,Nike,5,483,15,2,No
4/11/2025 21:36,45,Male,Maharashtra,Jackets,Zudio,5,952,10,3.5,No
4/11/2025 21:36,69,Female,Mizoram,Sleepwear,Levie's,6,850,20,1.5,No
4/11/2025 21:36,25,Female,Jharkhand,Skirts,Zudio,1,951,20,1.5,Yes
4/11/2025 21:36,19,Male,Andhra Pradesh,Jeans,Nike,3,737,10,4.5,Yes
4/11/2025 21:36,21,Female,Haryana,Skirts,Pantaloons,1,550,10,1,No
4/11/2025 21:36,53,Female,Maharashtra,Dresses,Adidas,3,731,10,5,Yes
4/11/2025 21:36,69,Female,Tamil Nadu,Jeans,Levie's,1,601,20,3.5,No
4/11/2025 21:36,34,Female,Haryana,Formal Wear,H&M,7,716,15,5,Yes
4/11/2025 21:36,49,Male,Meghalaya,Sleepwear,Levie's,5,428,15,4,No
4/11/2025 21:36,33,Male,Tamil Nadu,Ethnic Wear,Nike,1,622,20,3,Yes
4/11/2025 21:36,65,Male,Telangana,Shirts,Pantaloons,4,441,15,1.5,No
4/11/2025 21:36,34,Male,Uttar Pradesh,Jackets,Nike,5,903,15,2.5,No
4/11/2025 21:36,25,Female,Karnataka,Suits,Levie's,6,827,10,2.5,No
4/11/2025 21:36,44,Male,Punjab,Jeans,Levie's,5,829,30,2,Yes
4/11/2025 21:36,57,Female,Uttarakhand,Jeans,Zudio,4,587,20,5,Yes
4/11/2025 21:36,29,Female,Kerala,Formal Wear,Raymond,3,537,20,2,No
4/11/2025 21:36,47,Female,Rajasthan,Jackets,Pantaloons,6,476,25,4.5,Yes
4/11/2025 21:36,50,Male,Kerala,Sleepwear,Nike,5,548,20,3.5,No
4/11/2025 21:36,43,Male,Assam,Sleepwear,Levie's,1,520,20,5,No
4/11/2025 21:36,48,Male,Odisha,Jackets,Raymond,7,928,20,1,No
4/11/2025 21:36,42,Male,Karnataka,Undergarments,Raymond,3,685,15,3,No
4/11/2025 21:36,53,Female,Tamil Nadu,Formal Wear,Nike,7,711,25,2,No
4/11/2025 21:36,62,Female,Telangana,Skirts,Levie's,3,630,10,4.5,No
4/11/2025 21:36,58,Female,Goa,Shirts,Raymond,5,896,10,1,Yes
4/11/2025 21:36,24,Female,Maharashtra,Sleepwear,Pantaloons,3,954,10,4.5,No
4/11/2025 21:36,47,Female,Maharashtra,Dresses,Raymond,3,600,20,3,Yes
4/11/2025 21:36,70,Female,Gujarat,Shirts,H&M,4,421,10,2,No
4/11/2025 21:36,66,Female,Mizoram,Formal Wear,Nike,1,909,15,4,Yes
4/11/2025 21:36,44,Male,Kerala,Jeans,H&M,3,551,30,1.5,Yes
4/11/2025 21:36,59,Male,Himachal Pradesh,T-shirts,Raymond,5,913,10,4.5,Yes
4/11/2025 21:36,20,Female,Odisha,Jackets,Nike,5,885,10,5,Yes
4/11/2025 21:36,21,Male,Arunachal Pradesh,Sweaters,Raymond,4,901,25,4.5,No
4/11/2025 21:36,44,Female,Sikkim,Activewear,Puma,5,648,10,3,No
4/11/2025 21:36,49,Female,Rajasthan,Undergarments,Raymond,6,890,30,2.5,No
4/11/2025 21:36,39,Female,West Bengal,Jackets,Pantaloons,4,910,25,2,No
4/11/2025 21:36,43,Male,Mizoram,Activewear,Adidas,3,579,25,3,No
4/11/2025 21:36,42,Female,Telangana,Dresses,Puma,2,958,20,4,No
4/11/2025 21:36,26,Female,Himachal Pradesh,Suits,H&M,4,727,25,2,No
4/11/2025 21:36,54,Female,Chhattisgarh,Shorts,Pantaloons,5,935,20,1.5,No
4/11/2025 21:36,70,Male,Odisha,Skirts,H&M,5,893,10,2.5,No
4/11/2025 21:36,58,Female,Mizoram,Trousers,Nike,4,975,10,1,No
4/11/2025 21:36,27,Female,Andhra Pradesh,Skirts,Zudio,3,513,30,3.5,Yes
4/11/2025 21:36,41,Female,Sikkim,Sleepwear,Raymond,7,735,20,1.5,No
4/11/2025 21:36,61,Male,Telangana,Dresses,Pantaloons,1,621,20,2,Yes
4/11/2025 21:36,34,Male,Tamil Nadu,Jackets,Levie's,2,916,25,2,No
4/11/2025 21:36,68,Female,Manipur,T-shirts,Raymond,6,936,10,2,Yes
4/11/2025 21:36,51,Male,Tamil Nadu,Sleepwear,Puma,1,512,30,3,No
4/11/2025 21:36,37,Female,Tripura,Undergarments,Puma,1,630,30,4.5,No
4/11/2025 21:36,31,Male,Rajasthan,Dresses,Adidas,5,845,10,3,No
4/11/2025 21:36,68,Female,Arunachal Pradesh,Skirts,Raymond,3,738,20,3,No
4/11/2025 21:36,24,Female,Jharkhand,Dresses,Nike,4,814,25,4,Yes
4/11/2025 21:36,58,Male,Jharkhand,Sweaters,Zudio,4,786,10,5,No
4/11/2025 21:36,67,Female,Mizoram,Trousers,Levie's,4,501,15,1,No
4/11/2025 21:36,28,Female,Maharashtra,Skirts,Puma,5,937,20,5,Yes
4/11/2025 21:36,66,Male,Chhattisgarh,Dresses,H&M,4,661,15,1.5,Yes
4/11/2025 21:36,36,Male,Rajasthan,Ethnic Wear,Nike,1,506,30,4.5,Yes
4/11/2025 21:36,57,Female,Himachal Pradesh,Suits,Zudio,1,573,25,3.5,Yes
4/11/2025 21:36,36,Male,Andhra Pradesh,Formal Wear,Pantaloons,3,912,15,4.5,Yes
4/11/2025 21:36,34,Male,Gujarat,Dresses,Pantaloons,6,930,20,4.5,Yes
4/11/2025 21:36,28,Female,Punjab,Undergarments,Raymond,7,747,25,4,Yes
4/11/2025 21:36,32,Male,Goa,Skirts,Adidas,5,696,10,3.5,Yes
4/11/2025 21:36,65,Male,Sikkim,Skirts,H&M,7,988,15,2,No
4/11/2025 21:36,41,Female,Tamil Nadu,Shorts,Puma,4,440,15,3.5,No
4/11/2025 21:36,35,Female,Tripura,Ethnic Wear,Adidas,7,495,20,5,No
4/11/2025 21:36,25,Female,Gujarat,Jeans,Adidas,1,794,10,5,No
4/11/2025 21:36,40,Male,Telangana,Jackets,Zudio,4,970,30,2.5,No
4/11/2025 21:36,49,Female,Tripura,Shirts,Adidas,3,648,30,1.5,Yes
4/11/2025 21:36,55,Male,Uttar Pradesh,Formal Wear,Levie's,5,620,25,3,No
4/11/2025 21:36,70,Female,Tamil Nadu,Jackets,Pantaloons,2,436,20,3,No
4/11/2025 21:36,18,Female,Andhra Pradesh,Shorts,Adidas,5,905,20,1,Yes
4/11/2025 21:36,66,Male,Maharashtra,Undergarments,Puma,3,520,10,4.5,Yes
4/11/2025 21:36,31,Male,Punjab,Skirts,H&M,4,946,15,4,No
4/11/2025 21:36,34,Female,Andhra Pradesh,Dresses,Nike,7,742,10,3,Yes
4/11/2025 21:36,36,Female,Sikkim,Ethnic Wear,Raymond,2,879,30,3.5,No
4/11/2025 21:36,24,Male,Sikkim,Shirts,Nike,1,443,15,4.5,Yes
4/11/2025 21:36,68,Male,Goa,Dresses,Zudio,5,715,30,2,No
4/11/2025 21:36,61,Female,Uttar Pradesh,Skirts,Pantaloons,3,794,20,3.5,No
4/11/2025 21:36,45,Male,Sikkim,Undergarments,Raymond,7,750,30,3,No
4/11/2025 21:36,61,Female,Kerala,Formal Wear,H&M,1,663,25,2.5,No
4/11/2025 21:36,52,Female,Mizoram,Sleepwear,Pantaloons,5,524,15,3,No
4/11/2025 21:36,64,Female,Manipur,Sleepwear,Adidas,5,465,15,4,Yes
4/11/2025 21:36,69,Female,Jharkhand,Jeans,Levie's,4,457,20,2,Yes
4/11/2025 21:36,45,Male,Telangana,Formal Wear,Adidas,4,879,25,3,Yes
4/11/2025 21:36,42,Male,Manipur,Trousers,Pantaloons,2,426,15,2.5,Yes
4/11/2025 21:36,56,Female,Bihar,T-shirts,H&M,1,969,30,1.5,Yes
4/11/2025 21:36,20,Male,Uttar Pradesh,T-shirts,H&M,2,850,10,2,No
4/11/2025 21:36,41,Male,Meghalaya,Formal Wear,H&M,5,873,20,1.5,No
4/11/2025 21:36,67,Female,Arunachal Pradesh,Shorts,Pantaloons,3,717,10,1.5,Yes
4/11/2025 21:36,24,Female,Punjab,Jackets,Levie's,6,823,25,4,No
4/11/2025 21:36,41,Male,Arunachal Pradesh,Suits,Adidas,3,665,25,2,Yes
4/11/2025 21:36,32,Male,Kerala,Skirts,Adidas,2,914,20,4.5,Yes
4/11/2025 21:36,42,Female,Bihar,Formal Wear,Nike,4,931,30,2.5,Yes
4/11/2025 21:36,45,Female,Madhya Pradesh,Sweaters,Adidas,5,818,10,2.5,Yes
4/11/2025 21:36,53,Male,Manipur,Dresses,Puma,2,701,15,1,Yes
4/11/2025 21:36,67,Male,Maharashtra,Suits,Nike,4,561,30,2,Yes
4/11/2025 21:36,29,Female,Meghalaya,Shirts,Raymond,1,800,25,1,Yes
4/11/2025 21:36,41,Female,Karnataka,T-shirts,Adidas,1,540,15,2,Yes
4/11/2025 21:36,67,Female,Kerala,T-shirts,Levie's,6,661,30,2.5,No
4/11/2025 21:36,57,Male,Telangana,Formal Wear,H&M,5,500,20,5,No
4/11/2025 21:36,54,Female,Punjab,Formal Wear,Nike,6,556,10,5,No
4/11/2025 21:36,63,Male,Kerala,Shorts,H&M,5,807,15,3.5,No
4/11/2025 21:36,67,Male,Goa,Shorts,Raymond,6,869,10,1,No
4/11/2025 21:36,40,Female,Rajasthan,Shorts,Adidas,4,723,30,2,No
4/11/2025 21:36,47,Male,Bihar,Activewear,Levie's,4,742,25,3,Yes
4/11/2025 21:36,56,Female,West Bengal,Shirts,H&M,6,769,30,2.5,No
4/11/2025 21:36,62,Male,Tripura,Suits,Raymond,3,598,10,4.5,No
4/11/2025 21:36,53,Female,Jharkhand,Skirts,Puma,6,439,10,4.5,Yes
4/11/2025 21:36,67,Male,Kerala,Trousers,Raymond,1,812,25,4,No
4/11/2025 21:36,46,Male,Uttar Pradesh,Jeans,Raymond,3,935,25,4.5,Yes
4/11/2025 21:36,54,Female,Rajasthan,T-shirts,Pantaloons,1,690,10,2,Yes
4/11/2025 21:36,30,Male,Rajasthan,Shorts,Levie's,2,636,15,1,Yes
4/11/2025 21:36,69,Female,Meghalaya,Ethnic Wear,H&M,7,531,30,2,Yes
4/11/2025 21:36,44,Female,Sikkim,Jackets,Raymond,6,757,10,3,Yes
4/11/2025 21:36,32,Female,Bihar,T-shirts,Puma,4,711,25,4,No
4/11/2025 21:36,34,Female,Rajasthan,Shorts,H&M,3,640,30,5,No
4/11/2025 21:36,19,Male,Uttarakhand,Dresses,Raymond,3,433,15,3.5,No
4/11/2025 21:36,36,Female,Madhya Pradesh,Jackets,H&M,3,648,15,1,No
4/11/2025 21:36,27,Female,Jharkhand,Ethnic Wear,Raymond,3,998,30,2.5,Yes
4/11/2025 21:36,70,Male,Jharkhand,Jeans,H&M,1,485,20,1.5,No
4/11/2025 21:36,33,Male,Rajasthan,Suits,Adidas,7,414,20,4.5,No
4/11/2025 21:36,56,Female,Meghalaya,Sweaters,Nike,6,842,30,1,Yes
4/11/2025 21:36,25,Female,Meghalaya,Activewear,Puma,7,705,30,1,No
4/11/2025 21:36,38,Female,Uttarakhand,Dresses,Puma,7,499,10,1,No
4/11/2025 21:36,19,Male,Karnataka,Sweaters,Nike,5,980,30,2,Yes
4/11/2025 21:36,36,Male,Rajasthan,Dresses,Puma,2,654,20,2.5,Yes
4/11/2025 21:36,69,Female,Tripura,Skirts,Pantaloons,5,902,15,5,No
4/11/2025 21:36,60,Male,Odisha,T-shirts,Nike,5,413,20,5,No
4/11/2025 21:36,21,Female,Mizoram,Undergarments,H&M,7,653,15,2,Yes
4/11/2025 21:36,63,Male,Uttar Pradesh,Sleepwear,Adidas,2,888,15,4,Yes
4/11/2025 21:36,42,Male,Nagaland,Shorts,H&M,7,820,20,1,No
4/11/2025 21:36,53,Female,Uttarakhand,Jackets,Raymond,1,879,20,4.5,Yes
4/11/2025 21:36,55,Male,Arunachal Pradesh,Shorts,Raymond,6,813,30,3,No
4/11/2025 21:36,57,Male,Goa,T-shirts,H&M,6,899,10,3,No
4/11/2025 21:36,56,Female,Mizoram,Shirts,H&M,5,406,15,2,No
4/11/2025 21:36,58,Male,Kerala,Dresses,Raymond,2,970,20,1.5,No
4/11/2025 21:36,61,Female,Mizoram,Activewear,Zudio,4,647,25,1,Yes
4/11/2025 21:36,65,Female,Odisha,T-shirts,Zudio,1,514,20,4,No
4/11/2025 21:36,39,Female,Sikkim,Sweaters,Puma,6,841,15,2.5,No
4/11/2025 21:36,64,Female,Haryana,Shorts,Raymond,4,821,15,4.5,No
4/11/2025 21:36,36,Female,Maharashtra,Shorts,Puma,4,809,25,3.5,No
4/11/2025 21:36,45,Female,Telangana,Dresses,H&M,7,791,15,2,Yes
4/11/2025 21:36,56,Male,Gujarat,Dresses,Levie's,6,892,30,2,Yes
4/11/2025 21:36,49,Male,Kerala,Sleepwear,Nike,6,425,15,3.5,Yes
4/11/2025 21:36,27,Female,Sikkim,Dresses,Pantaloons,2,928,30,1.5,Yes
4/11/2025 21:36,66,Male,Tamil Nadu,Formal Wear,Levie's,7,835,20,4.5,Yes
4/11/2025 21:36,66,Female,Tripura,Sweaters,Pantaloons,7,797,30,4,Yes
4/11/2025 21:36,70,Male,Assam,Skirts,Raymond,4,966,30,2,Yes
4/11/2025 21:36,39,Male,Meghalaya,Activewear,Adidas,1,512,10,2.5,Yes
4/11/2025 21:36,20,Female,Manipur,Suits,Raymond,3,484,20,4,Yes
4/11/2025 21:36,42,Female,Himachal Pradesh,Trousers,Levie's,3,562,30,3.5,No
4/11/2025 21:36,51,Male,Telangana,Formal Wear,Adidas,7,923,20,2,No
4/11/2025 21:36,41,Male,Maharashtra,Sleepwear,Adidas,5,670,25,2.5,No
4/11/2025 21:36,23,Male,Odisha,T-shirts,Raymond,1,644,15,3,No
4/11/2025 21:36,58,Male,Rajasthan,Dresses,Puma,7,707,20,5,No
4/11/2025 21:36,25,Male,Gujarat,Trousers,Zudio,2,412,10,1.5,No
4/11/2025 21:36,36,Male,Uttarakhand,Ethnic Wear,Nike,5,872,10,2.5,No
4/11/2025 21:36,41,Male,Tripura,Suits,Puma,2,748,25,1.5,No
4/11/2025 21:36,22,Male,West Bengal,Trousers,Raymond,6,633,10,2,No
4/11/2025 21:36,65,Female,Uttar Pradesh,Trousers,H&M,7,482,30,2.5,Yes
4/11/2025 21:36,30,Male,Uttar Pradesh,Trousers,Levie's,3,900,30,4,Yes
4/11/2025 21:36,37,Female,Andhra Pradesh,Undergarments,Nike,6,802,15,1,No
4/11/2025 21:36,20,Female,Odisha,Shorts,Puma,6,654,30,4.5,Yes
4/11/2025 21:36,23,Male,Gujarat,Skirts,Raymond,2,784,20,2.5,Yes
4/11/2025 21:36,59,Male,Gujarat,Dresses,Nike,6,621,10,1.5,No
4/11/2025 21:36,57,Male,Haryana,Jeans,Levie's,6,817,15,5,No
4/11/2025 21:36,45,Male,Punjab,Suits,Raymond,7,636,10,1.5,Yes
4/11/2025 21:36,61,Female,Andhra Pradesh,Jackets,H&M,6,913,25,5,No
4/11/2025 21:36,57,Female,Bihar,Ethnic Wear,H&M,4,574,30,4.5,Yes
4/11/2025 21:36,52,Male,Nagaland,Activewear,Nike,4,452,25,1,Yes
4/11/2025 21:36,67,Male,West Bengal,Jackets,Zudio,6,592,20,3.5,No
4/11/2025 21:36,52,Female,Kerala,T-shirts,Zudio,3,475,25,1.5,Yes
4/11/2025 21:36,67,Male,Punjab,Jeans,Adidas,2,752,30,4,No
4/11/2025 21:36,52,Male,Tripura,Jeans,Levie's,6,848,30,4,No
4/11/2025 21:36,39,Male,Karnataka,Activewear,Levie's,1,432,25,4.5,Yes
4/11/2025 21:36,62,Female,Odisha,Jeans,Raymond,6,963,20,4,Yes
4/11/2025 21:36,70,Female,Mizoram,Shorts,H&M,7,485,25,4.5,No
4/11/2025 21:36,52,Female,Meghalaya,Skirts,Puma,5,591,15,2.5,Yes
4/11/2025 21:36,53,Female,Uttarakhand,Jeans,Zudio,3,511,15,4,Yes
4/11/2025 21:36,46,Female,Assam,Shirts,Adidas,5,411,30,1,No
4/11/2025 21:36,43,Female,Tamil Nadu,Skirts,Pantaloons,2,749,25,1,No
4/11/2025 21:36,36,Female,Sikkim,Sleepwear,Raymond,1,996,30,1.5,Yes
4/11/2025 21:36,55,Female,West Bengal,Suits,H&M,1,689,25,2,No
4/11/2025 21:36,61,Male,Madhya Pradesh,Sleepwear,H&M,2,430,30,5,No
4/11/2025 21:36,63,Female,Arunachal Pradesh,Jeans,Puma,2,653,25,1.5,Yes
4/11/2025 21:36,52,Male,Gujarat,Trousers,Nike,5,563,10,2.5,No
4/11/2025 21:36,56,Male,Uttar Pradesh,Shorts,Pantaloons,1,740,30,3.5,No
4/11/2025 21:36,35,Female,Karnataka,Formal Wear,Puma,1,876,30,3.5,No
4/11/2025 21:36,28,Female,Mizoram,Shorts,H&M,2,497,25,5,No
4/11/2025 21:36,40,Female,Madhya Pradesh,Sweaters,Levie's,4,666,30,5,Yes
4/11/2025 21:36,25,Female,West Bengal,Suits,Pantaloons,5,421,25,1,Yes
4/11/2025 21:36,57,Female,Rajasthan,Sweaters,Levie's,1,627,25,4.5,Yes
4/11/2025 21:36,49,Female,Gujarat,Jackets,H&M,4,487,15,3.5,No
4/11/2025 21:36,18,Female,Haryana,Shorts,Nike,5,405,15,4.5,Yes
4/11/2025 21:36,53,Female,Bihar,Jackets,Levie's,3,845,15,2,Yes
4/11/2025 21:36,42,Female,Telangana,Activewear,Levie's,2,952,25,1.5,Yes
4/11/2025 21:36,56,Female,Uttar Pradesh,Suits,Adidas,6,662,20,2,Yes
4/11/2025 21:36,39,Female,Andhra Pradesh,Activewear,Zudio,7,872,20,3,Yes
4/11/2025 21:36,27,Female,Jharkhand,Ethnic Wear,H&M,7,728,30,3.5,No
4/11/2025 21:36,30,Female,Kerala,Undergarments,Pantaloons,5,573,20,2,Yes
4/11/2025 21:36,45,Female,Haryana,Formal Wear,Nike,5,711,10,1,Yes
4/11/2025 21:36,39,Female,Uttar Pradesh,Jeans,Nike,2,516,30,3.5,No
4/11/2025 21:36,70,Female,Telangana,Jackets,Raymond,4,602,30,4.5,Yes
4/11/2025 21:36,42,Female,Arunachal Pradesh,Sweaters,Adidas,7,542,30,3.5,Yes
4/11/2025 21:36,65,Male,Arunachal Pradesh,Trousers,H&M,5,689,15,3.5,Yes
4/11/2025 21:36,19,Male,Telangana,Undergarments,Nike,7,477,25,3.5,No
4/11/2025 21:36,64,Male,Meghalaya,Shorts,Adidas,6,863,15,1.5,Yes
4/11/2025 21:36,66,Female,Sikkim,Dresses,Puma,3,907,30,4,No
4/11/2025 21:36,33,Male,Uttarakhand,Suits,Zudio,1,983,10,3,No
4/11/2025 21:36,31,Female,Tamil Nadu,T-shirts,Pantaloons,6,630,25,1.5,No
4/11/2025 21:36,65,Female,Arunachal Pradesh,Shirts,H&M,1,851,10,3.5,No
4/11/2025 21:36,39,Female,Tripura,Sleepwear,H&M,7,982,10,3,No
4/11/2025 21:36,64,Female,Rajasthan,Jackets,Pantaloons,6,655,15,2.5,No
4/11/2025 21:36,32,Female,Goa,Jeans,Levie's,4,824,20,4.5,No
4/11/2025 21:36,44,Female,Uttar Pradesh,Dresses,Raymond,1,579,10,3,Yes
4/11/2025 21:36,23,Female,Punjab,Sweaters,Nike,7,534,25,5,Yes
4/11/2025 21:36,27,Male,Tamil Nadu,Suits,Pantaloons,7,804,10,2,Yes
4/11/2025 21:36,47,Male,Meghalaya,Sweaters,Puma,1,405,10,2,No
4/11/2025 21:36,46,Female,Karnataka,Skirts,Raymond,2,514,20,3,Yes
4/11/2025 21:36,24,Female,Kerala,T-shirts,H&M,4,632,20,2.5,Yes
4/11/2025 21:36,23,Male,Mizoram,Shirts,Levie's,6,909,30,4,Yes
4/11/2025 21:36,32,Female,Karnataka,T-shirts,Adidas,2,977,15,1.5,Yes
4/11/2025 21:36,58,Male,Nagaland,Sleepwear,Pantaloons,7,998,25,4.5,No
4/11/2025 21:36,52,Female,Maharashtra,Shorts,Raymond,2,629,15,1.5,No
4/11/2025 21:36,38,Male,Haryana,Undergarments,Levie's,3,920,15,4,Yes
4/11/2025 21:36,28,Male,Rajasthan,Sleepwear,H&M,2,724,30,2.5,Yes
4/11/2025 21:36,61,Female,Nagaland,Jackets,Nike,2,530,15,1,Yes
4/11/2025 21:36,49,Male,Gujarat,Skirts,Puma,1,594,30,3.5,No
4/11/2025 21:36,52,Female,Manipur,Shorts,Zudio,7,595,30,3,No
4/11/2025 21:36,51,Female,Maharashtra,Jeans,Raymond,5,669,10,3,Yes
4/11/2025 21:36,32,Female,Assam,Formal Wear,H&M,5,567,25,4,Yes
4/11/2025 21:36,33,Male,Karnataka,Dresses,Levie's,5,954,30,3.5,No
4/11/2025 21:36,70,Female,Himachal Pradesh,Undergarments,Levie's,5,772,25,3,No
4/11/2025 21:36,67,Female,Kerala,Sleepwear,Levie's,6,666,20,1.5,No
4/11/2025 21:36,30,Male,Uttar Pradesh,Formal Wear,Zudio,2,848,25,2.5,Yes
4/11/2025 21:36,70,Male,Uttarakhand,Shirts,H&M,3,640,15,3,No
4/11/2025 21:36,44,Female,Uttarakhand,Trousers,Raymond,3,810,10,1.5,No
4/11/2025 21:36,47,Female,Andhra Pradesh,Ethnic Wear,Nike,5,939,25,4.5,No
4/11/2025 21:36,38,Female,West Bengal,Activewear,Zudio,7,829,30,3.5,No
4/11/2025 21:36,50,Male,Telangana,Activewear,Puma,2,549,15,4.5,Yes
4/11/2025 21:36,46,Male,Odisha,Undergarments,Pantaloons,5,436,30,1.5,Yes
4/11/2025 21:36,45,Female,Punjab,Shirts,H&M,7,661,10,5,Yes
4/11/2025 21:36,23,Male,Arunachal Pradesh,Jeans,Puma,3,799,10,3.5,No
4/11/2025 21:36,39,Female,Odisha,Suits,Adidas,4,563,25,3.5,Yes
4/11/2025 21:36,24,Female,Odisha,Formal Wear,Zudio,3,489,10,2.5,Yes
4/11/2025 21:36,69,Male,Kerala,Sleepwear,H&M,2,479,10,1,Yes
4/11/2025 21:36,22,Female,Tamil Nadu,T-shirts,Levie's,4,631,20,2,No
4/11/2025 21:36,19,Male,Uttarakhand,Shirts,Levie's,7,1000,20,2,No
4/11/2025 21:36,60,Male,Manipur,Formal Wear,Puma,6,823,20,4,Yes
4/11/2025 21:36,26,Female,Arunachal Pradesh,Skirts,Pantaloons,7,411,30,4,Yes
4/11/2025 21:36,69,Female,Mizoram,Activewear,Raymond,7,794,25,2,Yes
4/11/2025 21:36,63,Female,Arunachal Pradesh,Dresses,Zudio,4,931,15,3,No
4/11/2025 21:36,45,Female,Rajasthan,Dresses,H&M,1,570,20,4,Yes
4/11/2025 21:36,66,Female,Chhattisgarh,Suits,Raymond,2,809,20,4,No
4/11/2025 21:36,53,Female,Maharashtra,Formal Wear,Levie's,6,724,30,3.5,No
4/11/2025 21:36,34,Female,Himachal Pradesh,Sweaters,Raymond,2,997,15,1.5,Yes
4/11/2025 21:36,66,Male,Meghalaya,Skirts,Nike,6,829,20,1,No
4/11/2025 21:36,21,Female,Kerala,Shirts,Adidas,1,914,30,5,No
4/11/2025 21:36,61,Male,Mizoram,Activewear,H&M,6,849,10,1,No
4/11/2025 21:36,53,Female,Tripura,Sleepwear,Puma,5,589,25,1.5,Yes
4/11/2025 21:36,33,Male,Karnataka,Shirts,Pantaloons,2,938,25,3.5,No
4/11/2025 21:36,23,Female,Uttar Pradesh,Sleepwear,H&M,7,960,15,4.5,No
4/11/2025 21:36,21,Female,Uttarakhand,T-shirts,Pantaloons,2,896,15,3,No
4/11/2025 21:36,56,Female,Uttarakhand,Shirts,Puma,3,772,30,4.5,No
4/11/2025 21:36,19,Female,Andhra Pradesh,Shirts,Puma,3,918,20,4.5,No
4/11/2025 21:36,28,Male,Telangana,Suits,H&M,1,709,30,4.5,No
4/11/2025 21:36,20,Female,Kerala,T-shirts,Nike,5,982,30,3.5,No
4/11/2025 21:36,57,Female,Haryana,Jackets,Zudio,7,459,20,1,Yes
4/11/2025 21:36,18,Female,West Bengal,Sleepwear,Adidas,6,807,20,2,No
4/11/2025 21:36,24,Female,Uttarakhand,Jackets,Nike,4,509,25,5,Yes
4/11/2025 21:36,43,Female,Tamil Nadu,Skirts,Adidas,7,571,30,1,No
4/11/2025 21:36,21,Male,Goa,Dresses,Pantaloons,6,477,30,4.5,Yes
4/11/2025 21:36,31,Female,Manipur,Shirts,H&M,2,998,25,3,Yes
4/11/2025 21:36,64,Male,Jharkhand,Formal Wear,Pantaloons,6,882,20,4.5,No
4/11/2025 21:36,65,Male,West Bengal,Trousers,H&M,3,448,25,3.5,No
4/11/2025 21:36,35,Male,Tamil Nadu,Jeans,Puma,4,604,10,1.5,Yes
4/11/2025 21:36,45,Female,Punjab,Skirts,Adidas,1,866,10,1,No
4/11/2025 21:36,44,Female,Karnataka,Activewear,H&M,1,616,15,3,Yes
4/11/2025 21:36,32,Female,Odisha,Dresses,Adidas,4,744,15,3.5,No
4/11/2025 21:36,47,Female,Meghalaya,Dresses,Raymond,6,913,25,1,No
4/11/2025 21:36,54,Female,Arunachal Pradesh,Sleepwear,Levie's,7,955,25,1.5,Yes
4/11/2025 21:36,29,Male,Chhattisgarh,Dresses,Raymond,4,882,10,5,Yes
4/11/2025 21:36,39,Male,Chhattisgarh,Trousers,Adidas,2,797,10,1,No
4/11/2025 21:36,26,Male,Tamil Nadu,Ethnic Wear,H&M,2,428,25,1.5,No
4/11/2025 21:36,18,Male,Meghalaya,Trousers,H&M,4,842,25,3,No
4/11/2025 21:36,67,Male,Meghalaya,Jackets,Adidas,6,556,15,3,Yes
4/11/2025 21:36,18,Female,Nagaland,Sleepwear,Nike,7,854,15,3,No
4/11/2025 21:36,40,Female,Bihar,Formal Wear,Zudio,2,907,20,1.5,Yes
4/11/2025 21:36,19,Female,Bihar,Shirts,Pantaloons,2,666,20,3.5,Yes
4/11/2025 21:36,47,Female,Arunachal Pradesh,Dresses,Zudio,3,812,25,1.5,Yes
4/11/2025 21:36,47,Female,Haryana,Jackets,Levie's,5,723,10,1,Yes
4/11/2025 21:36,27,Male,Rajasthan,Dresses,Zudio,6,637,30,3.5,Yes
4/11/2025 21:36,27,Male,Jharkhand,Sweaters,Pantaloons,5,552,25,1.5,No
4/11/2025 21:36,23,Female,Karnataka,Sweaters,Raymond,6,666,30,4,Yes
4/11/2025 21:36,18,Male,Himachal Pradesh,Activewear,Nike,2,747,15,2.5,No
4/11/2025 21:36,20,Female,Gujarat,Sweaters,Puma,7,937,20,4,No
4/11/2025 21:36,23,Female,Karnataka,Activewear,H&M,7,962,15,1.5,Yes
4/11/2025 21:36,45,Female,Mizoram,Suits,Levie's,3,863,20,3,No
4/11/2025 21:36,58,Female,Punjab,Sweaters,Levie's,1,851,10,4.5,No
4/11/2025 21:36,34,Female,Maharashtra,Trousers,Adidas,5,803,30,2,Yes
4/11/2025 21:36,36,Female,Karnataka,Jeans,Puma,3,840,15,2,No
4/11/2025 21:36,39,Male,Uttarakhand,T-shirts,Raymond,6,910,10,2.5,No
4/11/2025 21:36,59,Female,Chhattisgarh,Shirts,Nike,3,712,20,2.5,Yes
4/11/2025 21:36,46,Female,Kerala,Activewear,Raymond,2,613,30,1,Yes
4/11/2025 21:36,54,Male,Arunachal Pradesh,Suits,Nike,7,907,30,1,No
4/11/2025 21:36,55,Male,Tripura,Sleepwear,Nike,6,533,15,1.5,Yes
4/11/2025 21:36,59,Female,Assam,Skirts,Pantaloons,7,969,25,2.5,No
4/11/2025 21:36,52,Female,Mizoram,Trousers,Adidas,1,491,30,1.5,No
4/11/2025 21:36,21,Male,West Bengal,T-shirts,Pantaloons,2,507,20,5,No
4/11/2025 21:36,59,Male,Telangana,Shirts,Levie's,7,466,15,1,Yes
4/11/2025 21:36,24,Male,Punjab,Activewear,Levie's,3,910,30,2.5,No
4/11/2025 21:36,22,Female,Uttarakhand,Formal Wear,Nike,7,978,30,5,No
4/11/2025 21:36,46,Female,Himachal Pradesh,Shirts,Nike,5,506,10,3,Yes
4/11/2025 21:36,49,Male,Gujarat,Shorts,Nike,5,521,15,1,Yes
4/11/2025 21:36,53,Female,Assam,Activewear,Nike,5,544,10,2,No
4/11/2025 21:36,40,Female,West Bengal,Sleepwear,Nike,3,797,10,2.5,No
4/11/2025 21:36,64,Male,Uttar Pradesh,T-shirts,H&M,3,923,15,4,No
4/11/2025 21:36,28,Male,Meghalaya,T-shirts,Raymond,1,554,20,5,No
4/11/2025 21:36,59,Male,Telangana,Sweaters,Pantaloons,6,792,25,3,No
4/11/2025 21:36,50,Female,Jharkhand,Dresses,Zudio,3,656,25,1.5,Yes
4/11/2025 21:36,70,Male,West Bengal,Dresses,H&M,4,448,25,2,No
4/11/2025 21:36,59,Female,Bihar,Activewear,Pantaloons,6,445,20,4.5,Yes
4/11/2025 21:36,40,Female,Odisha,Trousers,Levie's,7,471,10,5,No
4/11/2025 21:36,63,Female,Odisha,Formal Wear,H&M,2,947,25,3,Yes
4/11/2025 21:36,18,Female,Tamil Nadu,Sleepwear,Adidas,4,814,20,2.5,Yes
4/11/2025 21:36,70,Male,Jharkhand,T-shirts,Nike,5,507,15,2.5,Yes
4/11/2025 21:36,57,Male,Bihar,Suits,Nike,4,618,30,2.5,No
4/11/2025 21:36,22,Male,Sikkim,Sleepwear,Puma,7,639,15,4.5,Yes
4/11/2025 21:36,28,Male,Telangana,Dresses,Zudio,6,862,25,1,Yes
4/11/2025 21:36,19,Female,Nagaland,Ethnic Wear,Puma,3,462,30,4,Yes
4/11/2025 21:36,19,Female,Assam,Ethnic Wear,Levie's,5,409,25,5,Yes
4/11/2025 21:36,37,Female,Kerala,T-shirts,H&M,1,966,20,1.5,No
4/11/2025 21:36,37,Male,Goa,Jeans,H&M,2,496,10,2,Yes
4/11/2025 21:36,42,Female,Madhya Pradesh,Jackets,Raymond,4,458,25,5,No
4/11/2025 21:36,61,Female,Punjab,Suits,Raymond,5,975,15,2,No
4/11/2025 21:36,32,Female,Uttarakhand,Sweaters,Puma,3,775,25,2,No
4/11/2025 21:36,28,Female,Nagaland,Ethnic Wear,Zudio,5,831,15,4,No
4/11/2025 21:36,53,Female,Tripura,Shorts,H&M,4,528,15,2.5,Yes
4/11/2025 21:36,24,Female,Rajasthan,Undergarments,Zudio,7,864,10,4.5,Yes
4/11/2025 21:36,19,Female,Himachal Pradesh,Sweaters,Pantaloons,5,966,15,1.5,No
4/11/2025 21:36,52,Female,Mizoram,Activewear,Puma,4,951,25,5,No
4/11/2025 21:36,30,Male,Gujarat,Dresses,Pantaloons,4,587,25,5,Yes
4/11/2025 21:36,34,Female,Gujarat,Sleepwear,Pantaloons,3,986,20,3,Yes
4/11/2025 21:36,27,Female,Andhra Pradesh,Suits,Nike,7,915,15,1,No
4/11/2025 21:36,32,Male,Maharashtra,Ethnic Wear,Nike,7,412,25,3,No
4/11/2025 21:36,33,Male,Assam,Jeans,Levie's,2,705,20,4.5,Yes
4/11/2025 21:36,58,Female,Tamil Nadu,Shorts,Puma,1,592,15,2.5,Yes
4/11/2025 21:36,18,Male,Chhattisgarh,Formal Wear,Levie's,6,572,15,4.5,Yes
4/11/2025 21:36,34,Male,Tamil Nadu,Sleepwear,H&M,7,612,25,3,No
4/11/2025 21:36,29,Female,Rajasthan,Sleepwear,Puma,2,400,30,2.5,Yes
4/11/2025 21:36,19,Male,Bihar,Shirts,Puma,5,816,10,1.5,Yes
4/11/2025 21:36,50,Male,Nagaland,Skirts,Zudio,3,921,20,1,Yes
4/11/2025 21:36,30,Male,Bihar,Trousers,Pantaloons,6,664,20,2,No
4/11/2025 21:36,69,Female,Rajasthan,Skirts,Puma,7,547,10,4.5,No
4/11/2025 21:36,39,Male,Andhra Pradesh,Sweaters,Zudio,5,880,30,3,No
4/11/2025 21:36,61,Female,Uttar Pradesh,Shorts,Nike,7,674,15,2,No
4/11/2025 21:36,42,Female,Sikkim,Ethnic Wear,Adidas,7,811,15,4,No
4/11/2025 21:36,44,Female,Jharkhand,Ethnic Wear,Zudio,2,522,10,2,Yes
4/11/2025 21:36,66,Female,West Bengal,Formal Wear,Raymond,3,845,30,2.5,No
4/11/2025 21:36,40,Female,Madhya Pradesh,Suits,Raymond,6,569,25,2.5,Yes
4/11/2025 21:36,44,Female,Andhra Pradesh,Activewear,Nike,3,920,25,1.5,No
4/11/2025 21:36,66,Female,Nagaland,Formal Wear,Zudio,3,613,30,1,No
4/11/2025 21:36,51,Female,Himachal Pradesh,Dresses,Adidas,7,852,10,1.5,Yes
4/11/2025 21:36,26,Male,Meghalaya,Undergarments,Pantaloons,1,430,10,1.5,Yes
4/11/2025 21:36,54,Male,Arunachal Pradesh,Sleepwear,Adidas,4,829,25,4.5,No
4/11/2025 21:36,20,Female,Karnataka,Sweaters,H&M,4,405,10,4.5,Yes
4/11/2025 21:36,59,Male,Uttar Pradesh,Undergarments,Levie's,5,744,30,1,Yes
4/11/2025 21:36,58,Female,Tamil Nadu,Shorts,Pantaloons,7,959,20,3,No
4/11/2025 21:36,43,Male,Uttarakhand,Activewear,Adidas,2,521,30,4,Yes
4/11/2025 21:36,61,Male,Andhra Pradesh,Jeans,Levie's,6,800,20,3,No
4/11/2025 21:36,32,Male,Telangana,Shirts,Nike,2,880,25,2.5,No
4/11/2025 21:36,34,Male,Manipur,Activewear,Adidas,2,774,30,4.5,No
4/11/2025 21:36,66,Female,Karnataka,Jackets,Levie's,6,548,10,2.5,Yes
4/11/2025 21:36,37,Male,Jharkhand,Sleepwear,Nike,4,593,10,2,No
4/11/2025 21:36,35,Male,Sikkim,Sweaters,H&M,7,624,20,3,No
4/11/2025 21:36,27,Female,Haryana,Jeans,Levie's,6,775,25,4.5,Yes
4/11/2025 21:36,32,Female,Sikkim,Sweaters,Nike,1,815,15,5,Yes
4/11/2025 21:36,34,Female,Madhya Pradesh,Shirts,Pantaloons,4,931,30,5,Yes
4/11/2025 21:36,24,Female,Meghalaya,Undergarments,Adidas,1,907,25,1,Yes
4/11/2025 21:36,23,Male,Mizoram,Dresses,Zudio,5,870,10,1.5,No
4/11/2025 21:36,18,Male,Arunachal Pradesh,Shorts,Adidas,3,458,25,5,Yes
4/11/2025 21:36,56,Male,Madhya Pradesh,T-shirts,Nike,2,420,25,4,Yes
4/11/2025 21:36,67,Female,Uttarakhand,Trousers,Adidas,4,582,30,4,No
4/11/2025 21:36,44,Male,Punjab,T-shirts,Nike,4,646,20,1,Yes
4/11/2025 21:36,50,Male,Sikkim,Skirts,Puma,6,488,10,1.5,No
4/11/2025 21:36,38,Female,Karnataka,Trousers,Zudio,2,750,10,3,No
4/11/2025 21:36,25,Female,Uttar Pradesh,Sleepwear,Zudio,1,924,25,2.5,No
4/11/2025 21:36,22,Male,Manipur,Skirts,Raymond,6,585,10,4,No
4/11/2025 21:36,35,Female,Maharashtra,Trousers,H&M,2,998,30,4,Yes
4/11/2025 21:36,36,Female,Chhattisgarh,Activewear,Zudio,4,526,30,3.5,Yes
4/11/2025 21:36,45,Male,Odisha,Shorts,Raymond,4,948,10,3.5,No
4/11/2025 21:36,18,Female,Andhra Pradesh,Dresses,Raymond,4,861,30,5,Yes
4/11/2025 21:36,58,Female,Haryana,Undergarments,Pantaloons,5,444,25,3,No
4/11/2025 21:36,45,Male,Uttarakhand,Jackets,H&M,3,565,25,1,Yes
4/11/2025 21:36,25,Male,Haryana,Skirts,Levie's,6,917,25,5,Yes
4/11/2025 21:36,56,Male,Assam,Jeans,Puma,3,787,25,4.5,No
4/11/2025 21:36,52,Male,Jharkhand,Sweaters,Raymond,6,664,10,3.5,Yes
4/11/2025 21:36,32,Female,West Bengal,Jackets,H&M,3,930,30,1.5,No
4/11/2025 21:36,36,Female,Odisha,Shirts,Adidas,1,534,20,2.5,No
4/11/2025 21:36,48,Female,Mizoram,Dresses,Nike,1,995,25,1,No
4/11/2025 21:36,54,Male,Andhra Pradesh,T-shirts,H&M,5,488,25,1,Yes
4/11/2025 21:36,27,Male,Bihar,Ethnic Wear,Nike,7,715,15,1,Yes
4/11/2025 21:36,21,Male,Nagaland,Trousers,Raymond,4,962,25,4.5,No
4/11/2025 21:36,68,Female,Gujarat,Formal Wear,Adidas,5,867,15,1.5,No
4/11/2025 21:36,44,Male,Kerala,Skirts,Puma,1,855,15,1,No
4/11/2025 21:36,44,Male,Rajasthan,Ethnic Wear,Pantaloons,3,649,10,5,No
4/11/2025 21:36,59,Female,Karnataka,Sleepwear,Nike,6,665,15,4.5,No
4/11/2025 21:36,64,Female,Tripura,Shorts,Levie's,5,958,20,4,No
4/11/2025 21:36,38,Female,Nagaland,Undergarments,Nike,5,428,15,3.5,Yes
4/11/2025 21:36,38,Female,Haryana,Trousers,Nike,5,885,25,3.5,Yes
4/11/2025 21:36,51,Male,Madhya Pradesh,T-shirts,Puma,2,542,30,5,Yes
4/11/2025 21:36,26,Male,Meghalaya,Formal Wear,Pantaloons,4,642,25,2.5,Yes
4/11/2025 21:36,45,Female,Jharkhand,Jackets,Zudio,7,748,25,2.5,No
4/11/2025 21:36,69,Female,Punjab,Skirts,Levie's,6,863,10,2.5,No
4/11/2025 21:36,27,Female,Himachal Pradesh,Suits,Levie's,6,696,15,1,Yes
4/11/2025 21:36,52,Male,Sikkim,Jackets,Raymond,7,600,25,1.5,Yes
4/11/2025 21:36,36,Male,Gujarat,Activewear,Pantaloons,5,626,20,2.5,Yes
4/11/2025 21:36,44,Male,Gujarat,Jeans,Pantaloons,1,478,25,3.5,Yes
4/11/2025 21:36,62,Female,Tamil Nadu,Sleepwear,Adidas,2,778,30,2,Yes
4/11/2025 21:36,57,Female,Chhattisgarh,Formal Wear,H&M,4,732,20,4.5,No
4/11/2025 21:36,57,Male,Karnataka,Shorts,Raymond,4,628,20,4.5,Yes
4/11/2025 21:36,24,Female,Uttar Pradesh,Trousers,Puma,4,586,15,3.5,No
4/11/2025 21:36,45,Male,Tamil Nadu,Shirts,Adidas,3,925,20,5,No
4/11/2025 21:36,42,Female,Andhra Pradesh,Ethnic Wear,Zudio,6,767,10,4.5,No
4/11/2025 21:36,54,Male,Meghalaya,Skirts,H&M,7,541,15,2.5,No
4/11/2025 21:36,68,Female,Madhya Pradesh,Ethnic Wear,H&M,7,662,30,1,No
4/11/2025 21:36,41,Female,Telangana,Jeans,Adidas,3,877,10,5,Yes
4/11/2025 21:36,63,Male,Arunachal Pradesh,Skirts,H&M,5,873,25,1,Yes
4/11/2025 21:36,57,Male,Haryana,Jackets,H&M,7,593,10,4,Yes
4/11/2025 21:36,68,Female,Madhya Pradesh,Shorts,Adidas,6,758,10,3.5,No
4/11/2025 21:36,40,Female,Kerala,Suits,Levie's,1,477,15,5,No
4/11/2025 21:36,62,Female,Goa,Trousers,Puma,1,685,10,2.5,No
4/11/2025 21:36,56,Male,Manipur,Sleepwear,H&M,7,804,15,5,No
4/11/2025 21:36,33,Female,Andhra Pradesh,Jeans,Nike,3,653,15,2,Yes
4/11/2025 21:36,65,Male,Madhya Pradesh,Shorts,Raymond,1,768,30,1.5,No
4/11/2025 21:36,37,Female,Jharkhand,T-shirts,Raymond,7,894,10,1,No
4/11/2025 21:36,33,Female,Manipur,Suits,Raymond,1,699,25,4.5,No
4/11/2025 21:36,21,Male,Sikkim,Activewear,Adidas,4,830,25,4,Yes
4/11/2025 21:36,70,Female,Punjab,Ethnic Wear,Raymond,7,578,30,1,Yes
4/11/2025 21:36,41,Male,Bihar,Shorts,Levie's,4,797,10,2.5,Yes
4/11/2025 21:36,28,Female,Uttarakhand,Suits,Nike,6,440,25,4.5,No
4/11/2025 21:36,46,Female,Nagaland,Ethnic Wear,Raymond,1,973,15,4.5,Yes
4/11/2025 21:36,47,Female,West Bengal,Jackets,Raymond,7,732,10,2,No
4/11/2025 21:36,68,Female,Meghalaya,Suits,H&M,3,753,25,2.5,Yes
4/11/2025 21:36,68,Male,West Bengal,Sleepwear,Zudio,3,705,15,1.5,No
4/11/2025 21:36,66,Female,Rajasthan,Activewear,Zudio,2,913,20,2,No
4/11/2025 21:36,25,Female,Punjab,Formal Wear,Levie's,3,682,15,4.5,No
4/11/2025 21:36,39,Female,Gujarat,Formal Wear,Zudio,1,556,10,4,No
4/11/2025 21:36,20,Female,Assam,Formal Wear,Levie's,5,488,30,5,Yes
4/11/2025 21:36,64,Female,Goa,Sleepwear,Nike,1,619,20,1.5,Yes
4/11/2025 21:36,27,Female,Haryana,T-shirts,Puma,1,510,20,2.5,Yes
4/11/2025 21:36,51,Female,Uttar Pradesh,Sleepwear,Pantaloons,1,623,30,5,Yes
4/11/2025 21:36,68,Male,Madhya Pradesh,Skirts,Nike,6,668,30,2,No
4/11/2025 21:36,66,Male,Mizoram,Ethnic Wear,Raymond,4,851,20,3,Yes
4/11/2025 21:36,70,Female,Maharashtra,Shorts,Nike,3,601,25,4,No
4/11/2025 21:36,57,Male,Tamil Nadu,Dresses,Levie's,2,814,10,3.5,No
4/11/2025 21:36,51,Female,Jharkhand,Activewear,Puma,3,932,15,1.5,Yes
4/11/2025 21:36,26,Female,Rajasthan,Skirts,Puma,5,987,25,3.5,No
4/11/2025 21:36,18,Female,Assam,Formal Wear,Puma,1,854,30,4.5,Yes
4/11/2025 21:36,43,Female,Tamil Nadu,Jackets,H&M,7,823,25,4.5,Yes
4/11/2025 21:36,46,Male,Uttarakhand,Sleepwear,Zudio,1,838,30,3,Yes
4/11/2025 21:36,38,Female,Meghalaya,Skirts,Nike,4,514,25,1.5,No
4/11/2025 21:36,63,Male,Goa,Undergarments,Pantaloons,3,813,15,2,Yes
4/11/2025 21:36,62,Female,Meghalaya,Undergarments,Pantaloons,6,950,25,1.5,No
4/11/2025 21:36,67,Male,Meghalaya,Ethnic Wear,Adidas,2,986,10,2,No
4/11/2025 21:36,40,Female,Gujarat,Dresses,Adidas,4,755,30,1,Yes
4/11/2025 21:36,28,Male,Uttarakhand,Sweaters,Levie's,6,511,30,3.5,Yes
4/11/2025 21:36,68,Male,Sikkim,Sleepwear,Adidas,3,800,30,5,Yes
4/11/2025 21:36,19,Male,Maharashtra,Undergarments,Puma,2,794,20,3,No
4/11/2025 21:36,59,Female,Punjab,Activewear,Zudio,1,635,10,3.5,No
4/11/2025 21:36,49,Male,West Bengal,T-shirts,Puma,3,519,15,3.5,No
4/11/2025 21:36,55,Male,Madhya Pradesh,Sweaters,Adidas,7,557,15,4,No
4/11/2025 21:36,55,Male,Nagaland,Jeans,Zudio,3,702,15,5,No
4/11/2025 21:36,22,Female,Arunachal Pradesh,Suits,Nike,2,682,25,2,Yes
4/11/2025 21:36,69,Female,Goa,Skirts,H&M,3,941,25,5,No
4/11/2025 21:36,35,Male,Tamil Nadu,T-shirts,Adidas,2,641,10,1,No
4/11/2025 21:36,49,Male,Bihar,Dresses,Puma,6,715,20,1,Yes
4/11/2025 21:36,36,Female,Odisha,Ethnic Wear,Adidas,7,904,30,3,No
4/11/2025 21:36,26,Male,Uttar Pradesh,Sleepwear,Nike,5,505,20,1,No
4/11/2025 21:36,21,Male,Tamil Nadu,Sleepwear,H&M,2,552,20,4.5,Yes
4/11/2025 21:36,32,Male,Rajasthan,Jackets,Levie's,3,472,25,3.5,No
4/11/2025 21:36,47,Female,Manipur,Activewear,Pantaloons,5,683,10,2.5,No
4/11/2025 21:36,26,Female,Tamil Nadu,Sleepwear,Puma,1,642,20,4,No
4/11/2025 21:36,63,Female,Mizoram,Dresses,Adidas,1,853,10,1,No
4/11/2025 21:36,37,Female,Sikkim,Sleepwear,H&M,7,517,25,4.5,Yes
4/11/2025 21:36,46,Male,Manipur,Skirts,Raymond,3,948,15,3,No
4/11/2025 21:36,61,Female,Andhra Pradesh,Sleepwear,Zudio,6,481,30,3,Yes
4/11/2025 21:36,58,Male,Goa,Shorts,Raymond,2,708,15,2.5,No
4/11/2025 21:36,69,Male,Uttar Pradesh,Trousers,Pantaloons,5,471,15,1,No
4/11/2025 21:36,69,Male,Himachal Pradesh,Jeans,Nike,4,717,30,4,No
4/11/2025 21:36,60,Male,Manipur,Shorts,Zudio,5,507,25,2,No
4/11/2025 21:36,36,Male,Uttarakhand,Trousers,Pantaloons,4,713,20,5,Yes
4/11/2025 21:36,58,Female,Odisha,Jackets,H&M,1,567,15,1.5,No
4/11/2025 21:36,31,Male,Himachal Pradesh,Activewear,Puma,7,604,15,3,No
4/11/2025 21:36,27,Male,Sikkim,Formal Wear,Adidas,1,673,15,1,No
4/11/2025 21:36,30,Male,Madhya Pradesh,Shirts,Zudio,4,618,30,1.5,No
4/11/2025 21:36,60,Female,Manipur,Suits,Pantaloons,5,426,20,5,Yes
4/11/2025 21:36,42,Female,Jharkhand,Dresses,Puma,7,924,15,3.5,No
4/11/2025 21:36,51,Female,Tripura,Jackets,H&M,2,559,20,4.5,Yes
4/11/2025 21:36,43,Male,Punjab,Skirts,Raymond,3,997,25,1.5,Yes
4/11/2025 21:36,25,Female,Rajasthan,Skirts,Puma,1,577,10,4,Yes
4/11/2025 21:36,64,Female,Meghalaya,Sleepwear,Raymond,4,866,30,2.5,Yes
4/11/2025 21:36,33,Male,Madhya Pradesh,Undergarments,Levie's,7,513,15,4.5,No
4/11/2025 21:36,27,Female,Sikkim,Jeans,Nike,7,511,30,4.5,Yes
4/11/2025 21:36,49,Female,Uttarakhand,Formal Wear,Levie's,5,860,20,3,Yes
4/11/2025 21:36,47,Female,Odisha,T-shirts,H&M,3,441,10,5,No
4/11/2025 21:36,70,Female,Andhra Pradesh,Suits,H&M,4,433,20,4.5,Yes
4/11/2025 21:36,63,Female,Himachal Pradesh,Jackets,Puma,3,661,25,1,No
4/11/2025 21:36,64,Male,Bihar,Activewear,Puma,1,513,25,1,No
4/11/2025 21:36,62,Male,Assam,Formal Wear,Raymond,4,778,30,1.5,Yes
4/11/2025 21:36,51,Female,Mizoram,Shirts,Levie's,5,559,20,3.5,No
4/11/2025 21:36,31,Male,Telangana,Formal Wear,Adidas,6,854,20,3,No
4/11/2025 21:36,54,Female,Maharashtra,Jeans,Pantaloons,5,847,20,4.5,No
4/11/2025 21:36,46,Male,Gujarat,Dresses,Levie's,2,833,10,1,No
4/11/2025 21:36,31,Male,Tamil Nadu,Shorts,Zudio,1,897,25,2.5,No
4/11/2025 21:36,24,Male,Manipur,Jeans,Puma,4,612,20,5,Yes
4/11/2025 21:36,26,Female,Odisha,Suits,Nike,1,699,25,3,No
4/11/2025 21:36,49,Male,Arunachal Pradesh,Sweaters,Raymond,7,480,15,3.5,No
4/11/2025 21:36,35,Female,Goa,Sweaters,Raymond,4,725,10,5,Yes
4/11/2025 21:36,49,Male,Maharashtra,Shirts,Nike,4,557,25,3,Yes
4/11/2025 21:36,69,Female,Rajasthan,Suits,Pantaloons,7,487,30,2,Yes
4/11/2025 21:36,26,Female,Chhattisgarh,Shirts,Nike,7,670,25,3,Yes
4/11/2025 21:36,64,Male,Rajasthan,Jackets,Nike,6,625,20,1,No
4/11/2025 21:36,40,Female,Mizoram,Trousers,H&M,5,784,30,2.5,Yes
4/11/2025 21:36,50,Male,Uttarakhand,Jackets,H&M,3,674,15,2,Yes
4/11/2025 21:36,63,Male,Maharashtra,Jackets,H&M,5,560,10,4.5,Yes
4/11/2025 21:36,67,Male,Uttarakhand,Sleepwear,Pantaloons,2,722,25,4,Yes
4/11/2025 21:36,30,Female,Andhra Pradesh,Sweaters,Zudio,1,766,10,4.5,Yes
4/11/2025 21:36,51,Male,Odisha,Undergarments,Levie's,5,674,15,3.5,Yes
4/11/2025 21:36,54,Male,Mizoram,T-shirts,Puma,5,954,20,2,No
4/11/2025 21:36,55,Male,Kerala,Dresses,Puma,4,611,15,1,No
4/11/2025 21:36,28,Male,Bihar,Skirts,Raymond,2,513,15,1,No
4/11/2025 21:36,46,Male,Haryana,Formal Wear,Nike,2,740,25,3.5,No
4/11/2025 21:36,29,Male,Uttarakhand,Shirts,Puma,5,612,25,1.5,No
4/11/2025 21:36,65,Male,Madhya Pradesh,Ethnic Wear,Raymond,5,669,20,1,No
4/11/2025 21:36,28,Male,Rajasthan,Sleepwear,Nike,6,850,20,4.5,No
4/11/2025 21:36,44,Female,Jharkhand,Shorts,Raymond,1,592,30,4.5,No
4/11/2025 21:36,18,Male,Tripura,Dresses,Puma,4,867,20,4,No
4/11/2025 21:36,35,Male,Manipur,Undergarments,H&M,2,681,10,1,No
4/11/2025 21:36,54,Female,Madhya Pradesh,Shirts,Zudio,3,486,30,3.5,Yes
4/11/2025 21:36,42,Female,Assam,Sweaters,Levie's,7,773,30,4.5,Yes
4/11/2025 21:36,52,Male,Punjab,Trousers,Zudio,6,614,10,3,No
4/11/2025 21:36,64,Female,Sikkim,Activewear,H&M,3,640,15,3.5,No
4/11/2025 21:36,41,Female,Arunachal Pradesh,Suits,Zudio,6,819,10,4,Yes
4/11/2025 21:36,21,Male,Maharashtra,Ethnic Wear,Raymond,7,766,25,4.5,No
4/11/2025 21:36,25,Female,Arunachal Pradesh,Sweaters,Zudio,1,605,10,5,Yes
4/11/2025 21:36,70,Female,Sikkim,Formal Wear,H&M,2,969,10,4.5,Yes
4/11/2025 21:36,30,Male,Madhya Pradesh,Shirts,Levie's,2,959,15,1.5,Yes
4/11/2025 21:36,70,Male,Kerala,Jackets,Nike,5,612,30,2.5,Yes
4/11/2025 21:36,61,Female,Manipur,Undergarments,Levie's,3,540,15,1,Yes
4/11/2025 21:36,42,Female,Bihar,Jackets,Pantaloons,1,980,15,4.5,No
4/11/2025 21:36,69,Female,Punjab,Trousers,Zudio,6,985,30,5,No
4/11/2025 21:36,54,Male,Mizoram,Jackets,Levie's,4,974,25,2.5,No
4/11/2025 21:36,63,Female,Uttar Pradesh,Shirts,Pantaloons,2,899,30,3,No
4/11/2025 21:36,41,Male,Madhya Pradesh,Ethnic Wear,H&M,2,534,30,2.5,No
4/11/2025 21:36,69,Female,Telangana,Suits,Raymond,1,535,30,3,No
4/11/2025 21:36,47,Male,Himachal Pradesh,T-shirts,Raymond,5,937,10,1.5,Yes
4/11/2025 21:36,42,Male,Chhattisgarh,T-shirts,Puma,6,445,20,4.5,Yes
4/11/2025 21:36,62,Female,Meghalaya,Undergarments,Adidas,7,828,15,2.5,Yes
4/11/2025 21:36,69,Male,Jharkhand,Shorts,Zudio,4,583,25,4,No
4/11/2025 21:36,31,Male,Meghalaya,Jeans,Levie's,1,793,10,3.5,Yes
4/11/2025 21:36,46,Male,Maharashtra,Sleepwear,Nike,1,599,30,2.5,Yes
4/11/2025 21:36,53,Female,Sikkim,Trousers,H&M,4,512,10,2,Yes
4/11/2025 21:36,54,Male,Maharashtra,Trousers,Levie's,3,959,30,3.5,Yes
4/11/2025 21:36,44,Male,Jharkhand,Shirts,Levie's,7,646,20,2.5,No
4/11/2025 21:36,32,Female,Jharkhand,Shorts,Zudio,5,914,15,5,No
4/11/2025 21:36,24,Male,Kerala,Sleepwear,Puma,4,849,10,4,Yes
4/11/2025 21:36,23,Male,Karnataka,Jeans,H&M,2,483,20,3,No
4/11/2025 21:36,40,Male,Uttar Pradesh,Trousers,Adidas,7,974,20,2.5,Yes
4/11/2025 21:36,47,Male,Arunachal Pradesh,Shirts,Raymond,4,405,15,4.5,No
4/11/2025 21:36,41,Female,Maharashtra,Formal Wear,Nike,1,855,25,2.5,Yes
4/11/2025 21:36,38,Female,Punjab,Jeans,Pantaloons,1,428,30,2,No
4/11/2025 21:36,24,Female,Odisha,Trousers,Puma,5,478,15,4.5,Yes
4/11/2025 21:36,58,Male,West Bengal,Sweaters,Adidas,1,690,15,1,No
4/11/2025 21:36,63,Female,Tamil Nadu,Dresses,Levie's,7,941,15,1,No
4/11/2025 21:36,61,Female,West Bengal,Jeans,Raymond,2,682,10,3,No
4/11/2025 21:36,64,Female,Meghalaya,Ethnic Wear,Nike,1,970,25,5,Yes
4/11/2025 21:36,42,Female,Nagaland,Formal Wear,H&M,3,597,25,4.5,Yes
4/11/2025 21:36,67,Male,Telangana,Activewear,Pantaloons,7,783,10,5,Yes
4/11/2025 21:36,19,Female,Meghalaya,T-shirts,Adidas,5,792,30,2.5,No
4/11/2025 21:36,46,Female,Nagaland,Ethnic Wear,Puma,4,972,25,1,Yes
4/11/2025 21:36,69,Male,West Bengal,Jeans,Nike,2,763,15,4.5,Yes
4/11/2025 21:36,50,Female,Madhya Pradesh,Sweaters,Pantaloons,4,594,30,4,Yes
4/11/2025 21:36,55,Female,Bihar,Dresses,Zudio,4,440,15,4,No
4/11/2025 21:36,69,Male,Nagaland,Shorts,Pantaloons,3,433,20,5,No
4/11/2025 21:36,37,Male,Arunachal Pradesh,Shirts,Pantaloons,5,954,20,5,Yes
4/11/2025 21:36,52,Female,Chhattisgarh,Formal Wear,H&M,7,904,20,3.5,No
4/11/2025 21:36,19,Female,Odisha,Dresses,Adidas,7,884,25,4,No
4/11/2025 21:36,23,Male,Uttarakhand,Ethnic Wear,H&M,3,965,10,1,No
4/11/2025 21:36,28,Female,Jharkhand,Jeans,Raymond,6,607,30,5,No
4/11/2025 21:36,63,Female,Andhra Pradesh,Sleepwear,Raymond,6,722,30,1,Yes
4/11/2025 21:36,54,Female,Punjab,Suits,Puma,4,544,15,3.5,No
4/11/2025 21:36,49,Male,Manipur,Skirts,H&M,6,648,15,4,Yes
4/11/2025 21:36,42,Male,Madhya Pradesh,Sweaters,Puma,5,677,25,2.5,No
4/11/2025 21:36,31,Male,Punjab,Activewear,Raymond,2,534,20,4.5,Yes
4/11/2025 21:36,21,Male,Arunachal Pradesh,Undergarments,Puma,1,520,30,5,Yes
4/11/2025 21:36,69,Female,Karnataka,Undergarments,Puma,2,548,30,1.5,Yes
4/11/2025 21:36,66,Male,Meghalaya,Ethnic Wear,Nike,6,412,25,3.5,No
4/11/2025 21:36,53,Female,Manipur,Sleepwear,Nike,1,995,10,3.5,No
4/11/2025 21:36,48,Female,Tamil Nadu,Ethnic Wear,Zudio,6,617,30,4.5,Yes
4/11/2025 21:36,67,Male,Arunachal Pradesh,Skirts,Adidas,2,679,30,1,No
4/11/2025 21:36,29,Male,Madhya Pradesh,Jackets,Pantaloons,6,513,15,4.5,No
4/11/2025 21:36,44,Female,Jharkhand,Suits,Puma,6,882,15,1.5,No
4/11/2025 21:36,60,Male,Goa,Shorts,H&M,5,814,20,1,Yes
4/11/2025 21:36,39,Male,Maharashtra,Activewear,Zudio,1,623,25,2.5,Yes
4/11/2025 21:36,52,Female,Rajasthan,Undergarments,Levie's,3,497,20,1.5,No
4/11/2025 21:36,33,Female,Andhra Pradesh,Trousers,Zudio,7,484,30,1.5,No
4/11/2025 21:36,37,Female,Sikkim,T-shirts,Levie's,2,509,15,2,Yes
4/11/2025 21:36,70,Male,Gujarat,Formal Wear,Levie's,3,977,10,1.5,No
4/11/2025 21:36,47,Male,Karnataka,Shirts,Adidas,6,596,20,2,No
4/11/2025 21:36,68,Male,Uttar Pradesh,Trousers,H&M,1,693,25,4.5,No
4/11/2025 21:36,63,Female,Goa,Activewear,Adidas,3,575,15,3.5,Yes
4/11/2025 21:36,52,Female,Mizoram,Formal Wear,Raymond,6,625,30,3.5,Yes
4/11/2025 21:36,33,Female,Punjab,Ethnic Wear,Levie's,1,994,30,2,No
4/11/2025 21:36,52,Male,Rajasthan,Suits,Nike,6,437,30,1.5,No
4/11/2025 21:36,62,Male,West Bengal,Sweaters,Pantaloons,5,902,10,3,No
4/11/2025 21:36,43,Male,Telangana,Dresses,Puma,3,830,25,4.5,Yes
4/11/2025 21:36,52,Male,Kerala,Trousers,Pantaloons,4,929,20,1,Yes
4/11/2025 21:36,19,Male,West Bengal,Jackets,H&M,2,828,25,1,Yes
4/11/2025 21:36,43,Male,Madhya Pradesh,T-shirts,Puma,2,791,15,1,No
4/11/2025 21:36,50,Female,Meghalaya,Formal Wear,Nike,7,446,30,3,No
4/11/2025 21:36,68,Female,Chhattisgarh,Jackets,Zudio,3,594,30,3.5,No
4/11/2025 21:36,46,Male,Manipur,Suits,Nike,6,932,25,3,No
4/11/2025 21:36,31,Male,Nagaland,Shirts,Pantaloons,7,457,25,4,Yes
4/11/2025 21:36,28,Male,Uttar Pradesh,Ethnic Wear,Puma,4,645,10,2.5,No
4/11/2025 21:36,19,Male,Bihar,Jackets,Adidas,3,771,10,5,Yes
4/11/2025 21:36,70,Female,Maharashtra,Formal Wear,Nike,3,708,30,4.5,No
4/11/2025 21:36,31,Female,Odisha,Undergarments,Raymond,5,859,10,3,No
4/11/2025 21:36,20,Male,Haryana,Shorts,Levie's,7,687,30,4.5,Yes
4/11/2025 21:36,51,Female,Telangana,Jackets,Nike,3,447,15,2.5,No
4/11/2025 21:36,55,Female,Arunachal Pradesh,Suits,Pantaloons,1,861,25,1,Yes
4/11/2025 21:36,68,Male,Haryana,Skirts,H&M,1,596,10,2,No
4/11/2025 21:36,24,Male,Himachal Pradesh,Sweaters,Levie's,5,425,25,1,Yes
4/11/2025 21:36,58,Female,Gujarat,Jackets,Puma,1,773,20,1.5,Yes
4/11/2025 21:36,54,Male,Bihar,Undergarments,Pantaloons,7,634,10,3,No
4/11/2025 21:36,45,Male,Tripura,Formal Wear,H&M,5,734,10,2.5,No
4/11/2025 21:36,28,Male,Sikkim,Ethnic Wear,Puma,5,809,10,3.5,No
4/11/2025 21:36,60,Male,Chhattisgarh,Jeans,Zudio,7,820,25,1,Yes
4/11/2025 21:36,40,Female,Uttar Pradesh,Trousers,Zudio,6,501,20,1.5,Yes
4/11/2025 21:36,36,Female,Assam,Jackets,Adidas,6,744,20,3.5,No
4/11/2025 21:36,59,Male,West Bengal,Skirts,Adidas,5,507,20,4.5,Yes
4/11/2025 21:36,18,Male,Haryana,T-shirts,Zudio,7,735,30,1.5,Yes
4/11/2025 21:36,62,Female,Arunachal Pradesh,Activewear,Nike,4,859,10,3.5,No
4/11/2025 21:36,52,Female,Telangana,Formal Wear,Levie's,5,951,10,2.5,No
4/11/2025 21:36,28,Male,Goa,Skirts,Puma,3,781,30,3,Yes
4/11/2025 21:36,70,Male,Uttarakhand,Shirts,Zudio,2,679,20,1.5,No
4/11/2025 21:36,42,Male,Sikkim,Trousers,Adidas,5,688,30,2.5,Yes
4/11/2025 21:36,51,Male,Goa,Formal Wear,Nike,4,847,10,2,No
4/11/2025 21:36,41,Female,Goa,Shorts,Levie's,2,961,10,2,Yes
4/11/2025 21:36,24,Female,Maharashtra,Sleepwear,Adidas,2,467,15,2.5,Yes
4/11/2025 21:36,21,Female,Sikkim,Activewear,H&M,4,879,10,3.5,Yes
4/11/2025 21:36,41,Male,Himachal Pradesh,Suits,Raymond,5,482,20,1,No
4/11/2025 21:36,42,Female,Meghalaya,Jackets,Raymond,7,962,15,4.5,Yes
4/11/2025 21:36,59,Female,Nagaland,Jeans,Pantaloons,2,437,20,4,Yes
4/11/2025 21:36,52,Female,Madhya Pradesh,Dresses,Levie's,5,684,30,2,No
4/11/2025 21:36,46,Male,Chhattisgarh,Activewear,Pantaloons,3,440,20,4.5,No
4/11/2025 21:36,30,Male,Haryana,Dresses,H&M,4,450,20,3.5,No
4/11/2025 21:36,34,Female,Odisha,Jackets,Zudio,2,474,10,3,No
4/11/2025 21:36,46,Male,Tripura,Formal Wear,Nike,7,794,30,5,No
4/11/2025 21:36,50,Male,Madhya Pradesh,Shirts,Raymond,3,557,30,4,No
4/11/2025 21:36,61,Male,Tripura,Undergarments,Puma,7,472,20,3,Yes
4/11/2025 21:36,46,Female,Nagaland,Activewear,Zudio,3,781,30,3.5,No
4/11/2025 21:36,18,Female,Rajasthan,Trousers,H&M,6,937,20,1.5,No
4/11/2025 21:36,66,Male,Uttarakhand,Shorts,Pantaloons,3,407,30,1,Yes
4/11/2025 21:36,68,Female,Madhya Pradesh,Sleepwear,Zudio,2,702,25,3,Yes
4/11/2025 21:36,51,Male,Goa,Formal Wear,H&M,7,825,15,3,Yes
4/11/2025 21:36,52,Female,Karnataka,Suits,Levie's,1,717,20,5,No
4/11/2025 21:36,62,Male,Manipur,Sleepwear,Nike,2,643,25,5,Yes
4/11/2025 21:36,63,Female,Chhattisgarh,Suits,Adidas,7,642,10,2.5,Yes
4/11/2025 21:36,68,Female,Odisha,Jackets,Puma,3,953,10,3,Yes
4/11/2025 21:36,33,Female,Maharashtra,Shirts,Pantaloons,5,594,25,4.5,No
4/11/2025 21:36,44,Female,Tamil Nadu,Suits,Adidas,7,529,15,4.5,No
4/11/2025 21:36,23,Male,Bihar,Dresses,Zudio,3,925,15,1.5,No
4/11/2025 21:36,42,Female,Tripura,Activewear,H&M,7,579,15,3,No
4/11/2025 21:36,48,Male,Haryana,Dresses,H&M,7,646,15,4,No
4/11/2025 21:36,47,Female,Bihar,Jeans,Zudio,1,791,20,1,No
4/11/2025 21:36,33,Male,Rajasthan,Activewear,Levie's,7,658,10,3,Yes
4/11/2025 21:36,54,Female,Bihar,Undergarments,Adidas,3,428,15,3,No
4/11/2025 21:36,64,Male,Chhattisgarh,Undergarments,H&M,7,950,25,4,Yes
4/11/2025 21:36,24,Male,Chhattisgarh,Sweaters,Levie's,4,702,15,2,Yes
4/11/2025 21:36,70,Female,Rajasthan,Shorts,Levie's,1,515,20,1,Yes
4/11/2025 21:36,35,Male,Gujarat,Formal Wear,Pantaloons,3,909,15,5,Yes
4/11/2025 21:36,33,Female,Himachal Pradesh,Sleepwear,Zudio,4,679,25,1,No
4/11/2025 21:36,20,Female,Karnataka,Skirts,Raymond,5,931,20,1,Yes
4/11/2025 21:36,32,Female,Jharkhand,Sleepwear,Pantaloons,4,783,30,1,No
4/11/2025 21:36,19,Female,Odisha,Jackets,Nike,6,440,15,5,Yes
4/11/2025 21:36,55,Male,Tamil Nadu,Sleepwear,Adidas,1,946,25,1.5,Yes
4/11/2025 21:36,45,Male,Uttarakhand,Jackets,Nike,1,871,10,1.5,No
4/11/2025 21:36,40,Female,Telangana,Jackets,Raymond,4,420,30,5,Yes
4/11/2025 21:36,28,Female,Meghalaya,Activewear,Levie's,1,566,30,1.5,No
4/11/2025 21:36,69,Female,Nagaland,Jackets,Adidas,7,867,30,4,No
4/11/2025 21:36,50,Female,Haryana,Trousers,Zudio,1,735,25,2.5,No
4/11/2025 21:36,29,Male,Kerala,Dresses,Puma,7,809,20,4,No
4/11/2025 21:36,39,Female,Odisha,Dresses,Pantaloons,2,653,30,5,Yes
4/11/2025 21:36,29,Male,Tamil Nadu,T-shirts,H&M,1,858,25,3,Yes
4/11/2025 21:36,66,Male,West Bengal,Trousers,Nike,6,807,30,2.5,No
4/11/2025 21:36,28,Female,Uttarakhand,T-shirts,Raymond,3,985,10,5,No
4/11/2025 21:36,45,Female,Punjab,Dresses,Zudio,1,416,15,4,Yes
4/11/2025 21:36,35,Female,Tamil Nadu,Shirts,Adidas,5,783,30,4.5,Yes
4/11/2025 21:36,31,Male,West Bengal,Skirts,Nike,2,775,15,4.5,Yes
4/11/2025 21:36,44,Female,Meghalaya,Shirts,Levie's,2,785,20,3.5,Yes
4/11/2025 21:36,46,Female,West Bengal,T-shirts,Adidas,3,528,20,5,No
4/11/2025 21:36,46,Female,Goa,Activewear,H&M,5,658,25,2.5,No
4/11/2025 21:36,59,Female,Maharashtra,Activewear,Pantaloons,7,943,10,1.5,Yes
4/11/2025 21:36,26,Female,Kerala,Shorts,Puma,6,897,10,3.5,Yes
4/11/2025 21:36,62,Female,Bihar,Skirts,Zudio,2,866,25,4.5,Yes
4/11/2025 21:36,32,Female,Manipur,Sleepwear,Nike,1,665,25,4.5,Yes
4/11/2025 21:36,31,Male,Assam,Ethnic Wear,Puma,5,514,20,4,Yes
4/11/2025 21:36,59,Female,Punjab,Skirts,Puma,1,599,20,1.5,No
4/11/2025 21:36,27,Male,Arunachal Pradesh,Sleepwear,Puma,3,412,25,1,No
4/11/2025 21:36,64,Male,Tripura,Sweaters,H&M,6,674,15,5,Yes
4/11/2025 21:36,60,Female,Haryana,Dresses,H&M,1,818,30,4,No
4/11/2025 21:36,39,Male,Karnataka,Sleepwear,Puma,5,414,20,2.5,No
4/11/2025 21:36,63,Male,Karnataka,Dresses,Levie's,7,564,30,1.5,Yes
4/11/2025 21:36,69,Female,Uttarakhand,Shirts,Pantaloons,7,624,25,2,Yes
4/11/2025 21:36,68,Female,Tamil Nadu,Sweaters,H&M,7,588,10,5,Yes
4/11/2025 21:36,56,Female,Manipur,Suits,Adidas,2,959,10,2,Yes
4/11/2025 21:36,52,Male,Andhra Pradesh,Jeans,Raymond,5,578,30,5,No
4/11/2025 21:36,26,Male,Punjab,T-shirts,Pantaloons,5,551,20,4,Yes
4/11/2025 21:36,18,Male,Telangana,Shirts,Raymond,1,493,15,3,Yes
4/11/2025 21:36,51,Male,Goa,Skirts,Raymond,2,610,10,2.5,Yes
4/11/2025 21:36,37,Male,Mizoram,Sleepwear,Zudio,2,501,25,3.5,Yes
4/11/2025 21:36,34,Male,Maharashtra,Undergarments,Zudio,2,745,30,1.5,Yes
4/11/2025 21:36,44,Female,Arunachal Pradesh,Sweaters,H&M,3,645,25,4,Yes
4/11/2025 21:36,49,Female,Himachal Pradesh,Suits,Pantaloons,4,441,30,1.5,Yes
4/11/2025 21:36,28,Male,Uttarakhand,Dresses,Puma,1,664,30,4,Yes
4/11/2025 21:36,40,Female,Uttar Pradesh,Dresses,Puma,1,1000,20,1.5,No
4/11/2025 21:36,55,Male,Chhattisgarh,Shorts,H&M,1,905,10,4,Yes
4/11/2025 21:36,50,Male,Rajasthan,Activewear,H&M,6,735,30,4.5,Yes
4/11/2025 21:36,33,Male,Madhya Pradesh,Shorts,Puma,6,708,30,4,No
4/11/2025 21:36,32,Female,Kerala,Skirts,H&M,5,505,30,4,No
4/11/2025 21:36,40,Female,Uttarakhand,Shirts,Levie's,5,493,20,1,Yes
4/11/2025 21:36,39,Female,Arunachal Pradesh,Skirts,Pantaloons,1,702,15,2.5,No
4/11/2025 21:36,46,Female,Punjab,Formal Wear,Raymond,2,974,20,4.5,No
4/11/2025 21:36,65,Female,Punjab,Skirts,Zudio,5,631,25,3,No
4/11/2025 21:36,68,Female,Uttar Pradesh,Jackets,Puma,1,491,15,4,Yes
4/11/2025 21:36,49,Male,Maharashtra,Sleepwear,Zudio,5,806,25,2.5,Yes
4/11/2025 21:36,27,Female,Himachal Pradesh,T-shirts,Pantaloons,3,654,15,4,Yes
4/11/2025 21:36,59,Female,Kerala,Jeans,Puma,6,477,25,3.5,Yes
4/11/2025 21:36,26,Male,Uttar Pradesh,Activewear,Adidas,7,514,20,1,Yes
4/11/2025 21:36,20,Female,Kerala,Sleepwear,Levie's,7,884,20,1,Yes
4/11/2025 21:36,54,Male,Odisha,Sweaters,Nike,5,691,10,4.5,No
4/11/2025 21:36,31,Male,Rajasthan,Undergarments,Puma,5,480,10,4.5,Yes
4/11/2025 21:36,70,Male,Mizoram,Ethnic Wear,Nike,2,918,25,4,No
4/11/2025 21:36,31,Female,Haryana,Undergarments,Zudio,4,922,30,2.5,No
4/11/2025 21:36,37,Male,Goa,Ethnic Wear,Puma,5,841,20,4,No
4/11/2025 21:36,63,Male,Punjab,T-shirts,Puma,7,724,30,2.5,Yes
4/11/2025 21:36,51,Male,Rajasthan,Shirts,Adidas,2,870,25,3.5,No
4/11/2025 21:36,34,Male,Himachal Pradesh,Suits,Raymond,5,995,10,4.5,Yes
4/11/2025 21:36,43,Male,Meghalaya,Undergarments,Puma,5,454,30,1,Yes
4/11/2025 21:36,57,Male,Sikkim,Shorts,Puma,4,980,15,4.5,No
4/11/2025 21:36,62,Male,Nagaland,Undergarments,Adidas,5,750,30,1,No
4/11/2025 21:36,30,Male,Arunachal Pradesh,Trousers,Levie's,3,861,10,2.5,Yes
4/11/2025 21:36,28,Male,Madhya Pradesh,Shorts,Raymond,7,670,20,2,Yes
4/11/2025 21:36,55,Male,Rajasthan,Suits,Levie's,1,568,20,1.5,Yes
4/11/2025 21:36,53,Male,Gujarat,Undergarments,Puma,4,530,10,4.5,Yes
4/11/2025 21:36,32,Female,Odisha,Formal Wear,Zudio,5,961,30,3.5,Yes
4/11/2025 21:36,45,Female,Bihar,Dresses,Pantaloons,4,599,25,5,Yes
4/11/2025 21:36,28,Female,West Bengal,Jackets,Adidas,1,558,20,1.5,No
4/11/2025 21:36,27,Male,Manipur,Jackets,Raymond,7,438,20,4,Yes
4/11/2025 21:36,18,Female,Chhattisgarh,Shorts,Adidas,2,667,15,3.5,No
4/11/2025 21:36,43,Male,Gujarat,Dresses,Raymond,2,694,25,2.5,No
4/11/2025 21:36,41,Female,Kerala,Undergarments,Zudio,4,829,20,4,Yes
4/11/2025 21:36,31,Female,Haryana,Skirts,Raymond,7,432,20,3,Yes
4/11/2025 21:36,67,Male,Rajasthan,Dresses,Nike,5,620,20,1,Yes
4/11/2025 21:36,56,Female,Nagaland,Ethnic Wear,Adidas,2,925,15,5,No
4/11/2025 21:36,26,Female,Odisha,Undergarments,Raymond,3,502,30,1.5,No
4/11/2025 21:36,23,Male,Gujarat,Activewear,Zudio,4,756,15,3,No
4/11/2025 21:36,66,Female,Himachal Pradesh,Sleepwear,Zudio,6,815,10,2.5,No
4/11/2025 21:36,67,Female,Mizoram,Shirts,Nike,1,920,30,4.5,No
4/11/2025 21:36,28,Male,Assam,Trousers,Zudio,6,485,30,2,Yes
4/11/2025 21:36,21,Male,Madhya Pradesh,Ethnic Wear,Zudio,1,601,10,4.5,No
4/11/2025 21:36,21,Female,Punjab,Dresses,Nike,5,605,25,1.5,Yes
4/11/2025 21:36,57,Male,Punjab,Ethnic Wear,Zudio,3,865,15,1.5,No
4/11/2025 21:36,70,Female,Haryana,Suits,Nike,6,894,25,2.5,Yes
4/11/2025 21:36,51,Female,Meghalaya,Jeans,Pantaloons,7,980,20,3.5,No
4/11/2025 21:36,68,Female,Haryana,Suits,Levie's,4,612,25,3.5,Yes
4/11/2025 21:36,45,Male,Nagaland,Sweaters,Zudio,7,825,25,4,Yes
4/11/2025 21:36,57,Female,Arunachal Pradesh,Jeans,Adidas,4,893,15,5,Yes
4/11/2025 21:36,25,Female,Uttarakhand,Jackets,Zudio,2,908,20,1,Yes
4/11/2025 21:36,51,Female,Gujarat,Skirts,Raymond,6,616,25,2,No
4/11/2025 21:36,65,Female,Nagaland,Suits,H&M,7,659,15,3.5,No
4/11/2025 21:36,54,Male,Andhra Pradesh,Activewear,Adidas,4,660,10,1,Yes
4/11/2025 21:36,44,Male,Gujarat,Shorts,Pantaloons,2,617,30,4,Yes
4/11/2025 21:36,34,Female,Tripura,Ethnic Wear,Puma,3,703,15,5,No
4/11/2025 21:36,61,Male,Odisha,Trousers,Adidas,2,529,30,2,No
4/11/2025 21:36,41,Male,Manipur,Sleepwear,Adidas,7,639,15,2,No
4/11/2025 21:36,27,Male,Manipur,Sweaters,Nike,6,868,30,1.5,Yes
4/11/2025 21:36,65,Male,Karnataka,Sweaters,Zudio,5,601,20,2,Yes
4/11/2025 21:36,46,Male,West Bengal,Undergarments,Zudio,6,534,30,1.5,Yes
4/11/2025 21:36,40,Female,Goa,Ethnic Wear,Puma,4,619,10,2,No
4/11/2025 21:36,30,Female,Haryana,Sweaters,Adidas,2,577,25,3,Yes
4/11/2025 21:36,30,Female,Madhya Pradesh,Skirts,Zudio,1,806,20,4.5,No
4/11/2025 21:36,69,Female,Himachal Pradesh,Trousers,Raymond,4,795,30,1,No
4/11/2025 21:36,48,Male,Jharkhand,Suits,Levie's,2,680,15,3.5,Yes
4/11/2025 21:36,46,Male,Telangana,Trousers,Puma,4,615,25,1,Yes
4/11/2025 21:36,21,Female,Uttarakhand,Undergarments,Pantaloons,4,657,20,2,Yes
4/11/2025 21:36,27,Female,Gujarat,Shirts,Adidas,5,725,10,4,Yes
4/11/2025 21:36,36,Male,Chhattisgarh,Undergarments,Raymond,4,917,20,4.5,No
4/11/2025 21:36,50,Male,Maharashtra,Suits,Levie's,6,948,10,4,No
4/11/2025 21:36,40,Female,Karnataka,Sleepwear,Zudio,3,874,25,3.5,No
4/11/2025 21:36,18,Male,Chhattisgarh,Sleepwear,H&M,6,629,25,4.5,Yes
4/11/2025 21:36,48,Male,West Bengal,Jackets,Adidas,2,544,15,2,No
4/11/2025 21:36,67,Female,Tripura,Trousers,Pantaloons,7,522,15,4.5,Yes
4/11/2025 21:36,44,Male,Jharkhand,Dresses,Puma,1,654,30,4.5,Yes
4/11/2025 21:36,66,Male,Chhattisgarh,Suits,Zudio,5,931,30,1,Yes
4/11/2025 21:36,29,Female,Bihar,T-shirts,Levie's,2,684,20,4.5,Yes
4/11/2025 21:36,38,Male,Kerala,Jackets,Nike,5,941,20,3.5,Yes
4/11/2025 21:36,42,Female,Meghalaya,Shirts,Pantaloons,4,797,10,4.5,No
4/11/2025 21:36,60,Female,Uttarakhand,Trousers,Zudio,5,440,30,2,Yes
4/11/2025 21:36,24,Male,Mizoram,Shorts,H&M,3,460,30,3,Yes
4/11/2025 21:36,59,Male,Himachal Pradesh,Shorts,Zudio,2,912,30,3.5,Yes
4/11/2025 21:36,29,Male,Assam,Jeans,H&M,3,653,10,2.5,Yes
4/11/2025 21:36,51,Female,Goa,T-shirts,Levie's,3,870,15,5,No
4/11/2025 21:36,30,Male,Punjab,Formal Wear,Adidas,1,494,10,3,Yes
4/11/2025 21:36,56,Male,Meghalaya,Dresses,Nike,3,710,10,3,No
4/11/2025 21:36,69,Male,Bihar,Shorts,Raymond,3,775,20,4.5,Yes
4/11/2025 21:36,19,Female,Rajasthan,Undergarments,H&M,3,924,30,4.5,No
4/11/2025 21:36,48,Female,Gujarat,Trousers,Zudio,7,475,25,3,No
4/11/2025 21:36,58,Female,Odisha,Trousers,H&M,3,739,25,4.5,No
4/11/2025 21:36,56,Female,Nagaland,Undergarments,Levie's,5,873,20,5,No
4/11/2025 21:36,27,Female,Goa,T-shirts,H&M,3,684,20,2,Yes
4/11/2025 21:36,38,Male,Tripura,Dresses,H&M,5,510,20,1,Yes
4/11/2025 21:36,55,Female,Chhattisgarh,Sleepwear,Levie's,3,934,25,2.5,Yes
4/11/2025 21:36,46,Male,Kerala,Skirts,Nike,1,695,15,5,No
4/11/2025 21:36,56,Female,Punjab,Jeans,Puma,2,850,20,2.5,No
4/11/2025 21:36,33,Female,West Bengal,Sweaters,Adidas,3,775,10,1.5,No
4/11/2025 21:36,29,Male,Himachal Pradesh,Activewear,Raymond,4,412,20,3,No
4/11/2025 21:36,38,Female,Tamil Nadu,Undergarments,Nike,5,712,30,3.5,No
4/11/2025 21:36,63,Male,Maharashtra,Ethnic Wear,H&M,7,974,30,2,No
4/11/2025 21:36,19,Male,Jharkhand,Trousers,Pantaloons,5,459,15,5,No
4/11/2025 21:36,25,Male,Arunachal Pradesh,Ethnic Wear,Pantaloons,6,500,15,1,Yes
4/11/2025 21:36,32,Male,Punjab,T-shirts,H&M,7,405,10,1.5,No
4/11/2025 21:36,27,Female,Haryana,Dresses,H&M,1,416,15,1.5,No
4/11/2025 21:36,49,Male,Madhya Pradesh,Sleepwear,Puma,2,516,15,1.5,No
4/11/2025 21:36,47,Female,West Bengal,Trousers,Puma,1,497,25,1.5,No
4/11/2025 21:36,61,Male,Goa,Sweaters,Zudio,1,790,30,4,No
4/11/2025 21:36,50,Male,Maharashtra,Jackets,H&M,2,502,20,5,Yes
4/11/2025 21:36,19,Male,Punjab,Formal Wear,Pantaloons,4,639,30,1,No
4/11/2025 21:36,62,Female,Manipur,Sweaters,Levie's,6,954,30,1,Yes
4/11/2025 21:36,44,Male,Bihar,Formal Wear,Levie's,3,528,25,2.5,No
4/11/2025 21:36,59,Female,Karnataka,Sleepwear,Zudio,5,805,10,1.5,Yes
4/11/2025 21:36,61,Male,Telangana,Skirts,Nike,5,485,10,4,No
4/11/2025 21:36,62,Male,West Bengal,Jackets,Nike,4,646,25,1.5,No
4/11/2025 21:36,38,Female,Punjab,Dresses,Puma,2,782,15,1,Yes
4/11/2025 21:36,30,Male,Nagaland,Shirts,Raymond,2,992,30,1,Yes
4/11/2025 21:36,38,Female,Tamil Nadu,Trousers,H&M,2,799,30,1.5,No
4/11/2025 21:36,50,Female,Goa,Dresses,Levie's,6,603,20,1.5,No
4/11/2025 21:36,58,Female,Sikkim,Sleepwear,Adidas,5,919,30,1,Yes
4/11/2025 21:36,46,Male,Rajasthan,Shorts,Nike,6,414,30,2.5,No
4/11/2025 21:36,69,Female,Kerala,Jackets,Raymond,7,949,30,4,No
4/11/2025 21:36,34,Female,Assam,Shirts,Nike,5,923,20,2.5,No
4/11/2025 21:36,26,Female,Punjab,Jeans,Pantaloons,1,940,30,1,No
4/11/2025 21:36,67,Female,Tamil Nadu,Dresses,Pantaloons,1,813,15,4.5,Yes
4/11/2025 21:36,66,Female,Rajasthan,T-shirts,Puma,4,530,25,1.5,No
4/11/2025 21:36,37,Female,Sikkim,T-shirts,Zudio,4,773,30,4.5,No
4/11/2025 21:36,69,Female,Andhra Pradesh,Jeans,Puma,5,943,20,4.5,Yes
4/11/2025 21:36,48,Female,Assam,Shirts,Levie's,6,604,20,1,No
4/11/2025 21:36,30,Male,Uttarakhand,Trousers,Levie's,1,708,30,3.5,No
4/11/2025 21:36,37,Female,Gujarat,Jackets,Pantaloons,2,719,25,4.5,No
4/11/2025 21:36,18,Female,Andhra Pradesh,Skirts,H&M,3,627,30,2,No
4/11/2025 21:36,65,Male,Nagaland,Shirts,Raymond,2,877,10,1,No
4/11/2025 21:36,26,Female,Meghalaya,Jeans,Nike,7,859,25,1.5,Yes
4/11/2025 21:36,65,Male,Odisha,Shorts,Zudio,5,680,20,3.5,Yes
4/11/2025 21:36,34,Female,West Bengal,Trousers,Nike,2,587,25,1.5,Yes
4/11/2025 21:36,44,Male,Karnataka,Shirts,Nike,3,536,10,3,No
4/11/2025 21:36,68,Female,Haryana,Dresses,Pantaloons,1,786,25,4.5,No
4/11/2025 21:36,41,Female,West Bengal,Activewear,Puma,6,613,30,4.5,Yes
4/11/2025 21:36,63,Female,Sikkim,Suits,Raymond,3,634,15,5,No
4/11/2025 21:36,64,Female,Manipur,Skirts,Puma,3,463,20,4.5,Yes
4/11/2025 21:36,53,Male,Himachal Pradesh,Formal Wear,Raymond,3,837,15,1.5,No
4/11/2025 21:36,38,Male,Rajasthan,Jeans,H&M,7,442,15,2,Yes
4/11/2025 21:36,54,Male,Rajasthan,Suits,Raymond,1,869,10,4,Yes
4/11/2025 21:36,58,Female,Punjab,Ethnic Wear,H&M,6,495,20,2,No
4/11/2025 21:36,68,Female,Haryana,Shirts,Levie's,3,946,15,1,No
4/11/2025 21:36,63,Male,Assam,Dresses,Zudio,7,825,25,5,No
4/11/2025 21:36,26,Female,Tripura,Shorts,Zudio,2,913,25,3.5,Yes
4/11/2025 21:36,48,Female,Maharashtra,Jeans,Levie's,6,921,25,1,No
4/11/2025 21:36,36,Female,Sikkim,Skirts,Nike,6,495,10,4.5,No
4/11/2025 21:36,49,Female,Nagaland,Suits,H&M,2,869,30,4.5,Yes
4/11/2025 21:36,57,Male,Karnataka,T-shirts,Raymond,3,972,10,4,Yes
4/11/2025 21:36,31,Female,Nagaland,T-shirts,Zudio,7,638,30,1.5,No
4/11/2025 21:36,69,Male,West Bengal,Sweaters,Levie's,7,559,15,2,No
4/11/2025 21:36,40,Male,Himachal Pradesh,Jeans,Raymond,4,915,20,2.5,No
4/11/2025 21:36,56,Female,Maharashtra,Formal Wear,Adidas,1,844,30,5,Yes
4/11/2025 21:36,23,Female,Tripura,Shorts,Zudio,4,739,20,5,Yes
4/11/2025 21:36,19,Female,Bihar,Skirts,Adidas,7,993,20,1.5,No
4/11/2025 21:36,70,Female,Punjab,Activewear,Adidas,5,954,10,1,No
4/11/2025 21:36,59,Male,Himachal Pradesh,Formal Wear,Zudio,1,752,20,1,No
4/11/2025 21:36,25,Male,Manipur,Shorts,Raymond,6,664,15,1.5,No
4/11/2025 21:36,62,Male,Tamil Nadu,Suits,Nike,1,849,25,2,Yes
4/11/2025 21:36,21,Male,Assam,Trousers,Puma,3,453,10,3.5,No
4/11/2025 21:36,47,Male,Sikkim,Jackets,Raymond,2,601,25,2,Yes
4/11/2025 21:36,52,Female,Manipur,T-shirts,Nike,6,950,15,2,Yes
4/11/2025 21:36,33,Female,Nagaland,Dresses,Levie's,3,464,20,4,Yes
4/11/2025 21:36,58,Female,Nagaland,Trousers,Levie's,5,907,30,2.5,No
4/11/2025 21:36,67,Female,Uttarakhand,Jeans,H&M,5,692,20,2,No
4/11/2025 21:36,63,Female,Manipur,Shorts,Puma,5,872,30,1,Yes
4/11/2025 21:36,52,Female,Karnataka,Jackets,Puma,3,665,30,4,Yes
4/11/2025 21:36,60,Female,Chhattisgarh,Jackets,H&M,3,768,30,3,Yes
4/11/2025 21:36,39,Male,Himachal Pradesh,Activewear,H&M,1,927,25,2.5,Yes
4/11/2025 21:36,19,Female,Maharashtra,Jeans,Puma,1,906,30,5,No
4/11/2025 21:36,38,Female,Uttar Pradesh,Trousers,Levie's,3,563,15,1.5,No
4/11/2025 21:36,22,Male,Karnataka,Shorts,Raymond,4,968,15,2,Yes
4/11/2025 21:36,19,Male,Tripura,Jeans,Puma,6,675,15,5,Yes
4/11/2025 21:36,38,Male,Gujarat,Sleepwear,Zudio,2,974,10,1,No
4/11/2025 21:36,61,Female,Jharkhand,Trousers,Nike,2,542,15,5,Yes
4/11/2025 21:36,58,Male,Maharashtra,Shirts,Puma,3,457,20,1,No
4/11/2025 21:36,35,Female,Telangana,Trousers,Levie's,7,847,20,2,No
4/11/2025 21:36,23,Female,West Bengal,Formal Wear,Levie's,1,752,10,5,No
4/11/2025 21:36,65,Female,Goa,Ethnic Wear,Levie's,4,544,25,3,Yes
4/11/2025 21:36,60,Male,Meghalaya,Sweaters,Puma,1,758,25,2,Yes
4/11/2025 21:36,55,Male,Andhra Pradesh,Shirts,H&M,3,956,10,4,Yes
4/11/2025 21:36,59,Male,West Bengal,Formal Wear,Levie's,2,753,30,4.5,Yes
4/11/2025 21:36,25,Female,Uttarakhand,Formal Wear,Adidas,4,669,15,3,Yes
4/11/2025 21:36,42,Female,Haryana,Skirts,Nike,6,783,30,1.5,Yes
4/11/2025 21:36,35,Female,Manipur,Jackets,Zudio,5,549,10,4.5,No
4/11/2025 21:36,58,Male,Rajasthan,Jeans,Raymond,1,806,30,4,Yes
4/11/2025 21:36,61,Male,Bihar,Suits,H&M,1,699,25,4,No
4/11/2025 21:36,64,Male,Tamil Nadu,Shorts,Raymond,3,482,25,3.5,Yes
4/11/2025 21:36,36,Female,Madhya Pradesh,T-shirts,Adidas,5,993,15,3.5,Yes
4/11/2025 21:36,40,Male,Manipur,Skirts,Nike,5,966,20,2,Yes
4/11/2025 21:36,62,Male,Uttar Pradesh,Sweaters,Levie's,2,905,15,2.5,Yes
4/11/2025 21:36,38,Female,Tripura,Suits,Puma,7,469,20,3.5,No
4/11/2025 21:36,70,Male,Telangana,Skirts,Puma,5,815,15,4,Yes
4/11/2025 21:36,34,Male,Jharkhand,Suits,Puma,1,893,15,4,No
4/11/2025 21:36,62,Female,Nagaland,Formal Wear,H&M,4,740,15,2,Yes
4/11/2025 21:36,48,Male,Meghalaya,Ethnic Wear,Nike,2,953,25,4.5,No
4/11/2025 21:36,63,Male,Gujarat,Trousers,Adidas,2,849,25,5,Yes
4/11/2025 21:36,49,Male,Sikkim,Ethnic Wear,Levie's,7,784,25,1.5,No
4/11/2025 21:36,68,Female,Uttarakhand,Sleepwear,Nike,2,738,25,2,Yes
4/11/2025 21:36,31,Female,Himachal Pradesh,Dresses,Pantaloons,7,787,10,1,Yes
4/11/2025 21:36,67,Female,Arunachal Pradesh,Trousers,Puma,4,413,10,1.5,Yes
4/11/2025 21:36,52,Male,Bihar,Dresses,Adidas,1,1000,25,1,No
4/11/2025 21:36,35,Female,Punjab,Formal Wear,Adidas,1,556,30,1.5,Yes
4/11/2025 21:36,52,Female,Tamil Nadu,Sweaters,Zudio,6,706,20,1,No
4/11/2025 21:36,19,Female,Haryana,Sweaters,Nike,7,469,15,1.5,No
4/11/2025 21:36,23,Female,Kerala,Ethnic Wear,Zudio,6,791,25,2,No
4/11/2025 21:36,61,Female,West Bengal,Undergarments,Zudio,4,825,10,4,Yes
4/11/2025 21:36,57,Male,Andhra Pradesh,Suits,Adidas,1,785,15,2,No
4/11/2025 21:36,45,Female,Nagaland,Dresses,Zudio,3,897,15,1.5,Yes
4/11/2025 21:36,50,Female,Uttar Pradesh,Sweaters,Raymond,6,982,25,5,No
4/11/2025 21:36,44,Male,Gujarat,Trousers,Levie's,7,690,10,2,Yes
4/11/2025 21:36,68,Male,Manipur,Sweaters,Nike,2,659,25,3,Yes
4/11/2025 21:36,64,Male,Odisha,T-shirts,Levie's,1,844,15,1,No
4/11/2025 21:36,28,Female,Assam,Shirts,Puma,7,413,30,5,No
4/11/2025 21:36,62,Female,Uttar Pradesh,Shirts,Pantaloons,1,845,30,1,Yes
4/11/2025 21:36,42,Female,Uttar Pradesh,Sweaters,Pantaloons,7,942,25,2,Yes
4/11/2025 21:36,35,Male,Sikkim,Trousers,H&M,4,473,10,5,No
4/11/2025 21:36,53,Male,Himachal Pradesh,Trousers,Levie's,3,565,15,2.5,No
4/11/2025 21:36,38,Female,Jharkhand,Undergarments,Levie's,5,700,25,3.5,Yes
4/11/2025 21:36,40,Female,Goa,Shirts,Puma,6,762,15,3.5,Yes
4/11/2025 21:36,23,Male,Kerala,Dresses,Levie's,6,653,10,1,No
4/11/2025 21:36,43,Male,Mizoram,Shorts,Pantaloons,2,622,30,4.5,No
4/11/2025 21:36,70,Female,Jharkhand,Trousers,Puma,3,493,20,5,No
4/11/2025 21:36,22,Male,Meghalaya,Undergarments,Pantaloons,1,500,25,1,No
4/11/2025 21:36,64,Female,Goa,Formal Wear,Zudio,2,973,10,4.5,Yes
4/11/2025 21:36,69,Female,Jharkhand,Jeans,Zudio,1,586,15,2.5,Yes
4/11/2025 21:36,23,Female,Mizoram,Sleepwear,H&M,5,821,10,3,Yes
4/11/2025 21:36,68,Male,Gujarat,Jackets,H&M,6,731,20,1,Yes
4/11/2025 21:36,21,Male,Haryana,Undergarments,Pantaloons,1,904,30,2,No
4/11/2025 21:36,67,Female,Sikkim,Shirts,Pantaloons,2,939,30,3,No
4/11/2025 21:36,59,Female,Chhattisgarh,Trousers,Raymond,6,901,30,3.5,No
4/11/2025 21:36,36,Male,Uttar Pradesh,Sweaters,Zudio,7,402,25,3,Yes
4/11/2025 21:36,51,Male,Meghalaya,Shirts,Raymond,1,646,20,2,Yes
4/11/2025 21:36,67,Female,Punjab,Trousers,Zudio,3,964,10,1,No
4/11/2025 21:36,67,Female,Meghalaya,Sweaters,Puma,7,840,20,1.5,No
4/11/2025 21:36,57,Female,Jharkhand,Activewear,Adidas,4,716,15,2,No
4/11/2025 21:36,50,Female,Manipur,Activewear,Nike,3,881,15,5,No
4/11/2025 21:36,20,Male,Gujarat,Ethnic Wear,Adidas,5,720,15,3,Yes
4/11/2025 21:36,47,Female,Arunachal Pradesh,Jeans,Levie's,7,463,15,1.5,No
4/11/2025 21:36,46,Female,Gujarat,Sleepwear,Nike,6,591,20,2.5,Yes
4/11/2025 21:36,67,Female,Sikkim,Sleepwear,Raymond,2,923,30,2.5,Yes
4/11/2025 21:36,21,Female,Haryana,Sleepwear,Puma,7,410,10,4.5,Yes
4/11/2025 21:36,33,Female,Telangana,Undergarments,Levie's,5,965,10,3,No
4/11/2025 21:36,18,Male,Mizoram,Skirts,Raymond,5,630,20,3.5,Yes
4/11/2025 21:36,26,Male,Uttar Pradesh,Jackets,Raymond,2,489,20,5,Yes
4/11/2025 21:36,23,Female,Manipur,T-shirts,Zudio,5,535,10,5,Yes
4/11/2025 21:36,66,Male,Meghalaya,Ethnic Wear,Pantaloons,3,876,25,4,Yes
4/11/2025 21:36,45,Female,Telangana,Ethnic Wear,Puma,1,573,10,2.5,Yes
4/11/2025 21:36,55,Female,Chhattisgarh,Suits,Puma,5,461,15,4,No
4/11/2025 21:36,62,Female,Chhattisgarh,Ethnic Wear,Nike,1,678,20,4.5,Yes
4/11/2025 21:36,24,Male,Andhra Pradesh,Dresses,Nike,6,674,15,1,No
4/11/2025 21:36,42,Male,Himachal Pradesh,Formal Wear,Raymond,5,834,30,4,Yes
4/11/2025 21:36,55,Female,Odisha,Jeans,Zudio,2,522,30,4,Yes
4/11/2025 21:36,67,Female,Andhra Pradesh,T-shirts,H&M,4,505,20,2,Yes
4/11/2025 21:36,21,Female,Haryana,Jeans,Pantaloons,5,883,20,3.5,No
4/11/2025 21:36,53,Male,Odisha,Jeans,H&M,4,743,30,1.5,No
4/11/2025 21:36,38,Female,Rajasthan,Sweaters,Puma,1,538,10,4,Yes
4/11/2025 21:36,22,Female,Bihar,T-shirts,Levie's,1,854,20,5,Yes
4/11/2025 21:36,20,Female,Uttarakhand,Trousers,Puma,3,716,20,2,No
4/11/2025 21:36,20,Male,Punjab,Shirts,Puma,4,965,15,3.5,Yes
4/11/2025 21:36,54,Male,Punjab,Sleepwear,H&M,7,519,10,1.5,No
4/11/2025 21:36,55,Female,Madhya Pradesh,Shirts,Adidas,4,858,25,1.5,Yes
4/11/2025 21:36,34,Male,Punjab,Trousers,Raymond,4,470,25,4.5,Yes
4/11/2025 21:36,68,Female,Maharashtra,Trousers,Puma,5,513,15,5,Yes
4/11/2025 21:36,42,Male,Uttarakhand,Dresses,Levie's,6,725,10,1.5,No
4/11/2025 21:36,64,Female,Rajasthan,Dresses,Puma,7,945,10,1,No
4/11/2025 21:36,46,Female,Bihar,Jackets,Raymond,7,553,25,4,Yes
4/11/2025 21:36,45,Male,Gujarat,Undergarments,Zudio,4,838,15,4.5,No
4/11/2025 21:36,29,Female,Gujarat,Sleepwear,Zudio,7,656,10,3,Yes
4/11/2025 21:36,39,Male,West Bengal,Formal Wear,Puma,2,460,20,4,Yes
4/11/2025 21:36,38,Male,Telangana,Shorts,H&M,1,506,10,5,No
4/11/2025 21:36,36,Female,Sikkim,Skirts,Raymond,4,513,10,5,Yes
4/11/2025 21:36,33,Male,Himachal Pradesh,Skirts,Zudio,4,827,30,2,No
4/11/2025 21:36,44,Male,Karnataka,Sweaters,H&M,4,824,25,3.5,Yes
4/11/2025 21:36,32,Male,Manipur,Skirts,Nike,1,819,15,1.5,Yes
4/11/2025 21:36,32,Female,Uttarakhand,Trousers,Puma,1,436,20,2,Yes
4/11/2025 21:36,19,Male,Bihar,Dresses,Puma,2,479,20,5,No
4/11/2025 21:36,45,Male,Bihar,Shorts,Levie's,1,984,15,4.5,No
4/11/2025 21:36,67,Female,Uttar Pradesh,Shorts,Zudio,2,973,10,5,Yes
4/11/2025 21:36,56,Female,Arunachal Pradesh,Jackets,Nike,3,687,25,2,Yes
4/11/2025 21:36,23,Female,Karnataka,Shorts,Zudio,6,616,10,3,No
4/11/2025 21:36,30,Male,Manipur,Suits,Puma,7,877,30,3,Yes
4/11/2025 21:36,26,Male,Gujarat,Shirts,Levie's,4,856,30,3,No
4/11/2025 21:36,31,Female,Madhya Pradesh,Sweaters,Adidas,7,469,15,1,Yes
4/11/2025 21:36,63,Female,Meghalaya,Jackets,Nike,7,826,10,1,Yes
4/11/2025 21:36,38,Male,Maharashtra,Skirts,Nike,1,697,20,4.5,No
4/11/2025 21:36,56,Female,Manipur,Shorts,Nike,3,593,10,2.5,Yes
4/11/2025 21:36,54,Male,Assam,Sweaters,Adidas,1,590,15,1,No
4/11/2025 21:36,70,Male,Meghalaya,Shorts,Adidas,3,843,10,3.5,No
4/11/2025 21:36,30,Male,Jharkhand,Suits,Adidas,4,446,30,4,Yes
4/11/2025 21:36,22,Female,Jharkhand,Trousers,Zudio,3,933,10,5,Yes
4/11/2025 21:36,54,Male,Mizoram,Sweaters,Zudio,7,652,15,5,No
4/11/2025 21:36,44,Female,Nagaland,Sweaters,Raymond,2,647,15,4.5,Yes
4/11/2025 21:36,30,Male,Punjab,Dresses,Levie's,4,479,30,4,Yes
4/11/2025 21:36,65,Male,West Bengal,Shorts,Raymond,1,546,20,2,Yes
4/11/2025 21:36,55,Male,West Bengal,Sleepwear,Nike,7,411,15,1,No
4/11/2025 21:36,18,Female,Sikkim,Formal Wear,Raymond,7,623,25,5,No
4/11/2025 21:36,65,Male,Uttar Pradesh,Formal Wear,Pantaloons,1,846,10,4.5,Yes
4/11/2025 21:36,70,Male,Bihar,T-shirts,Pantaloons,6,941,20,1,No
4/11/2025 21:36,51,Male,Jharkhand,Dresses,Zudio,7,697,30,2,No
4/11/2025 21:36,69,Male,Karnataka,Jackets,Pantaloons,4,653,25,4.5,Yes
4/11/2025 21:36,57,Male,Sikkim,Ethnic Wear,Raymond,2,560,10,5,No
4/11/2025 21:36,62,Male,Chhattisgarh,Undergarments,Adidas,2,787,20,1.5,No
4/11/2025 21:36,41,Female,Mizoram,Shorts,Levie's,5,434,30,3.5,No
4/11/2025 21:36,23,Male,Jharkhand,Jeans,Pantaloons,7,858,30,1,Yes
4/11/2025 21:36,18,Male,Tripura,Activewear,Nike,5,908,25,2,No
4/11/2025 21:36,66,Female,Tamil Nadu,Undergarments,H&M,7,737,10,2,No
4/11/2025 21:36,28,Female,Maharashtra,Jeans,Adidas,2,567,25,1,Yes
4/11/2025 21:36,26,Male,Meghalaya,Formal Wear,Raymond,2,674,20,2,Yes
4/11/2025 21:36,43,Male,Sikkim,Activewear,Zudio,1,653,25,3.5,No
4/11/2025 21:36,60,Female,Uttarakhand,Suits,Nike,5,663,25,2.5,No
4/11/2025 21:36,52,Male,West Bengal,Ethnic Wear,Nike,3,899,10,3.5,Yes
4/11/2025 21:36,23,Female,Goa,Trousers,H&M,4,547,20,3,No
4/11/2025 21:36,59,Female,West Bengal,Undergarments,Puma,6,901,15,1.5,No
4/11/2025 21:36,23,Male,Uttarakhand,Activewear,Zudio,6,615,30,1,No
4/11/2025 21:36,50,Male,Gujarat,Formal Wear,Puma,3,797,15,2,Yes
4/11/2025 21:36,48,Male,Bihar,Dresses,Nike,2,411,20,1.5,Yes
4/11/2025 21:36,19,Male,Tamil Nadu,T-shirts,Raymond,3,669,10,5,No
4/11/2025 21:36,59,Female,Uttar Pradesh,Activewear,Pantaloons,7,810,30,4,Yes
4/11/2025 21:36,30,Female,Assam,Shirts,Raymond,1,938,30,4,Yes
4/11/2025 21:36,56,Female,Assam,Jeans,Pantaloons,5,777,25,1.5,No
4/11/2025 21:36,60,Male,Manipur,Sleepwear,Pantaloons,7,861,25,1,No
4/11/2025 21:36,67,Male,Uttarakhand,Jackets,Pantaloons,3,519,30,4.5,No
4/11/2025 21:36,25,Female,Kerala,Jeans,Nike,3,949,25,4.5,No
4/11/2025 21:36,50,Male,Uttarakhand,Sweaters,Pantaloons,1,788,25,3.5,Yes
4/11/2025 21:36,28,Female,Tripura,Shirts,Raymond,1,768,15,1.5,Yes
4/11/2025 21:36,50,Male,Himachal Pradesh,Dresses,Puma,4,632,20,3,No
4/11/2025 21:36,64,Male,Madhya Pradesh,Jackets,Nike,7,685,15,2.5,No
4/11/2025 21:36,55,Male,Karnataka,Sleepwear,Pantaloons,7,667,25,5,No
4/11/2025 21:36,30,Female,Tamil Nadu,Skirts,Raymond,6,966,10,1,No
4/11/2025 21:36,44,Male,Tamil Nadu,Formal Wear,H&M,1,750,10,2,No
4/11/2025 21:36,34,Male,Karnataka,Sleepwear,Zudio,6,676,25,1,No
4/11/2025 21:36,19,Female,Himachal Pradesh,Ethnic Wear,Raymond,5,844,30,5,Yes
4/11/2025 21:36,18,Female,Jharkhand,Activewear,Puma,3,521,10,4.5,No
4/11/2025 21:36,38,Male,Kerala,Formal Wear,Zudio,5,949,25,5,Yes
4/11/2025 21:36,50,Female,Assam,Skirts,Raymond,6,944,10,2.5,No
4/11/2025 21:36,39,Male,Maharashtra,Dresses,Zudio,1,823,10,2.5,Yes
4/11/2025 21:36,60,Male,Uttar Pradesh,Sleepwear,Nike,3,716,30,4.5,Yes
4/11/2025 21:36,37,Male,Goa,Dresses,Raymond,2,948,10,5,No
4/11/2025 21:36,52,Female,Tripura,Suits,H&M,4,431,25,4.5,No
4/11/2025 21:36,40,Male,Nagaland,Skirts,Adidas,2,651,10,4.5,Yes
4/11/2025 21:36,29,Male,Andhra Pradesh,Suits,Pantaloons,6,971,25,1,No
4/11/2025 21:36,38,Female,Jharkhand,T-shirts,H&M,4,990,10,4,No
4/11/2025 21:36,35,Female,Karnataka,Sweaters,H&M,1,728,25,2.5,Yes
4/11/2025 21:36,28,Male,Gujarat,Undergarments,H&M,3,593,20,4.5,Yes
4/11/2025 21:36,43,Male,Haryana,Sweaters,Raymond,1,695,20,1.5,Yes
4/11/2025 21:36,25,Male,Manipur,Formal Wear,Puma,1,550,30,2.5,No
4/11/2025 21:36,32,Female,Maharashtra,Shirts,Raymond,1,520,30,4,No
4/11/2025 21:36,33,Female,Uttar Pradesh,Skirts,Zudio,1,951,15,5,No
4/11/2025 21:36,31,Male,Odisha,Skirts,Adidas,4,435,20,2.5,Yes
4/11/2025 21:36,68,Female,Haryana,Sleepwear,Adidas,5,703,25,4,No
4/11/2025 21:36,60,Male,Sikkim,Trousers,Pantaloons,7,480,20,4.5,Yes
4/11/2025 21:36,28,Female,Assam,Formal Wear,Raymond,5,465,10,4.5,No
4/11/2025 21:36,60,Female,Punjab,Activewear,Pantaloons,7,986,20,3.5,No
4/11/2025 21:36,68,Male,Maharashtra,T-shirts,Adidas,1,853,15,4,No
4/11/2025 21:36,37,Female,Manipur,Shorts,Levie's,5,818,25,4,No
4/11/2025 21:36,29,Female,Goa,Activewear,Zudio,1,524,15,3,Yes
4/11/2025 21:36,56,Male,Andhra Pradesh,Trousers,Puma,1,419,20,2.5,No
4/11/2025 21:36,32,Female,Gujarat,Jeans,Levie's,2,465,10,3.5,Yes
4/11/2025 21:36,32,Female,Tripura,T-shirts,Zudio,2,556,25,1,Yes
4/11/2025 21:36,49,Female,Arunachal Pradesh,Activewear,Zudio,1,908,30,1,Yes
4/11/2025 21:36,40,Female,Karnataka,Jeans,Adidas,7,479,30,3,Yes
4/11/2025 21:36,36,Female,Sikkim,Trousers,Zudio,4,958,25,2.5,No
4/11/2025 21:36,53,Male,Gujarat,T-shirts,H&M,2,978,15,3,No
4/11/2025 21:36,50,Male,Himachal Pradesh,Activewear,Pantaloons,6,805,30,1.5,Yes
4/11/2025 21:36,44,Female,Punjab,Jeans,Zudio,1,561,25,4,Yes
4/11/2025 21:36,64,Male,Kerala,Undergarments,Raymond,3,642,10,4.5,No
4/11/2025 21:36,29,Male,Tripura,Shirts,Adidas,1,513,25,2.5,No
4/11/2025 21:36,39,Female,Odisha,Activewear,Raymond,3,436,30,2.5,Yes
4/11/2025 21:36,67,Female,Manipur,Shorts,H&M,2,723,25,4.5,No
4/11/2025 21:36,60,Female,Sikkim,Jackets,Nike,2,609,20,2.5,Yes
4/11/2025 21:36,49,Male,Tamil Nadu,Formal Wear,Zudio,4,415,15,2.5,Yes
4/11/2025 21:36,46,Female,Chhattisgarh,Skirts,Levie's,5,907,10,1,Yes
4/11/2025 21:36,68,Male,Kerala,Jackets,Pantaloons,7,974,20,1.5,No
4/11/2025 21:36,48,Female,Manipur,Shorts,Puma,5,703,20,2.5,No
4/11/2025 21:36,40,Male,Nagaland,Dresses,Zudio,3,548,10,5,No
4/11/2025 21:36,20,Female,Tamil Nadu,Undergarments,Pantaloons,3,606,25,1.5,Yes
4/11/2025 21:36,58,Female,Odisha,Suits,Pantaloons,3,698,25,2,No
4/11/2025 21:36,54,Male,Maharashtra,Ethnic Wear,Adidas,4,923,20,2,Yes
4/11/2025 21:36,47,Male,Nagaland,Suits,Nike,4,754,15,4,No
4/11/2025 21:36,31,Male,Goa,Jackets,Pantaloons,2,700,25,3.5,Yes
4/11/2025 21:36,19,Female,Punjab,Dresses,Nike,7,490,25,3.5,Yes
4/11/2025 21:36,44,Female,Bihar,Undergarments,Pantaloons,1,928,10,4.5,No
4/11/2025 21:36,58,Female,Nagaland,Skirts,Nike,6,569,10,4,No
4/11/2025 21:36,32,Male,Tripura,Ethnic Wear,Levie's,4,894,10,1.5,No
4/11/2025 21:36,42,Male,Mizoram,Dresses,Nike,2,587,10,2,Yes
4/11/2025 21:36,60,Male,Punjab,Suits,Levie's,7,590,10,3.5,Yes
4/11/2025 21:36,63,Male,Bihar,Trousers,Pantaloons,1,466,25,3.5,Yes
4/11/2025 21:36,53,Female,Chhattisgarh,Formal Wear,Puma,4,770,25,1,Yes
4/11/2025 21:36,56,Female,Maharashtra,Skirts,Nike,6,678,10,1.5,Yes
4/11/2025 21:36,48,Female,Gujarat,Undergarments,Raymond,6,931,10,5,Yes
4/11/2025 21:36,48,Male,Punjab,Trousers,Puma,2,495,25,3,Yes
4/11/2025 21:36,50,Female,Goa,Undergarments,Puma,4,572,20,1.5,No
4/11/2025 21:36,24,Male,Sikkim,Sweaters,Adidas,5,895,20,2,Yes
4/11/2025 21:36,33,Female,Gujarat,Ethnic Wear,Pantaloons,4,723,30,4,No
4/11/2025 21:36,48,Male,Gujarat,Ethnic Wear,H&M,2,773,25,4,Yes
4/11/2025 21:36,40,Male,Punjab,Activewear,Zudio,1,955,10,4.5,Yes
4/11/2025 21:36,70,Male,Mizoram,Undergarments,Adidas,1,903,20,4.5,Yes
4/11/2025 21:36,57,Female,Tamil Nadu,Sweaters,Levie's,5,492,15,3.5,Yes
4/11/2025 21:36,38,Female,Telangana,Sleepwear,Adidas,3,946,15,5,Yes
4/11/2025 21:36,26,Female,Chhattisgarh,Formal Wear,Puma,1,486,10,4.5,No
4/11/2025 21:36,24,Female,Odisha,Jeans,H&M,5,671,10,3.5,Yes
4/11/2025 21:36,70,Male,Telangana,Sweaters,Nike,6,496,25,1.5,Yes
4/11/2025 21:36,30,Male,Goa,Jeans,Pantaloons,1,816,10,4,No
4/11/2025 21:36,66,Female,Uttar Pradesh,Sleepwear,Nike,4,672,30,2.5,Yes
4/11/2025 21:36,37,Male,Meghalaya,Ethnic Wear,Levie's,2,507,20,1,Yes
4/11/2025 21:36,67,Male,Tamil Nadu,Formal Wear,H&M,5,565,10,2,Yes
4/11/2025 21:36,30,Male,Uttarakhand,Shirts,Adidas,4,686,30,1.5,Yes
4/11/2025 21:36,53,Female,Tamil Nadu,Sleepwear,Levie's,3,619,30,3.5,No
4/11/2025 21:36,61,Male,Chhattisgarh,Trousers,H&M,2,476,20,1.5,No
4/11/2025 21:36,21,Male,Odisha,Activewear,Zudio,6,522,30,1.5,No
4/11/2025 21:36,58,Female,Gujarat,Ethnic Wear,Zudio,3,445,25,2,No
4/11/2025 21:36,23,Male,Uttar Pradesh,Ethnic Wear,Nike,2,573,15,3,Yes
4/11/2025 21:36,70,Female,West Bengal,Formal Wear,H&M,2,819,20,4.5,Yes
4/11/2025 21:36,26,Female,Gujarat,Jackets,Zudio,4,490,25,4.5,No
4/11/2025 21:36,64,Male,Odisha,Shorts,Zudio,5,721,20,5,No
4/11/2025 21:36,67,Male,Andhra Pradesh,Dresses,H&M,6,623,30,1.5,Yes
4/11/2025 21:36,33,Male,Andhra Pradesh,Activewear,Puma,3,1000,25,5,Yes
4/11/2025 21:36,59,Male,Sikkim,Shirts,Puma,1,564,10,2.5,Yes
4/11/2025 21:36,34,Female,Meghalaya,Activewear,Nike,1,475,30,3,Yes
4/11/2025 21:36,48,Male,Jharkhand,Ethnic Wear,Adidas,5,639,20,1.5,No
4/11/2025 21:36,64,Female,Madhya Pradesh,Formal Wear,H&M,5,630,10,1.5,No
4/11/2025 21:36,55,Male,Andhra Pradesh,Sleepwear,H&M,6,853,20,1,Yes
4/11/2025 21:36,54,Female,Goa,Suits,Adidas,2,971,30,1.5,No
4/11/2025 21:36,56,Female,Haryana,Sleepwear,H&M,1,724,15,2,No
4/11/2025 21:36,33,Male,Punjab,Dresses,Zudio,3,401,20,5,Yes
4/11/2025 21:36,47,Female,Telangana,Skirts,H&M,2,927,25,3,Yes
4/11/2025 21:36,38,Male,Assam,Undergarments,Adidas,6,975,20,1.5,No
4/11/2025 21:36,31,Female,Uttar Pradesh,Sweaters,H&M,7,560,20,1,Yes
4/11/2025 21:36,51,Female,Assam,Skirts,Pantaloons,5,661,10,1,Yes
4/11/2025 21:36,37,Female,Goa,Shorts,Pantaloons,6,482,20,3.5,No
4/11/2025 21:36,60,Female,Mizoram,T-shirts,Pantaloons,4,807,30,3.5,Yes
4/11/2025 21:36,23,Female,Nagaland,Suits,Levie's,5,631,10,3,Yes
4/11/2025 21:36,31,Female,Uttar Pradesh,Suits,Pantaloons,7,656,25,5,Yes
4/11/2025 21:36,43,Male,Rajasthan,Jeans,Raymond,7,689,15,5,No
4/11/2025 21:36,48,Female,Nagaland,Activewear,Levie's,2,643,30,2,Yes
4/11/2025 21:36,27,Male,Rajasthan,T-shirts,Nike,7,928,20,3,Yes
4/11/2025 21:36,70,Female,Jharkhand,T-shirts,Zudio,3,961,10,5,Yes
4/11/2025 21:36,55,Male,Odisha,Jackets,Pantaloons,7,430,15,5,No
4/11/2025 21:36,31,Female,Jharkhand,T-shirts,H&M,2,557,25,1.5,Yes
4/11/2025 21:36,37,Male,Arunachal Pradesh,T-shirts,Nike,7,769,20,3,No
4/11/2025 21:36,30,Female,Jharkhand,Activewear,Adidas,4,499,20,3,Yes
4/11/2025 21:36,54,Male,Himachal Pradesh,T-shirts,Zudio,7,527,10,2,Yes
4/11/2025 21:36,67,Female,Haryana,Trousers,H&M,5,709,10,3,No
4/11/2025 21:36,66,Female,Sikkim,Trousers,Levie's,1,931,25,4.5,No
4/11/2025 21:36,50,Female,Rajasthan,Shirts,Pantaloons,6,905,20,1,No
4/11/2025 21:36,32,Female,Gujarat,Sweaters,Puma,5,401,20,3.5,No
4/11/2025 21:36,45,Male,Gujarat,Sleepwear,Levie's,3,576,10,2.5,No
4/11/2025 21:36,25,Female,Madhya Pradesh,Shorts,Nike,1,968,25,5,Yes
4/11/2025 21:36,48,Male,Madhya Pradesh,Skirts,Adidas,1,655,20,1,No
4/11/2025 21:36,33,Male,Madhya Pradesh,Dresses,Adidas,2,796,10,3,No
4/11/2025 21:36,57,Male,Uttarakhand,Ethnic Wear,Zudio,4,811,10,2.5,No
4/11/2025 21:36,41,Female,Tamil Nadu,Dresses,Zudio,6,438,15,3,Yes
4/11/2025 21:36,26,Male,Gujarat,Sweaters,Levie's,4,830,15,4.5,Yes
4/11/2025 21:36,56,Male,Madhya Pradesh,Jeans,Levie's,2,522,20,3,Yes
4/11/2025 21:36,26,Male,Uttarakhand,T-shirts,H&M,5,728,25,4.5,No
4/11/2025 21:36,34,Female,Assam,Sleepwear,Raymond,2,781,25,4,Yes
4/11/2025 21:36,30,Male,Kerala,Skirts,Zudio,3,434,10,3.5,No
4/11/2025 21:36,39,Male,Punjab,Dresses,Pantaloons,2,798,20,3.5,No
4/11/2025 21:36,35,Male,Haryana,Skirts,Raymond,5,841,25,1,No
4/11/2025 21:36,62,Male,Andhra Pradesh,Sleepwear,Nike,7,517,30,1.5,Yes
4/11/2025 21:36,23,Female,Arunachal Pradesh,Formal Wear,Levie's,5,507,20,3,No
4/11/2025 21:36,18,Male,Gujarat,Shirts,H&M,3,486,15,4.5,No
4/11/2025 21:36,23,Male,Kerala,Sleepwear,Pantaloons,5,492,20,3,No
4/11/2025 21:36,23,Female,Jharkhand,Undergarments,Adidas,7,917,25,3,No
4/11/2025 21:36,48,Female,Sikkim,Shirts,Adidas,6,717,20,2.5,No
4/11/2025 21:36,25,Female,Karnataka,T-shirts,Levie's,3,779,10,4.5,Yes
4/11/2025 21:36,37,Female,Tripura,Sleepwear,Adidas,1,553,30,4.5,No
4/11/2025 21:36,66,Female,Manipur,Activewear,Puma,4,780,10,5,No
4/11/2025 21:36,19,Male,Goa,Sleepwear,Puma,3,913,15,2.5,No
4/11/2025 21:36,42,Female,Goa,Skirts,Levie's,1,746,10,4,Yes
4/11/2025 21:36,66,Female,Arunachal Pradesh,T-shirts,Adidas,5,871,20,4.5,Yes
4/11/2025 21:36,45,Female,Nagaland,Sweaters,H&M,5,549,30,4,Yes
4/11/2025 21:36,18,Male,Maharashtra,T-shirts,Pantaloons,6,504,30,1,Yes
4/11/2025 21:36,56,Female,Punjab,Sleepwear,H&M,7,439,20,2,No
4/11/2025 21:36,32,Male,Goa,Shorts,Zudio,6,741,20,2.5,Yes
4/11/2025 21:36,69,Female,Haryana,Suits,Nike,3,730,20,4.5,Yes
4/11/2025 21:36,52,Male,Assam,Skirts,Levie's,3,818,10,1.5,No
4/11/2025 21:36,59,Female,Kerala,Ethnic Wear,Zudio,1,551,10,1.5,No
4/11/2025 21:36,19,Female,Maharashtra,Suits,Raymond,3,425,20,3,Yes
4/11/2025 21:36,49,Male,Rajasthan,Undergarments,Puma,6,616,30,3,Yes
4/11/2025 21:36,28,Female,Uttarakhand,Undergarments,Nike,4,642,15,1.5,Yes
4/11/2025 21:36,27,Female,Bihar,T-shirts,Zudio,3,809,10,3,Yes
4/11/2025 21:36,56,Male,Meghalaya,Shorts,Puma,5,718,10,1,Yes
4/11/2025 21:36,55,Male,Sikkim,Undergarments,Puma,3,536,20,2.5,No
4/11/2025 21:36,60,Male,Meghalaya,Shorts,H&M,4,664,20,3.5,No
4/11/2025 21:36,26,Male,Himachal Pradesh,Jeans,Adidas,5,616,15,3,No
4/11/2025 21:36,62,Female,Madhya Pradesh,Trousers,H&M,2,411,10,1,Yes
4/11/2025 21:36,64,Female,Manipur,Sleepwear,Nike,7,403,20,3.5,No
4/11/2025 21:36,53,Female,Maharashtra,Shorts,H&M,3,539,15,2.5,No
4/11/2025 21:36,37,Female,Kerala,Ethnic Wear,Pantaloons,7,689,30,3.5,Yes
4/11/2025 21:36,51,Male,Maharashtra,Dresses,Puma,2,704,15,5,No
4/11/2025 21:36,57,Female,Uttarakhand,Formal Wear,Nike,7,779,30,2.5,Yes
4/11/2025 21:36,62,Female,West Bengal,Jeans,Levie's,3,525,30,1,Yes
4/11/2025 21:36,68,Male,Nagaland,Sleepwear,H&M,4,530,30,5,Yes
4/11/2025 21:36,30,Male,Karnataka,Sweaters,H&M,3,799,25,1,No
4/11/2025 21:36,25,Female,Karnataka,Trousers,H&M,1,987,30,2,No
4/11/2025 21:36,67,Male,Haryana,Dresses,Raymond,5,657,15,2,Yes
4/11/2025 21:36,45,Female,Manipur,Ethnic Wear,Pantaloons,4,702,20,1.5,Yes
4/11/2025 21:36,50,Female,Himachal Pradesh,Activewear,Pantaloons,3,619,25,1.5,Yes
4/11/2025 21:36,28,Female,Telangana,Shorts,Pantaloons,2,766,30,1,No
4/11/2025 21:36,45,Female,Himachal Pradesh,Shorts,Nike,7,655,20,3.5,No
4/11/2025 21:36,40,Female,Madhya Pradesh,Sleepwear,Zudio,5,574,30,1.5,No
4/11/2025 21:36,47,Female,Tripura,T-shirts,Pantaloons,6,601,15,4.5,Yes
4/11/2025 21:36,33,Female,Tripura,Sleepwear,H&M,5,441,25,3.5,No
4/11/2025 21:36,62,Male,Chhattisgarh,Dresses,Pantaloons,7,827,10,3,No
4/11/2025 21:36,70,Female,Gujarat,Dresses,Pantaloons,3,637,10,2.5,No
4/11/2025 21:36,70,Female,Maharashtra,Suits,H&M,2,450,30,3,No
4/11/2025 21:36,59,Female,Nagaland,Activewear,Nike,4,666,25,1.5,No
4/11/2025 21:36,34,Male,Rajasthan,Undergarments,H&M,2,628,30,1.5,No
4/11/2025 21:36,52,Female,Goa,Shorts,Raymond,1,942,10,3,No
4/11/2025 21:36,51,Female,Uttar Pradesh,Shorts,Levie's,3,900,30,4.5,Yes
4/11/2025 21:36,21,Female,Uttar Pradesh,Sleepwear,Zudio,6,450,20,3.5,No
4/11/2025 21:36,44,Male,Andhra Pradesh,Sleepwear,Puma,4,737,15,1.5,No
4/11/2025 21:36,28,Male,Sikkim,Dresses,Raymond,7,529,15,4,Yes
4/11/2025 21:36,45,Female,Karnataka,Jeans,Pantaloons,3,676,25,1,Yes
4/11/2025 21:36,59,Male,Bihar,Shirts,Zudio,3,687,15,4,No
4/11/2025 21:36,48,Female,Arunachal Pradesh,T-shirts,Zudio,5,962,10,2.5,No
4/11/2025 21:36,70,Female,Haryana,Trousers,Levie's,3,617,15,4.5,Yes
4/11/2025 21:36,21,Female,Mizoram,Suits,Pantaloons,4,581,30,5,Yes
4/11/2025 21:36,64,Male,Tamil Nadu,Ethnic Wear,Puma,3,971,15,2.5,Yes
4/11/2025 21:36,44,Female,Tamil Nadu,Activewear,Raymond,3,899,15,4,Yes
4/11/2025 21:36,18,Male,Haryana,Suits,Pantaloons,2,432,20,2,Yes
4/11/2025 21:36,64,Male,Kerala,Skirts,Adidas,4,910,25,3.5,Yes
4/11/2025 21:36,53,Male,Gujarat,Sweaters,Pantaloons,2,663,20,3,No
4/11/2025 21:36,62,Female,Tamil Nadu,Shorts,Nike,6,447,20,2,Yes
4/11/2025 21:36,44,Male,Maharashtra,Shorts,Nike,7,747,30,1,No
4/11/2025 21:36,50,Male,West Bengal,Shorts,Adidas,1,650,25,2.5,Yes
4/11/2025 21:36,65,Male,Gujarat,Formal Wear,Nike,3,415,25,3.5,No
4/11/2025 21:36,54,Female,Manipur,T-shirts,Nike,4,650,30,1,No
4/11/2025 21:36,39,Male,Assam,Dresses,Pantaloons,7,719,30,5,Yes
4/11/2025 21:36,48,Male,Nagaland,Trousers,Zudio,6,845,15,1.5,Yes
4/11/2025 21:36,68,Female,Madhya Pradesh,T-shirts,Adidas,2,729,15,3,Yes
4/11/2025 21:36,66,Female,Arunachal Pradesh,Ethnic Wear,Levie's,3,995,30,2.5,No
4/11/2025 21:36,44,Female,Telangana,Jeans,H&M,6,575,10,4,Yes
4/11/2025 21:36,61,Female,Uttar Pradesh,Sweaters,H&M,1,960,25,3,No
4/11/2025 21:36,35,Female,Andhra Pradesh,Dresses,Raymond,5,980,25,5,Yes
4/11/2025 21:36,33,Male,Kerala,Skirts,H&M,4,824,20,3.5,No
4/11/2025 21:36,62,Female,Manipur,Skirts,Puma,4,647,15,4.5,No
4/11/2025 21:36,35,Female,Uttarakhand,Jackets,Nike,1,505,20,3.5,Yes
4/11/2025 21:36,42,Male,Jharkhand,Suits,Raymond,1,423,25,1,Yes
4/11/2025 21:36,56,Male,Mizoram,Formal Wear,Zudio,7,882,15,5,No
4/11/2025 21:36,69,Female,Punjab,Activewear,Adidas,2,436,10,1,Yes
4/11/2025 21:36,19,Female,Jharkhand,Formal Wear,H&M,5,568,10,4.5,No
4/11/2025 21:36,56,Female,Uttar Pradesh,Sleepwear,Adidas,5,751,10,2.5,No
4/11/2025 21:36,62,Male,Haryana,T-shirts,Adidas,6,652,15,5,No
4/11/2025 21:36,24,Female,Chhattisgarh,Sweaters,Adidas,5,408,20,2.5,Yes
4/11/2025 21:36,63,Male,Rajasthan,Undergarments,Nike,6,555,10,3.5,No
4/11/2025 21:36,26,Male,Haryana,Activewear,Pantaloons,4,953,15,5,Yes
4/11/2025 21:36,38,Female,Jharkhand,Undergarments,Raymond,5,675,10,4.5,No
4/11/2025 21:36,60,Male,Telangana,Skirts,Puma,4,825,25,1,No
4/11/2025 21:36,26,Female,Maharashtra,Shirts,Nike,1,504,25,5,Yes
4/11/2025 21:36,44,Male,Haryana,Sleepwear,Adidas,2,667,15,3,No
4/11/2025 21:36,32,Female,Karnataka,Activewear,Puma,4,614,30,4.5,No
4/11/2025 21:36,29,Male,Assam,Trousers,Zudio,4,421,30,2,Yes
4/11/2025 21:36,34,Male,Haryana,Jackets,Zudio,7,817,20,4,Yes
4/11/2025 21:36,26,Male,Gujarat,Undergarments,Nike,4,514,10,3,No
4/11/2025 21:36,41,Female,Haryana,Formal Wear,Pantaloons,5,492,20,1.5,No
4/11/2025 21:36,41,Female,Mizoram,T-shirts,Zudio,4,894,15,3,No
4/11/2025 21:36,56,Female,Uttar Pradesh,Shirts,H&M,2,877,30,3.5,No
4/11/2025 21:36,63,Male,Gujarat,Jackets,Levie's,3,609,25,3.5,No
4/11/2025 21:36,31,Female,Gujarat,Skirts,Pantaloons,1,812,25,3,No
4/11/2025 21:36,61,Female,Punjab,Undergarments,H&M,4,609,20,2,No
4/11/2025 21:36,20,Male,Telangana,Activewear,Adidas,1,682,15,3.5,Yes
4/11/2025 21:36,24,Male,Kerala,Ethnic Wear,Puma,6,771,30,3.5,Yes
4/11/2025 21:36,43,Female,West Bengal,Suits,Pantaloons,4,925,15,3.5,Yes
4/11/2025 21:36,48,Male,Bihar,T-shirts,Adidas,2,456,15,3,No
4/11/2025 21:36,36,Female,Kerala,T-shirts,Levie's,7,426,20,1.5,No
4/11/2025 21:36,61,Female,Tripura,Activewear,Adidas,4,688,20,4.5,Yes
4/11/2025 21:36,47,Male,Jharkhand,Ethnic Wear,Nike,6,634,30,5,No
4/11/2025 21:36,51,Male,Tamil Nadu,Trousers,Adidas,6,948,10,2.5,Yes
4/11/2025 21:36,53,Female,Karnataka,Skirts,Levie's,6,661,25,1,No
4/11/2025 21:36,46,Male,Punjab,Skirts,H&M,4,919,30,2.5,Yes
4/11/2025 21:36,18,Male,Jharkhand,Suits,Raymond,5,578,20,1.5,Yes
4/11/2025 21:36,39,Female,Meghalaya,Jackets,Raymond,4,692,10,2,No
4/11/2025 21:36,45,Female,Meghalaya,Undergarments,Puma,6,517,15,4.5,No
4/11/2025 21:36,34,Male,Goa,Suits,H&M,1,462,10,4.5,Yes
4/11/2025 21:36,29,Male,Chhattisgarh,Shorts,Raymond,2,944,25,2,No
4/11/2025 21:36,46,Female,Telangana,Suits,Nike,3,952,25,2.5,No
4/11/2025 21:36,48,Male,Haryana,Skirts,Puma,7,871,20,2.5,Yes
4/11/2025 21:36,43,Female,Sikkim,Ethnic Wear,Zudio,2,627,10,1.5,Yes
4/11/2025 21:36,32,Male,Uttar Pradesh,T-shirts,Puma,6,643,20,4.5,Yes
4/11/2025 21:36,57,Female,Tripura,Jackets,Pantaloons,1,818,20,3.5,No
4/11/2025 21:36,40,Male,Uttar Pradesh,Activewear,Zudio,2,926,15,5,Yes
4/11/2025 21:36,33,Female,Mizoram,Ethnic Wear,Raymond,3,847,25,4.5,Yes
4/11/2025 21:36,25,Female,Goa,Ethnic Wear,Levie's,5,737,20,5,No
4/11/2025 21:36,28,Female,Madhya Pradesh,Activewear,H&M,3,888,10,3,No
4/11/2025 21:36,24,Male,Madhya Pradesh,Sweaters,Raymond,2,882,15,4,No
4/11/2025 21:36,31,Male,Madhya Pradesh,Jackets,Adidas,4,406,15,4,No
4/11/2025 21:36,54,Male,Arunachal Pradesh,Trousers,Zudio,6,777,20,4.5,Yes
4/11/2025 21:36,44,Male,Kerala,Shorts,Nike,5,899,20,3.5,Yes
4/11/2025 21:36,62,Male,Mizoram,Shirts,Raymond,4,654,10,5,No
4/11/2025 21:36,68,Female,Nagaland,Trousers,Puma,2,904,30,4.5,Yes
4/11/2025 21:36,49,Female,Haryana,Shorts,Adidas,2,710,25,4.5,No
4/11/2025 21:36,61,Female,Nagaland,Sweaters,H&M,1,956,10,1.5,No
4/11/2025 21:36,27,Male,Nagaland,Suits,H&M,1,986,15,1,No
4/11/2025 21:36,41,Male,Andhra Pradesh,Formal Wear,Nike,6,866,25,2,No
4/11/2025 21:36,42,Female,Assam,Formal Wear,Puma,7,464,10,2,Yes
4/11/2025 21:36,66,Male,Uttar Pradesh,Jackets,H&M,7,598,15,3,Yes
4/11/2025 21:36,47,Female,Rajasthan,Ethnic Wear,Levie's,4,599,20,1,No
4/11/2025 21:36,62,Male,Odisha,Dresses,Puma,1,830,10,2,No
4/11/2025 21:36,36,Male,Arunachal Pradesh,Formal Wear,Puma,3,928,15,5,No
4/11/2025 21:36,50,Female,Rajasthan,Undergarments,H&M,4,512,25,3.5,No
4/11/2025 21:36,46,Male,Uttar Pradesh,Trousers,Nike,4,864,25,2.5,Yes
4/11/2025 21:36,25,Female,Gujarat,Jackets,Zudio,2,774,30,4,Yes
4/11/2025 21:36,33,Male,Meghalaya,Jackets,Puma,1,706,25,3,Yes
4/11/2025 21:36,55,Female,Arunachal Pradesh,Jeans,H&M,6,574,25,4,No
4/11/2025 21:36,42,Female,Maharashtra,Sleepwear,Raymond,3,533,25,1,No
4/11/2025 21:36,37,Female,Jharkhand,Shirts,Puma,6,959,25,1,Yes
4/11/2025 21:36,45,Male,Gujarat,Activewear,Zudio,6,605,15,3.5,Yes
4/11/2025 21:36,27,Male,Madhya Pradesh,Shirts,Puma,2,906,30,2,No
4/11/2025 21:36,32,Female,Bihar,Activewear,Nike,7,987,25,2,No
4/11/2025 21:36,29,Male,Nagaland,Suits,Nike,4,619,20,5,Yes
4/11/2025 21:36,34,Female,Uttar Pradesh,Jackets,Pantaloons,6,554,10,3,No
4/11/2025 21:36,34,Male,Haryana,Undergarments,Pantaloons,7,604,30,2,No
4/11/2025 21:36,32,Male,Meghalaya,Suits,Zudio,5,439,25,2.5,No
4/11/2025 21:36,42,Female,Rajasthan,Jeans,Nike,3,793,10,1.5,No
4/11/2025 21:36,46,Male,Bihar,Formal Wear,Raymond,7,584,20,2.5,No
4/11/2025 21:36,37,Female,Kerala,Ethnic Wear,Zudio,5,892,10,2.5,Yes
4/11/2025 21:36,30,Male,Assam,Suits,H&M,1,449,20,2.5,Yes
4/11/2025 21:36,56,Male,Odisha,Skirts,Zudio,6,894,15,2,Yes
4/11/2025 21:36,65,Male,Bihar,Shirts,Adidas,3,1000,15,3,Yes
4/11/2025 21:36,59,Female,Jharkhand,Undergarments,Puma,1,785,30,2.5,No
4/11/2025 21:36,20,Male,Uttar Pradesh,Shirts,H&M,6,538,25,2.5,No
4/11/2025 21:36,27,Male,Bihar,Shorts,Raymond,4,990,20,3,Yes
4/11/2025 21:36,45,Male,Himachal Pradesh,Ethnic Wear,Raymond,5,687,10,5,Yes
4/11/2025 21:36,37,Male,Tamil Nadu,T-shirts,Nike,7,572,30,1,No
4/11/2025 21:36,18,Male,Assam,Undergarments,Raymond,5,574,15,4.5,No
4/11/2025 21:36,36,Male,Manipur,Sweaters,Puma,3,511,25,4,Yes
4/11/2025 21:36,66,Male,Nagaland,Activewear,H&M,3,659,10,1.5,No
4/11/2025 21:36,51,Female,Arunachal Pradesh,Jeans,Pantaloons,5,974,20,2.5,Yes
4/11/2025 21:36,49,Female,Assam,Suits,Raymond,7,633,25,4,No
4/11/2025 21:36,35,Female,Uttar Pradesh,T-shirts,Zudio,6,829,25,4,Yes
4/11/2025 21:36,19,Male,Gujarat,Undergarments,Nike,6,815,20,4,Yes
4/11/2025 21:36,21,Female,Uttarakhand,Sweaters,Zudio,6,888,20,5,No
4/11/2025 21:36,60,Male,Meghalaya,Dresses,Nike,6,524,20,4,No
4/11/2025 21:36,45,Female,Karnataka,Shirts,Raymond,2,900,10,5,Yes
4/11/2025 21:36,19,Female,Chhattisgarh,Undergarments,Raymond,4,910,20,2,Yes
4/11/2025 21:36,49,Male,Uttar Pradesh,Sleepwear,Puma,2,667,10,5,Yes
4/11/2025 21:36,52,Male,Goa,Activewear,Levie's,4,890,10,3,Yes
4/11/2025 21:36,44,Male,Maharashtra,Shorts,Adidas,7,988,25,2.5,No
4/11/2025 21:36,58,Male,Karnataka,Suits,Raymond,6,506,25,3,Yes
4/11/2025 21:36,59,Female,Maharashtra,Skirts,Puma,2,646,30,5,Yes
4/11/2025 21:36,39,Female,Bihar,Sleepwear,Puma,4,479,20,5,Yes
4/11/2025 21:36,35,Female,Nagaland,Jeans,Nike,2,980,10,2,No
4/11/2025 21:36,39,Male,Kerala,Ethnic Wear,H&M,5,833,25,3.5,No
4/11/2025 21:36,21,Female,Uttar Pradesh,Undergarments,Adidas,1,706,20,4.5,Yes
4/11/2025 21:36,29,Female,Uttar Pradesh,Skirts,H&M,4,788,10,1,Yes
4/11/2025 21:36,63,Female,Jharkhand,Suits,Nike,6,855,25,5,Yes
4/11/2025 21:36,42,Male,Bihar,Activewear,Zudio,4,686,25,3.5,No
4/11/2025 21:36,66,Female,Nagaland,Jeans,Zudio,4,997,25,4.5,No
4/11/2025 21:36,68,Male,Goa,Undergarments,Nike,7,822,15,3.5,Yes
4/11/2025 21:36,22,Male,Kerala,Sleepwear,Nike,3,675,20,4,Yes
4/11/2025 21:36,23,Male,Tripura,Dresses,H&M,4,814,20,2.5,Yes
4/11/2025 21:36,37,Female,Jharkhand,T-shirts,Adidas,6,885,25,5,No
4/11/2025 21:36,41,Female,West Bengal,T-shirts,Pantaloons,3,950,25,2.5,No
4/11/2025 21:36,60,Male,Meghalaya,Jeans,H&M,6,986,15,4.5,No
4/11/2025 21:36,63,Male,Meghalaya,Jackets,Nike,4,871,25,4,No
4/11/2025 21:36,70,Male,Manipur,Activewear,Adidas,5,464,15,5,No
4/11/2025 21:36,32,Female,West Bengal,Ethnic Wear,Raymond,1,680,25,1,Yes
4/11/2025 21:36,37,Male,Tamil Nadu,Shorts,Nike,6,535,20,3.5,No
4/11/2025 21:36,54,Female,Punjab,Shirts,Zudio,6,521,15,4,No
4/11/2025 21:36,20,Male,Chhattisgarh,Shorts,Raymond,4,914,30,4.5,No
4/11/2025 21:36,27,Male,Andhra Pradesh,Formal Wear,Adidas,7,420,20,4.5,No
4/11/2025 21:36,61,Female,Tamil Nadu,Activewear,Puma,3,629,25,3.5,Yes
4/11/2025 21:36,42,Female,Goa,Skirts,Zudio,7,425,10,2,Yes
4/11/2025 21:36,22,Female,Nagaland,Skirts,Nike,4,701,20,4,No
4/11/2025 21:36,61,Male,Uttarakhand,Undergarments,Pantaloons,3,769,15,2.5,Yes
4/11/2025 21:36,60,Male,Tripura,Undergarments,Pantaloons,2,521,20,2,No
4/11/2025 21:36,34,Female,Manipur,Sleepwear,Adidas,2,443,15,3,No
4/11/2025 21:36,44,Female,Uttarakhand,Jeans,Zudio,4,995,20,4,No
4/11/2025 21:36,55,Male,Manipur,Skirts,Zudio,4,570,30,1,Yes
4/11/2025 21:36,41,Female,Haryana,Undergarments,Adidas,7,776,10,1.5,No
4/11/2025 21:36,27,Female,Jharkhand,Sweaters,H&M,2,661,30,3,Yes
4/11/2025 21:36,51,Male,Odisha,Trousers,Raymond,3,921,10,3,Yes
4/11/2025 21:36,62,Female,Odisha,Trousers,H&M,4,835,10,4,Yes
4/11/2025 21:36,39,Male,Himachal Pradesh,Activewear,Raymond,2,452,20,1,No
4/11/2025 21:36,48,Male,Manipur,Undergarments,Raymond,1,890,15,4,Yes
4/11/2025 21:36,46,Female,Uttarakhand,Sweaters,Zudio,4,998,10,4.5,Yes
4/11/2025 21:36,51,Male,Karnataka,Activewear,H&M,5,648,20,3.5,No
4/11/2025 21:36,29,Female,Madhya Pradesh,Trousers,Puma,1,509,20,3,Yes
4/11/2025 21:36,52,Male,Uttar Pradesh,Activewear,Raymond,4,918,15,4.5,Yes
4/11/2025 21:36,33,Male,Meghalaya,Dresses,H&M,2,758,15,4.5,Yes
4/11/2025 21:36,49,Female,Sikkim,Jackets,Nike,6,723,25,3.5,No
4/11/2025 21:36,22,Female,Sikkim,Suits,Raymond,1,775,10,3.5,Yes
4/11/2025 21:36,39,Male,West Bengal,Suits,H&M,5,899,30,1.5,No
4/11/2025 21:36,54,Male,Mizoram,T-shirts,Nike,4,772,25,1,Yes
4/11/2025 21:36,18,Male,Kerala,Skirts,Pantaloons,2,620,30,3,No
4/11/2025 21:36,70,Female,Assam,Jeans,Nike,6,704,15,1,No
4/11/2025 21:36,36,Female,Jharkhand,Suits,Adidas,5,705,10,5,No
4/11/2025 21:36,59,Male,Assam,Undergarments,Zudio,2,795,10,4,No
4/11/2025 21:36,57,Male,Gujarat,Shirts,H&M,6,735,25,1.5,No
4/11/2025 21:36,62,Male,Himachal Pradesh,Sleepwear,Zudio,5,904,10,3,Yes
4/11/2025 21:36,62,Male,Tripura,Sweaters,Puma,1,406,25,1,No
4/11/2025 21:36,64,Male,Tripura,Dresses,Puma,6,465,30,2,No
4/11/2025 21:36,63,Female,Chhattisgarh,Activewear,Raymond,5,758,20,2,No
4/11/2025 21:36,70,Female,Chhattisgarh,Skirts,Pantaloons,1,548,30,1.5,No
4/11/2025 21:36,23,Male,Mizoram,Shirts,Puma,7,668,15,5,No
4/11/2025 21:36,53,Female,Rajasthan,Shirts,H&M,5,894,25,2,No
4/11/2025 21:36,60,Female,Sikkim,Shorts,H&M,3,675,25,2.5,No
4/11/2025 21:36,53,Female,West Bengal,Undergarments,Levie's,2,925,25,3.5,Yes
4/11/2025 21:36,43,Male,Mizoram,Formal Wear,Adidas,4,749,10,4.5,No
4/11/2025 21:36,21,Male,Tripura,Trousers,Levie's,3,584,25,4,No
4/11/2025 21:36,33,Female,Himachal Pradesh,Shorts,Nike,4,872,25,4.5,Yes
4/11/2025 21:36,23,Male,Odisha,T-shirts,H&M,4,621,30,2,No
4/11/2025 21:36,49,Male,Meghalaya,Ethnic Wear,H&M,1,990,25,4.5,Yes
4/11/2025 21:36,38,Male,Gujarat,Formal Wear,Adidas,3,721,15,3.5,No
4/11/2025 21:36,45,Female,Goa,Formal Wear,Adidas,3,847,30,4.5,Yes
4/11/2025 21:36,52,Male,Mizoram,T-shirts,Levie's,2,628,20,4,Yes
4/11/2025 21:36,65,Male,Madhya Pradesh,Ethnic Wear,Levie's,6,468,20,4.5,Yes
4/11/2025 21:36,56,Female,Bihar,Trousers,Adidas,3,530,30,1,Yes
4/11/2025 21:36,60,Male,Tamil Nadu,Ethnic Wear,Levie's,1,501,15,4,No
4/11/2025 21:36,30,Female,Tripura,Skirts,Levie's,6,504,25,4,No
4/11/2025 21:36,22,Male,Gujarat,Jeans,Adidas,2,891,20,3,No
4/11/2025 21:36,27,Female,Rajasthan,T-shirts,Zudio,4,928,30,1,Yes
4/11/2025 21:36,53,Female,West Bengal,Formal Wear,Pantaloons,1,691,20,4,No
4/11/2025 21:36,66,Female,Bihar,Sweaters,Levie's,1,492,10,4,Yes
4/11/2025 21:36,26,Female,Uttarakhand,Suits,Puma,3,698,15,4.5,Yes
4/11/2025 21:36,54,Male,Madhya Pradesh,Jeans,H&M,2,478,30,4.5,No
4/11/2025 21:36,53,Female,Manipur,Trousers,Nike,4,864,10,2.5,Yes
4/11/2025 21:36,65,Female,Uttarakhand,Suits,Zudio,3,991,10,1,Yes
4/11/2025 21:36,29,Male,Goa,Activewear,Nike,5,407,15,3,Yes
4/11/2025 21:36,37,Female,Gujarat,Suits,Puma,6,682,30,2,Yes
4/11/2025 21:36,19,Female,Karnataka,Undergarments,H&M,5,660,10,5,Yes
4/11/2025 21:36,61,Female,Goa,Undergarments,Levie's,1,834,20,3,No
4/11/2025 21:36,44,Female,Sikkim,Ethnic Wear,Zudio,1,723,20,3.5,No
4/11/2025 21:36,66,Male,Tamil Nadu,Skirts,Nike,2,770,25,2.5,No
4/11/2025 21:36,41,Male,Tamil Nadu,Sweaters,Zudio,6,994,20,2.5,Yes
4/11/2025 21:36,59,Male,Assam,Jeans,Raymond,5,506,25,3,Yes
4/11/2025 21:36,50,Female,Tripura,Jackets,Zudio,1,611,20,1,No
4/11/2025 21:36,25,Female,Karnataka,Dresses,Zudio,1,856,30,3.5,No
4/11/2025 21:36,33,Male,Haryana,Jackets,Zudio,1,437,15,1.5,No
4/11/2025 21:36,33,Male,Haryana,Suits,Puma,3,555,15,4,Yes
4/11/2025 21:36,37,Female,Jharkhand,Suits,Raymond,7,484,20,2,Yes
4/11/2025 21:36,58,Female,Uttar Pradesh,T-shirts,Levie's,2,839,10,5,No
4/11/2025 21:36,32,Female,Maharashtra,Sweaters,Levie's,1,741,15,2.5,No
4/11/2025 21:36,62,Male,Bihar,Suits,H&M,1,493,30,4.5,No
4/11/2025 21:36,68,Male,Bihar,Activewear,Levie's,5,821,25,1.5,No
4/11/2025 21:36,47,Male,Sikkim,Jeans,Puma,1,570,10,1,No
4/11/2025 21:36,40,Male,Manipur,Sleepwear,Raymond,7,493,15,1.5,No
4/11/2025 21:36,50,Male,Odisha,Undergarments,Adidas,1,722,25,4,No
4/11/2025 21:36,33,Male,Uttarakhand,Sweaters,Levie's,7,812,15,5,Yes
4/11/2025 21:36,21,Female,Assam,Activewear,H&M,3,551,30,1,Yes
4/11/2025 21:36,51,Male,Punjab,Jackets,Pantaloons,7,600,20,5,No
4/11/2025 21:36,63,Male,Meghalaya,Skirts,Adidas,7,946,30,1.5,Yes
4/11/2025 21:36,18,Female,Maharashtra,Sleepwear,Adidas,3,466,30,4,Yes
4/11/2025 21:36,33,Female,Sikkim,Jeans,Adidas,4,491,20,4,No
4/11/2025 21:36,19,Female,Manipur,Dresses,Adidas,2,578,10,3,Yes
4/11/2025 21:36,68,Female,Meghalaya,Trousers,Zudio,1,643,20,2.5,No
4/11/2025 21:36,33,Male,Karnataka,Skirts,H&M,3,791,10,3,Yes
4/11/2025 21:36,24,Female,West Bengal,Activewear,Nike,7,580,15,5,Yes
4/11/2025 21:36,20,Male,Rajasthan,Sleepwear,Raymond,1,570,15,4.5,Yes
4/11/2025 21:36,58,Female,Mizoram,Undergarments,Pantaloons,3,505,15,4,Yes
4/11/2025 21:36,54,Male,Haryana,Formal Wear,Nike,2,742,20,4,Yes
4/11/2025 21:36,38,Female,Goa,Jackets,Puma,1,595,25,3.5,Yes
4/11/2025 21:36,70,Female,Karnataka,Sleepwear,Levie's,1,942,20,4,Yes
4/11/2025 21:36,26,Female,Haryana,Shirts,Levie's,1,623,25,3.5,Yes
4/11/2025 21:36,20,Female,Assam,Formal Wear,Zudio,4,729,30,1,No
4/11/2025 21:36,23,Female,Mizoram,Shirts,Pantaloons,6,816,25,4.5,No
4/11/2025 21:36,68,Female,Gujarat,Suits,H&M,5,813,10,1,No
4/11/2025 21:36,66,Male,Kerala,Activewear,Nike,1,573,20,3,Yes
4/11/2025 21:36,22,Female,Arunachal Pradesh,Undergarments,Pantaloons,6,884,30,4,No
4/11/2025 21:36,28,Male,Arunachal Pradesh,Activewear,Nike,6,430,10,3,Yes
4/11/2025 21:36,33,Female,Odisha,T-shirts,Zudio,7,757,25,4,No
4/11/2025 21:36,55,Male,Madhya Pradesh,Shirts,H&M,3,402,25,1,Yes
4/11/2025 21:36,49,Female,Punjab,Shorts,Zudio,4,963,25,3.5,Yes
4/11/2025 21:36,61,Female,Jharkhand,Jeans,Pantaloons,7,545,15,1.5,No
4/11/2025 21:36,37,Female,Manipur,Undergarments,H&M,6,715,20,4.5,No
4/11/2025 21:36,58,Female,West Bengal,Suits,Adidas,6,622,30,4,Yes
4/11/2025 21:36,43,Female,Assam,Jackets,H&M,2,839,15,1.5,No
4/11/2025 21:36,35,Male,Arunachal Pradesh,Undergarments,Adidas,2,525,25,1.5,No
4/11/2025 21:36,50,Female,Gujarat,Activewear,Raymond,2,688,20,5,No
4/11/2025 21:36,24,Male,Rajasthan,T-shirts,Zudio,1,552,25,2.5,Yes
4/11/2025 21:36,56,Male,Gujarat,Undergarments,Raymond,1,546,20,1,Yes
4/11/2025 21:36,18,Male,Assam,T-shirts,H&M,1,819,25,3.5,No
4/11/2025 21:36,19,Female,Manipur,Formal Wear,H&M,7,579,25,4,Yes
4/11/2025 21:36,23,Female,Tripura,Sleepwear,Adidas,4,876,30,2.5,Yes
4/11/2025 21:36,67,Female,Karnataka,Trousers,Levie's,5,442,30,5,Yes
4/11/2025 21:36,37,Female,Andhra Pradesh,Skirts,Zudio,6,928,30,5,No
4/11/2025 21:36,39,Female,Himachal Pradesh,Suits,Pantaloons,1,603,10,4,Yes
4/11/2025 21:36,27,Female,Manipur,Skirts,Nike,2,670,25,4.5,Yes
4/11/2025 21:36,54,Female,Himachal Pradesh,Activewear,H&M,6,584,20,3.5,Yes
4/11/2025 21:36,65,Male,Mizoram,Suits,H&M,1,402,20,4.5,Yes
4/11/2025 21:36,37,Male,Andhra Pradesh,Formal Wear,H&M,5,930,15,1,No
4/11/2025 21:36,19,Female,Haryana,Trousers,Adidas,3,888,30,1,Yes
4/11/2025 21:36,47,Female,Andhra Pradesh,Jeans,Adidas,4,956,10,4,Yes
4/11/2025 21:36,49,Male,Himachal Pradesh,Activewear,Levie's,2,938,15,1.5,Yes
4/11/2025 21:36,68,Male,Madhya Pradesh,Undergarments,Pantaloons,4,758,20,2.5,No
4/11/2025 21:36,31,Female,Haryana,Activewear,Levie's,7,607,15,5,No
4/11/2025 21:36,39,Female,Arunachal Pradesh,Formal Wear,Levie's,7,540,10,2,Yes
4/11/2025 21:36,37,Male,Arunachal Pradesh,Jeans,H&M,1,871,10,1.5,Yes
4/11/2025 21:36,27,Male,Madhya Pradesh,Trousers,Adidas,6,471,10,4.5,No
4/11/2025 21:36,50,Female,Goa,Formal Wear,Nike,3,565,25,5,Yes
4/11/2025 21:36,19,Female,West Bengal,Skirts,Raymond,1,995,25,2,No
4/11/2025 21:36,61,Male,Punjab,Undergarments,Levie's,3,891,25,2,No
4/11/2025 21:36,62,Female,Goa,Trousers,Zudio,5,612,25,2,Yes
4/11/2025 21:36,69,Female,Nagaland,Jackets,Puma,2,465,10,1.5,Yes
4/11/2025 21:36,56,Male,Meghalaya,Dresses,Pantaloons,3,538,20,3,No
4/11/2025 21:36,21,Female,Nagaland,T-shirts,Puma,4,463,30,1,Yes
4/11/2025 21:36,61,Male,Gujarat,Jackets,Levie's,6,552,30,5,No
4/11/2025 21:36,20,Female,Punjab,Shirts,Raymond,7,692,15,2.5,Yes
4/11/2025 21:36,54,Female,Haryana,Skirts,Adidas,4,769,30,1.5,No
4/11/2025 21:36,47,Male,Madhya Pradesh,Dresses,Adidas,4,906,30,2,Yes
4/11/2025 21:36,29,Female,Andhra Pradesh,Ethnic Wear,Zudio,5,488,15,3,Yes
4/11/2025 21:36,68,Male,Uttar Pradesh,Undergarments,Levie's,6,595,15,4,Yes
4/11/2025 21:36,52,Male,Tamil Nadu,Trousers,H&M,5,864,25,1.5,No
4/11/2025 21:36,50,Male,Madhya Pradesh,Dresses,Nike,6,804,20,3,No
4/11/2025 21:36,50,Male,Uttar Pradesh,Shorts,Raymond,2,504,10,1,Yes
4/11/2025 21:36,18,Male,Punjab,T-shirts,H&M,7,915,30,2,Yes
4/11/2025 21:36,25,Male,Telangana,Sleepwear,H&M,1,853,25,2,Yes
4/11/2025 21:36,52,Female,Odisha,Skirts,Zudio,6,742,25,3.5,No
4/11/2025 21:36,41,Female,Arunachal Pradesh,Dresses,Adidas,6,445,10,4,Yes
4/11/2025 21:36,57,Female,Tamil Nadu,Sleepwear,H&M,7,580,10,2,No
4/11/2025 21:36,32,Male,Telangana,Shorts,Raymond,1,595,15,1.5,Yes
4/11/2025 21:36,46,Male,Bihar,Suits,Nike,3,678,20,2,No
4/11/2025 21:36,34,Female,Rajasthan,Formal Wear,Pantaloons,4,916,20,1,No
4/11/2025 21:36,48,Female,Punjab,Ethnic Wear,Puma,6,885,30,3.5,No
4/11/2025 21:36,69,Female,Nagaland,Jeans,Raymond,6,811,20,2,No
4/11/2025 21:36,45,Female,Andhra Pradesh,Activewear,Raymond,1,642,25,1,Yes
4/11/2025 21:36,27,Male,Uttarakhand,Formal Wear,Levie's,3,452,25,3.5,Yes
4/11/2025 21:36,24,Female,Tamil Nadu,Dresses,Pantaloons,6,973,30,4,No
4/11/2025 21:36,42,Male,Sikkim,Suits,Nike,2,965,15,3,No
4/11/2025 21:36,42,Female,Haryana,T-shirts,Pantaloons,2,647,30,4,Yes
4/11/2025 21:36,19,Male,Arunachal Pradesh,Trousers,Zudio,1,914,30,3,Yes
4/11/2025 21:36,58,Female,Telangana,Sweaters,Puma,1,400,25,3.5,No
4/11/2025 21:36,38,Male,Haryana,Shirts,Puma,6,498,25,1,No
4/11/2025 21:36,23,Male,Chhattisgarh,Undergarments,H&M,3,518,15,3,Yes
4/11/2025 21:36,68,Male,Goa,Dresses,Raymond,3,875,30,5,Yes
4/11/2025 21:36,48,Female,West Bengal,T-shirts,Puma,3,927,30,4,No
4/11/2025 21:36,59,Female,Odisha,Sweaters,Raymond,2,710,25,1,No
4/11/2025 21:36,47,Male,Gujarat,Dresses,Pantaloons,5,964,20,3,Yes
4/11/2025 21:36,30,Female,Haryana,Dresses,Puma,3,822,25,4.5,Yes
4/11/2025 21:36,25,Female,Haryana,Formal Wear,Zudio,7,663,20,3,Yes
4/11/2025 21:36,34,Female,Himachal Pradesh,Activewear,H&M,3,415,25,1,Yes
4/11/2025 21:36,64,Female,Manipur,Formal Wear,Adidas,7,795,15,2,No
4/11/2025 21:36,19,Male,Jharkhand,Jeans,Puma,4,499,10,3.5,Yes
4/11/2025 21:36,26,Female,Goa,Sweaters,Zudio,6,675,25,5,No
4/11/2025 21:36,68,Female,Uttarakhand,Trousers,Adidas,2,866,30,1,Yes
4/11/2025 21:36,18,Female,Gujarat,Skirts,Levie's,2,826,10,2,No
4/11/2025 21:36,68,Female,Kerala,Skirts,Adidas,4,873,20,4.5,No
4/11/2025 21:36,33,Female,Chhattisgarh,Dresses,Zudio,3,863,25,4,Yes
4/11/2025 21:36,43,Male,Chhattisgarh,T-shirts,Levie's,4,460,25,4,Yes
4/11/2025 21:36,47,Female,Telangana,Shirts,Zudio,3,470,10,3.5,No
4/11/2025 21:36,66,Male,Assam,Activewear,Puma,7,800,25,2,Yes
4/11/2025 21:36,56,Female,Punjab,Trousers,Raymond,6,940,15,4.5,No
4/11/2025 21:36,50,Male,Andhra Pradesh,Shorts,Levie's,4,998,25,4,No
4/11/2025 21:36,65,Female,Uttarakhand,Formal Wear,Pantaloons,3,752,10,2.5,Yes
4/11/2025 21:36,65,Female,Punjab,Jackets,Pantaloons,5,706,20,2.5,No
4/11/2025 21:36,66,Female,Rajasthan,Sleepwear,Levie's,4,918,30,3,Yes
4/11/2025 21:36,37,Female,Mizoram,Jeans,Puma,7,643,20,1,No
4/11/2025 21:36,49,Male,Bihar,Sweaters,H&M,6,912,10,1,Yes
4/11/2025 21:36,42,Female,Kerala,Dresses,H&M,2,876,20,2,Yes
4/11/2025 21:36,56,Male,Meghalaya,Activewear,Pantaloons,5,449,15,1.5,No
4/11/2025 21:36,62,Male,Odisha,Dresses,Levie's,6,750,20,4.5,No
4/11/2025 21:36,41,Male,Jharkhand,Trousers,H&M,4,426,30,4,Yes
4/11/2025 21:36,57,Female,Goa,Undergarments,Puma,6,941,10,5,Yes
4/11/2025 21:36,70,Male,Goa,T-shirts,Zudio,6,919,25,2,Yes
4/11/2025 21:36,54,Female,Assam,Shirts,Raymond,1,430,25,3,Yes
4/11/2025 21:36,65,Female,Sikkim,Formal Wear,Zudio,1,986,10,4,Yes
4/11/2025 21:36,61,Male,Kerala,Jackets,Pantaloons,7,591,25,4,Yes
4/11/2025 21:36,60,Female,Manipur,Jeans,H&M,1,680,20,1.5,Yes
4/11/2025 21:36,58,Male,Meghalaya,Jeans,Raymond,5,828,10,4,No
4/11/2025 21:36,31,Male,Gujarat,Activewear,Adidas,6,833,20,1.5,Yes
4/11/2025 21:36,24,Male,Gujarat,Activewear,Nike,4,984,25,4.5,Yes
4/11/2025 21:36,46,Female,Uttarakhand,Jackets,Nike,1,534,30,1.5,Yes
4/11/2025 21:36,41,Female,Maharashtra,Ethnic Wear,Adidas,1,408,20,1,Yes
4/11/2025 21:36,42,Male,Bihar,Shorts,Puma,2,994,30,4,Yes
4/11/2025 21:36,40,Female,West Bengal,Sweaters,Pantaloons,7,873,20,3.5,No
4/11/2025 21:36,24,Male,Mizoram,Sweaters,Levie's,7,506,15,4.5,No
4/11/2025 21:36,28,Female,Bihar,Ethnic Wear,Adidas,6,414,10,5,No
4/11/2025 21:36,22,Male,Bihar,Jeans,Adidas,2,774,30,5,Yes
4/11/2025 21:36,51,Male,Madhya Pradesh,Sweaters,Raymond,2,607,20,1,No
4/11/2025 21:36,38,Female,Manipur,Jeans,Raymond,5,989,10,1,No
4/11/2025 21:36,52,Female,Manipur,Ethnic Wear,Levie's,5,760,25,4,Yes
4/11/2025 21:36,44,Female,Sikkim,Trousers,Levie's,3,583,15,2.5,No
4/11/2025 21:36,49,Female,Odisha,Dresses,Zudio,5,854,25,3.5,No
4/11/2025 21:36,38,Female,Nagaland,Sweaters,Pantaloons,2,775,20,5,Yes
4/11/2025 21:36,54,Male,Manipur,Jackets,H&M,3,537,10,1,Yes
4/11/2025 21:36,70,Male,Meghalaya,Suits,Raymond,2,884,30,5,Yes
4/11/2025 21:36,45,Female,Odisha,Activewear,Puma,1,808,15,5,No
4/11/2025 21:36,21,Male,Mizoram,Shorts,Zudio,3,685,25,3.5,No
4/11/2025 21:36,62,Male,Punjab,Ethnic Wear,Adidas,4,912,20,5,No
4/11/2025 21:36,55,Male,Maharashtra,Undergarments,Nike,2,622,20,1,No
4/11/2025 21:36,34,Male,Uttarakhand,Shirts,Puma,7,819,15,2,Yes
4/11/2025 21:36,55,Female,Telangana,Sleepwear,Raymond,3,869,10,2.5,No
4/11/2025 21:36,47,Male,Manipur,Skirts,H&M,6,568,10,2,Yes
4/11/2025 21:36,30,Male,West Bengal,Undergarments,Adidas,6,899,15,1.5,Yes
4/11/2025 21:36,41,Male,Maharashtra,Undergarments,H&M,7,785,20,2.5,Yes
4/11/2025 21:36,26,Female,Kerala,T-shirts,H&M,1,614,15,1.5,Yes
4/11/2025 21:36,35,Female,Andhra Pradesh,Activewear,Pantaloons,1,449,25,5,Yes
4/11/2025 21:36,63,Male,Rajasthan,Formal Wear,Puma,3,672,15,1,No
4/11/2025 21:36,21,Female,Kerala,Sweaters,Raymond,2,425,20,2.5,No
4/11/2025 21:36,53,Female,Punjab,Shirts,Raymond,2,400,30,1.5,Yes
4/11/2025 21:36,54,Male,Madhya Pradesh,Activewear,Levie's,3,778,20,3,No
4/11/2025 21:36,61,Female,Telangana,Suits,Nike,4,485,20,4,No
4/11/2025 21:36,26,Female,Punjab,T-shirts,Nike,5,933,30,1.5,Yes
4/11/2025 21:36,46,Male,Manipur,Jackets,Levie's,7,421,20,1.5,Yes
4/11/2025 21:36,26,Male,Goa,Shirts,Puma,4,891,25,5,No
4/11/2025 21:36,57,Male,Assam,T-shirts,H&M,1,879,10,1,Yes
4/11/2025 21:36,61,Female,Haryana,Activewear,Adidas,5,933,20,2.5,No
4/11/2025 21:36,20,Male,Maharashtra,T-shirts,Nike,6,783,15,4.5,Yes
4/11/2025 21:36,42,Male,Rajasthan,Undergarments,H&M,2,870,25,3,Yes
4/11/2025 21:36,24,Male,Madhya Pradesh,Shirts,Zudio,7,995,20,1.5,Yes
4/11/2025 21:36,19,Female,Nagaland,T-shirts,Pantaloons,1,595,10,4,No
4/11/2025 21:36,60,Female,Kerala,Dresses,Levie's,5,793,25,3.5,Yes
4/11/2025 21:36,35,Male,Haryana,Dresses,Zudio,7,557,15,1,No
4/11/2025 21:36,61,Female,Uttar Pradesh,Shorts,Zudio,7,626,10,1,No
4/11/2025 21:36,65,Male,Bihar,Ethnic Wear,Adidas,4,739,15,2.5,No
4/11/2025 21:36,38,Female,Andhra Pradesh,Shirts,Puma,4,795,25,1,Yes
4/11/2025 21:36,68,Female,Mizoram,T-shirts,Raymond,2,667,20,3.5,No
4/11/2025 21:36,18,Female,Kerala,Formal Wear,Raymond,4,983,20,1.5,Yes
4/11/2025 21:36,41,Female,Kerala,Trousers,Raymond,6,997,20,1.5,Yes
4/11/2025 21:36,34,Female,Jharkhand,Suits,Raymond,2,897,20,3.5,No
4/11/2025 21:36,21,Female,Madhya Pradesh,Dresses,Adidas,2,878,30,1,Yes
4/11/2025 21:36,29,Male,Karnataka,Sleepwear,Nike,1,825,30,4.5,Yes
4/11/2025 21:36,21,Male,Odisha,Activewear,Nike,2,686,30,4,Yes
4/11/2025 21:36,34,Female,West Bengal,Sweaters,Nike,4,591,10,2.5,Yes
4/11/2025 21:36,57,Male,Punjab,Undergarments,Pantaloons,1,794,30,4.5,No
4/11/2025 21:36,23,Female,Uttar Pradesh,Jackets,Nike,7,941,10,1.5,No
4/11/2025 21:36,43,Female,Tamil Nadu,Shorts,Levie's,2,409,15,2.5,Yes
4/11/2025 21:36,30,Male,Uttar Pradesh,Formal Wear,H&M,1,896,20,4,No
4/11/2025 21:36,53,Female,Uttarakhand,Suits,Nike,7,767,10,1.5,No
4/11/2025 21:36,56,Female,Sikkim,Jeans,Levie's,1,920,15,3.5,No
4/11/2025 21:36,47,Male,Jharkhand,Dresses,H&M,1,793,15,4.5,No
4/11/2025 21:36,56,Male,Rajasthan,T-shirts,H&M,2,429,10,2,Yes
4/11/2025 21:36,28,Female,Uttarakhand,Ethnic Wear,Levie's,1,722,15,1,No
4/11/2025 21:36,43,Female,Arunachal Pradesh,Ethnic Wear,Puma,4,458,30,2.5,No
4/11/2025 21:36,34,Male,Tamil Nadu,Trousers,Puma,3,670,25,3.5,Yes
4/11/2025 21:36,45,Male,Madhya Pradesh,Sleepwear,Pantaloons,6,939,25,4,No
4/11/2025 21:36,68,Female,Jharkhand,Suits,Zudio,3,576,20,2.5,No
4/11/2025 21:36,53,Female,Meghalaya,Jeans,Raymond,3,885,25,4,No
4/11/2025 21:36,30,Female,Sikkim,Shorts,Pantaloons,1,807,10,4,No
4/11/2025 21:36,70,Male,Andhra Pradesh,Activewear,Nike,3,923,30,3.5,No
4/11/2025 21:36,43,Male,Tripura,Trousers,Pantaloons,6,410,20,3,No
4/11/2025 21:36,64,Female,Karnataka,T-shirts,Puma,7,525,30,5,No
4/11/2025 21:36,30,Female,Tripura,T-shirts,H&M,4,411,10,2,No
4/11/2025 21:36,30,Male,Manipur,Jeans,Zudio,5,752,25,5,No
4/11/2025 21:36,19,Female,Arunachal Pradesh,Skirts,Levie's,7,443,30,4,No
4/11/2025 21:36,23,Male,Arunachal Pradesh,Ethnic Wear,H&M,2,461,25,4.5,Yes
4/11/2025 21:36,40,Male,Sikkim,Undergarments,Levie's,3,401,20,2,No
4/11/2025 21:36,62,Male,Arunachal Pradesh,Sleepwear,Levie's,7,473,25,4.5,No
4/11/2025 21:36,47,Female,Goa,Jeans,Zudio,5,774,10,3,Yes
4/11/2025 21:36,45,Female,Sikkim,Jeans,Nike,7,546,10,4,No
4/11/2025 21:36,20,Male,Odisha,Sleepwear,Nike,3,407,10,1,Yes
4/11/2025 21:36,53,Male,Tamil Nadu,Jackets,Levie's,4,763,15,1.5,No
4/11/2025 21:36,35,Female,Uttarakhand,Suits,Pantaloons,6,681,20,1,No
4/11/2025 21:36,34,Female,Odisha,Jackets,Raymond,1,677,10,1,No
4/11/2025 21:36,27,Female,Gujarat,Formal Wear,Zudio,7,525,25,2,Yes
4/11/2025 21:36,68,Female,Meghalaya,Dresses,Pantaloons,6,420,25,2,No
4/11/2025 21:36,18,Female,West Bengal,Sweaters,Nike,6,585,30,2,No
4/11/2025 21:36,28,Female,Nagaland,Jeans,Raymond,4,983,10,1,Yes
4/11/2025 21:36,70,Female,Bihar,Sleepwear,Zudio,3,561,10,1,Yes
4/11/2025 21:36,65,Male,Arunachal Pradesh,Sweaters,Pantaloons,3,781,15,3.5,Yes
4/11/2025 21:36,69,Male,Rajasthan,Formal Wear,Puma,6,959,15,2.5,Yes
4/11/2025 21:36,31,Female,Goa,Suits,H&M,7,893,10,3,No
4/11/2025 21:36,38,Male,Andhra Pradesh,Undergarments,H&M,7,778,10,2,No
4/11/2025 21:36,60,Female,Uttarakhand,Jackets,H&M,3,944,30,3.5,Yes
4/11/2025 21:36,69,Male,Assam,Sleepwear,Zudio,4,999,20,5,No
4/11/2025 21:36,50,Female,Telangana,T-shirts,H&M,3,646,30,5,Yes
4/11/2025 21:36,60,Female,Goa,Formal Wear,Levie's,2,723,25,5,No
4/11/2025 21:36,19,Female,Rajasthan,Jackets,Raymond,1,753,20,1,No
4/11/2025 21:36,58,Male,Madhya Pradesh,Formal Wear,Zudio,7,941,15,3,No
4/11/2025 21:36,34,Male,Assam,Shirts,H&M,3,765,20,3.5,Yes
4/11/2025 21:36,67,Female,Meghalaya,Trousers,Pantaloons,2,518,30,3.5,No
4/11/2025 21:36,49,Male,Nagaland,Formal Wear,Adidas,4,869,30,2.5,Yes
4/11/2025 21:36,38,Female,Telangana,Shorts,Nike,3,684,10,1,Yes
4/11/2025 21:36,33,Male,Haryana,Dresses,Levie's,5,497,10,3,No
4/11/2025 21:36,58,Male,Sikkim,Jackets,Raymond,7,473,15,2,Yes
4/11/2025 21:36,21,Female,Telangana,Jackets,Adidas,7,434,15,2.5,Yes
4/11/2025 21:36,22,Male,West Bengal,Shorts,Pantaloons,6,580,20,2.5,No
4/11/2025 21:36,31,Female,Andhra Pradesh,Activewear,Nike,2,472,10,3,No
4/11/2025 21:36,58,Female,Tamil Nadu,T-shirts,Zudio,6,645,25,1,No
4/11/2025 21:36,19,Female,Sikkim,Skirts,H&M,3,746,30,5,No
4/11/2025 21:36,38,Male,Uttar Pradesh,Activewear,H&M,1,784,20,2.5,Yes
4/11/2025 21:36,69,Male,Kerala,Ethnic Wear,Zudio,5,409,15,1,Yes
4/11/2025 21:36,61,Female,Andhra Pradesh,Undergarments,Raymond,1,429,20,1,Yes
4/11/2025 21:36,26,Female,Gujarat,Trousers,Zudio,5,535,30,1.5,Yes
4/11/2025 21:36,64,Male,Chhattisgarh,T-shirts,Zudio,1,934,30,5,Yes
4/11/2025 21:36,37,Male,Bihar,Activewear,Puma,4,901,15,1,No
4/11/2025 21:36,24,Female,Punjab,Formal Wear,H&M,3,999,15,5,No
4/11/2025 21:36,55,Male,Chhattisgarh,T-shirts,Levie's,2,752,25,4,No
4/11/2025 21:36,46,Male,West Bengal,Dresses,Nike,2,794,25,2,Yes
4/11/2025 21:36,43,Male,Sikkim,Skirts,Pantaloons,2,889,30,1.5,Yes
4/11/2025 21:36,21,Female,Maharashtra,Shorts,Zudio,4,965,15,5,No
4/11/2025 21:36,53,Female,Maharashtra,Formal Wear,H&M,6,618,15,1,Yes
4/11/2025 21:36,23,Male,Meghalaya,Jackets,Raymond,3,709,10,3,No
4/11/2025 21:36,24,Male,Tamil Nadu,Sweaters,Puma,7,527,25,5,No
4/11/2025 21:36,62,Female,Tripura,Suits,Pantaloons,2,639,20,2,Yes
4/11/2025 21:36,31,Male,Gujarat,Formal Wear,Levie's,3,955,25,1,No
4/11/2025 21:36,31,Female,Uttar Pradesh,Sleepwear,Raymond,7,942,20,4.5,No
4/11/2025 21:36,38,Male,West Bengal,Undergarments,Raymond,6,417,30,2,Yes
4/11/2025 21:36,28,Male,Meghalaya,Shorts,Zudio,4,513,20,2.5,Yes
4/11/2025 21:36,39,Male,Mizoram,Shorts,Pantaloons,7,676,30,3,Yes
4/11/2025 21:36,44,Female,Chhattisgarh,Trousers,Levie's,7,908,30,3.5,No
4/11/2025 21:36,54,Male,Karnataka,Shirts,Raymond,1,920,10,4,No
4/11/2025 21:36,69,Male,Punjab,T-shirts,H&M,4,541,20,1,No
4/11/2025 21:36,58,Male,Maharashtra,Jackets,Pantaloons,5,973,10,4.5,Yes
4/11/2025 21:36,60,Male,Tripura,Formal Wear,Nike,6,404,20,2,Yes
4/11/2025 21:36,24,Male,Punjab,Sweaters,Nike,4,524,30,2.5,Yes
4/11/2025 21:36,28,Female,Sikkim,Jackets,Zudio,4,459,10,1.5,No
4/11/2025 21:36,62,Female,Tamil Nadu,Undergarments,Levie's,7,461,25,5,Yes
4/11/2025 21:36,36,Female,Uttarakhand,Sweaters,Puma,2,808,15,1.5,No
4/11/2025 21:36,35,Female,Maharashtra,T-shirts,Puma,4,867,30,3,Yes
4/11/2025 21:36,19,Male,Karnataka,Jeans,Zudio,7,830,20,4,No
4/11/2025 21:36,24,Female,Karnataka,Ethnic Wear,Nike,4,746,30,4.5,Yes
4/11/2025 21:36,47,Female,Goa,Jackets,Zudio,4,763,30,2,Yes
4/11/2025 21:36,41,Male,Chhattisgarh,Jackets,Puma,1,911,20,2,No
4/11/2025 21:36,37,Female,Odisha,Jackets,Nike,3,901,15,3,No
4/11/2025 21:36,27,Female,Assam,Activewear,Nike,5,705,10,2.5,No
4/11/2025 21:36,63,Female,Madhya Pradesh,Dresses,Pantaloons,5,412,25,2.5,Yes
4/11/2025 21:36,34,Female,West Bengal,Sleepwear,Zudio,5,552,30,4.5,No
4/11/2025 21:36,54,Female,Nagaland,Ethnic Wear,Levie's,1,973,15,4,Yes
4/11/2025 21:36,68,Female,Haryana,T-shirts,H&M,3,826,30,1.5,Yes
4/11/2025 21:36,68,Female,Tripura,Suits,Nike,7,827,30,5,No
4/11/2025 21:36,37,Female,Jharkhand,Jackets,H&M,1,804,25,1.5,No
4/11/2025 21:36,42,Male,Gujarat,Jeans,Puma,1,802,15,4,No
4/11/2025 21:36,18,Male,Arunachal Pradesh,Shorts,H&M,2,408,20,3.5,Yes
4/11/2025 21:36,34,Male,Chhattisgarh,Jeans,Raymond,1,454,10,4.5,Yes
4/11/2025 21:36,65,Male,Assam,Activewear,H&M,4,699,25,3.5,No
4/11/2025 21:36,47,Male,Mizoram,Sleepwear,Zudio,2,742,15,1.5,Yes
4/11/2025 21:36,27,Male,Andhra Pradesh,Shorts,Zudio,2,836,30,3,Yes
4/11/2025 21:36,27,Female,Tamil Nadu,Undergarments,Nike,5,470,20,2,No
4/11/2025 21:36,24,Female,Tripura,Ethnic Wear,Levie's,7,621,30,3,No
4/11/2025 21:36,40,Female,Karnataka,Activewear,Raymond,7,661,15,1,Yes
4/11/2025 21:36,38,Female,Sikkim,Skirts,H&M,3,755,10,2.5,No
4/11/2025 21:36,69,Male,Andhra Pradesh,Trousers,Zudio,4,642,30,5,No
4/11/2025 21:36,69,Female,Maharashtra,Skirts,Raymond,1,784,15,4,Yes
4/11/2025 21:36,63,Female,Haryana,Ethnic Wear,Adidas,6,843,10,5,Yes
4/11/2025 21:36,69,Male,Uttarakhand,Dresses,Pantaloons,5,518,20,2.5,Yes
4/11/2025 21:36,37,Male,Gujarat,Activewear,Levie's,7,853,15,4.5,Yes
4/11/2025 21:36,66,Female,Bihar,T-shirts,Puma,6,808,30,3,Yes
4/11/2025 21:36,23,Female,Meghalaya,Skirts,Nike,2,943,20,2.5,Yes
4/11/2025 21:36,43,Female,Andhra Pradesh,Sleepwear,Raymond,6,776,15,1.5,Yes
4/11/2025 21:36,55,Female,Assam,Activewear,Zudio,4,679,25,4.5,No
4/11/2025 21:36,57,Male,Nagaland,Skirts,Nike,1,757,10,3,No
4/11/2025 21:36,25,Female,Maharashtra,Sleepwear,Levie's,3,730,25,1.5,Yes
4/11/2025 21:36,54,Male,Meghalaya,Jeans,Levie's,6,866,30,2,Yes
4/11/2025 21:36,29,Female,West Bengal,Jackets,Zudio,7,407,10,2,No
4/11/2025 21:36,43,Male,Uttar Pradesh,Sweaters,Pantaloons,4,861,15,4,No
4/11/2025 21:36,56,Male,Chhattisgarh,Jackets,Raymond,7,785,30,4,No
4/11/2025 21:36,65,Female,Manipur,T-shirts,Levie's,7,551,20,2.5,No
4/11/2025 21:36,38,Male,Mizoram,Jeans,Zudio,4,828,20,2.5,No
4/11/2025 21:36,62,Female,Bihar,Sleepwear,H&M,5,621,25,3.5,No
4/11/2025 21:36,32,Female,Maharashtra,Skirts,Zudio,3,827,15,3,Yes
4/11/2025 21:36,23,Female,Kerala,Formal Wear,Adidas,1,951,25,4.5,No
4/11/2025 21:36,26,Male,Punjab,Ethnic Wear,H&M,7,584,10,1,No
4/11/2025 21:36,54,Female,Himachal Pradesh,Sweaters,Raymond,5,804,30,1,Yes
4/11/2025 21:36,24,Male,Meghalaya,Jackets,H&M,3,548,10,5,No
4/11/2025 21:36,50,Male,Mizoram,Shirts,Raymond,6,526,20,5,No
4/11/2025 21:36,62,Female,Karnataka,Shirts,Nike,5,699,30,2,Yes
4/11/2025 21:36,60,Female,Assam,Ethnic Wear,Nike,3,957,25,2,Yes
4/11/2025 21:36,59,Female,Punjab,Jeans,Nike,2,873,10,4.5,No
4/11/2025 21:36,22,Male,Karnataka,Shirts,Adidas,3,449,25,5,Yes
4/11/2025 21:36,22,Female,Himachal Pradesh,Formal Wear,Puma,6,623,25,2.5,No
4/11/2025 21:36,41,Female,Manipur,Suits,Pantaloons,2,967,30,1.5,Yes
4/11/2025 21:36,62,Male,Uttar Pradesh,Activewear,Zudio,5,687,20,1.5,No
4/11/2025 21:36,41,Female,Maharashtra,Ethnic Wear,Levie's,5,619,20,3.5,No
4/11/2025 21:36,51,Female,Andhra Pradesh,Undergarments,H&M,3,575,25,1.5,No
4/11/2025 21:36,21,Male,Goa,Dresses,Nike,2,435,15,3.5,Yes
4/11/2025 21:36,20,Female,Rajasthan,Shirts,Adidas,4,645,30,4.5,Yes
4/11/2025 21:36,60,Male,Karnataka,Ethnic Wear,Puma,1,726,15,3,No
4/11/2025 21:36,55,Female,Uttarakhand,Jeans,Raymond,7,635,25,5,Yes
4/11/2025 21:36,29,Female,Kerala,Formal Wear,Adidas,2,935,20,1.5,Yes
4/11/2025 21:36,34,Female,Madhya Pradesh,Undergarments,Nike,7,650,30,4.5,No
4/11/2025 21:36,66,Male,Mizoram,Jackets,Raymond,4,500,10,4,No
4/11/2025 21:36,27,Male,Assam,Ethnic Wear,Nike,7,450,20,4.5,Yes
4/11/2025 21:36,69,Female,Goa,Shorts,Puma,4,677,20,3.5,No
4/11/2025 21:36,51,Male,Telangana,Formal Wear,Adidas,5,783,10,4.5,Yes
4/11/2025 21:36,39,Female,Himachal Pradesh,T-shirts,Nike,3,931,20,2,Yes
4/11/2025 21:36,59,Female,Mizoram,Activewear,H&M,3,780,20,4,No
4/11/2025 21:36,38,Male,Kerala,Sleepwear,Zudio,4,833,20,3,No
4/11/2025 21:36,32,Male,Sikkim,Undergarments,H&M,2,533,30,1,Yes
4/11/2025 21:36,20,Female,West Bengal,Ethnic Wear,Adidas,2,514,15,2.5,No
4/11/2025 21:36,48,Male,Himachal Pradesh,Activewear,Pantaloons,2,498,30,2,Yes
4/11/2025 21:36,63,Male,Karnataka,Sleepwear,Zudio,3,505,25,2.5,No
4/11/2025 21:36,19,Male,Sikkim,T-shirts,Levie's,6,425,10,4.5,Yes
4/11/2025 21:36,26,Female,Telangana,Sweaters,Levie's,6,514,10,5,No
4/11/2025 21:36,63,Female,Chhattisgarh,Shirts,Raymond,5,890,25,3.5,No
4/11/2025 21:36,32,Male,Maharashtra,Undergarments,H&M,1,926,10,5,No
4/11/2025 21:36,22,Female,Telangana,Ethnic Wear,Adidas,5,874,25,4.5,Yes
4/11/2025 21:36,41,Female,Haryana,Sleepwear,H&M,3,845,15,2.5,No
4/11/2025 21:36,24,Female,Chhattisgarh,Shorts,Adidas,1,530,20,1.5,Yes
4/11/2025 21:36,45,Female,Kerala,Suits,Zudio,2,587,15,1.5,Yes
4/11/2025 21:36,38,Female,Madhya Pradesh,Activewear,H&M,5,626,25,3,No
4/11/2025 21:36,31,Male,Odisha,Formal Wear,Zudio,1,684,25,1,Yes
4/11/2025 21:36,25,Male,Arunachal Pradesh,Formal Wear,Raymond,2,844,15,5,Yes
4/11/2025 21:36,27,Male,Haryana,Suits,Pantaloons,6,603,15,4.5,No
4/11/2025 21:36,36,Male,Goa,Shirts,Raymond,3,789,30,4,Yes
4/11/2025 21:36,54,Male,Tripura,T-shirts,Adidas,3,915,30,2,Yes
4/11/2025 21:36,43,Female,Himachal Pradesh,Sweaters,H&M,6,916,10,2,No
4/11/2025 21:36,48,Male,Haryana,Jackets,Adidas,5,580,30,3,Yes
4/11/2025 21:36,36,Male,Tamil Nadu,Shirts,Adidas,7,487,25,1,Yes
4/11/2025 21:36,56,Female,Kerala,Skirts,Pantaloons,1,674,15,5,Yes
4/11/2025 21:36,51,Female,Maharashtra,T-shirts,Levie's,4,777,30,1.5,Yes
4/11/2025 21:36,56,Male,Goa,Jeans,Nike,4,921,30,2,Yes
4/11/2025 21:36,23,Male,Telangana,Skirts,Nike,7,805,30,1,Yes
4/11/2025 21:36,39,Female,Haryana,Jeans,Puma,2,822,20,5,Yes
4/11/2025 21:36,64,Male,Tamil Nadu,Shorts,Raymond,4,606,15,5,No
4/11/2025 21:36,23,Male,Andhra Pradesh,Jackets,Zudio,2,437,20,3.5,No
4/11/2025 21:36,32,Female,Uttarakhand,Ethnic Wear,Nike,6,863,20,3,No
4/11/2025 21:36,23,Male,Telangana,T-shirts,Puma,6,908,30,1.5,Yes
4/11/2025 21:36,67,Female,Manipur,Jeans,Raymond,5,908,15,1.5,Yes
4/11/2025 21:36,45,Male,Mizoram,Dresses,Adidas,5,917,10,2,Yes
4/11/2025 21:36,54,Male,Gujarat,Sleepwear,Puma,7,534,30,1,No
4/11/2025 21:36,21,Male,Manipur,Dresses,Puma,4,843,30,3.5,No
4/11/2025 21:36,35,Male,Madhya Pradesh,Activewear,Puma,5,508,30,4.5,No
4/11/2025 21:36,39,Female,Himachal Pradesh,Activewear,Zudio,4,867,15,1,No
4/11/2025 21:36,38,Male,Telangana,Dresses,Nike,7,672,30,4,Yes
4/11/2025 21:36,64,Female,Bihar,Activewear,Nike,2,741,20,3.5,Yes
4/11/2025 21:36,29,Male,Maharashtra,Shorts,H&M,6,778,20,2.5,Yes
4/11/2025 21:36,33,Female,Haryana,Jeans,Pantaloons,3,434,15,2,Yes
4/11/2025 21:36,25,Female,Nagaland,Jeans,Nike,1,945,10,3.5,Yes
4/11/2025 21:36,59,Female,Chhattisgarh,Sleepwear,Puma,3,986,25,1,No
4/11/2025 21:36,50,Female,Tripura,Sleepwear,Levie's,4,929,20,4.5,Yes
4/11/2025 21:36,45,Male,Assam,Jeans,Raymond,5,521,20,4,No
4/11/2025 21:36,42,Male,Haryana,Sweaters,H&M,2,505,25,3,Yes
4/11/2025 21:36,47,Male,Odisha,Skirts,Raymond,2,623,20,3,No
4/11/2025 21:36,33,Female,Rajasthan,T-shirts,Raymond,2,811,10,4.5,Yes
4/11/2025 21:36,64,Female,Rajasthan,Activewear,Raymond,2,876,25,1.5,No
4/11/2025 21:36,18,Female,Maharashtra,Undergarments,Puma,6,785,30,3,Yes
4/11/2025 21:36,42,Male,Bihar,Suits,Adidas,7,603,15,1.5,No
4/11/2025 21:36,53,Male,Andhra Pradesh,Undergarments,H&M,4,678,15,3,Yes
4/11/2025 21:36,20,Male,Maharashtra,Activewear,Adidas,3,621,25,3,No
4/11/2025 21:36,30,Male,Himachal Pradesh,Jackets,Pantaloons,4,488,30,4.5,Yes
4/11/2025 21:36,58,Female,Mizoram,T-shirts,Levie's,6,962,20,1.5,Yes
4/11/2025 21:36,65,Male,Telangana,Shorts,Puma,6,918,10,2.5,Yes
4/11/2025 21:36,27,Male,Tamil Nadu,Skirts,Levie's,4,707,30,5,Yes
4/11/2025 21:36,47,Female,Sikkim,Shorts,Adidas,3,717,10,2,No
4/11/2025 21:36,36,Male,Haryana,Formal Wear,Puma,2,807,20,1.5,No
4/11/2025 21:36,21,Male,Maharashtra,Sleepwear,Nike,7,507,20,3,Yes
4/11/2025 21:36,54,Male,Telangana,Jackets,Nike,7,781,10,1.5,Yes
4/11/2025 21:36,40,Male,Tripura,Suits,Zudio,6,485,10,5,No
4/11/2025 21:36,60,Female,Chhattisgarh,Formal Wear,Pantaloons,2,896,30,5,Yes
4/11/2025 21:36,32,Female,Sikkim,Formal Wear,Adidas,1,677,15,2,Yes
4/11/2025 21:36,36,Female,Arunachal Pradesh,Shirts,H&M,1,551,20,1.5,Yes
4/11/2025 21:36,59,Female,Sikkim,Ethnic Wear,H&M,4,894,30,1,Yes
4/11/2025 21:36,35,Female,Nagaland,Suits,Adidas,5,481,10,3.5,No
4/11/2025 21:36,42,Female,Sikkim,Skirts,Raymond,2,463,10,3.5,Yes
4/11/2025 21:36,28,Male,Andhra Pradesh,Trousers,H&M,4,993,25,2,No
4/11/2025 21:36,43,Female,Andhra Pradesh,Shirts,Zudio,7,599,10,2,No
4/11/2025 21:36,52,Female,Goa,Formal Wear,Pantaloons,2,542,10,2.5,No
4/11/2025 21:36,43,Male,Tamil Nadu,T-shirts,Adidas,2,592,25,2.5,Yes
4/11/2025 21:36,44,Female,Assam,Ethnic Wear,Zudio,4,717,30,1.5,Yes
4/11/2025 21:36,59,Female,Himachal Pradesh,Activewear,Nike,5,735,30,4,No
4/11/2025 21:36,37,Female,Uttarakhand,Jackets,Levie's,6,862,25,1.5,Yes
4/11/2025 21:36,53,Male,Telangana,Sweaters,Puma,4,752,30,4.5,Yes
4/11/2025 21:36,18,Male,Assam,Formal Wear,Nike,2,678,25,4,Yes
4/11/2025 21:36,40,Female,Kerala,Sweaters,Nike,2,628,10,2.5,Yes
4/11/2025 21:36,65,Male,Haryana,Shorts,Adidas,3,881,30,1,Yes
4/11/2025 21:36,68,Female,Karnataka,Jackets,Adidas,2,463,20,2.5,No
4/11/2025 21:36,55,Female,Meghalaya,Ethnic Wear,Nike,1,657,25,4,Yes
4/11/2025 21:36,44,Female,Jharkhand,Jackets,Adidas,6,904,10,3.5,Yes
4/11/2025 21:36,42,Male,Tripura,Activewear,H&M,2,493,15,4,Yes
4/11/2025 21:36,45,Female,Goa,Jackets,Adidas,3,838,20,3,Yes
4/11/2025 21:36,49,Male,Arunachal Pradesh,Shirts,H&M,7,796,30,1,No
4/11/2025 21:36,32,Female,Jharkhand,Sweaters,Puma,3,850,10,3.5,Yes
4/11/2025 21:36,41,Female,Sikkim,Dresses,Pantaloons,5,754,30,1.5,No
4/11/2025 21:36,22,Male,Maharashtra,Trousers,Levie's,4,632,25,2,No
4/11/2025 21:36,55,Female,Jharkhand,Jackets,Adidas,3,698,30,1.5,Yes
4/11/2025 21:36,45,Male,Tamil Nadu,Formal Wear,Raymond,5,840,15,2.5,No
4/11/2025 21:36,19,Male,Odisha,Trousers,Pantaloons,2,881,20,2,No
4/11/2025 21:36,27,Female,Uttar Pradesh,Shorts,H&M,6,492,10,2.5,Yes
4/11/2025 21:36,38,Female,Mizoram,T-shirts,Levie's,5,954,15,4.5,Yes
4/11/2025 21:36,59,Female,Telangana,T-shirts,Adidas,3,506,20,5,Yes
4/11/2025 21:36,37,Female,Andhra Pradesh,Jackets,Adidas,5,718,25,3,No
4/11/2025 21:36,33,Female,West Bengal,Sleepwear,Pantaloons,3,424,25,3,Yes
4/11/2025 21:36,22,Male,Tripura,Jeans,Puma,2,705,10,3.5,No
4/11/2025 21:36,39,Male,Kerala,Suits,Pantaloons,4,813,15,3.5,No
4/11/2025 21:36,30,Female,Madhya Pradesh,Jackets,Raymond,6,521,15,3.5,Yes
4/11/2025 21:36,46,Male,Assam,Suits,Pantaloons,5,671,15,3,Yes
4/11/2025 21:36,68,Male,Andhra Pradesh,Jackets,Pantaloons,3,551,15,3,Yes
4/11/2025 21:36,56,Male,Odisha,Shirts,Adidas,4,659,20,1.5,No
4/11/2025 21:36,48,Female,Arunachal Pradesh,Trousers,Levie's,3,678,25,4,Yes
4/11/2025 21:36,69,Male,Arunachal Pradesh,Undergarments,Adidas,6,896,30,2,Yes
4/11/2025 21:36,30,Female,Chhattisgarh,Formal Wear,Raymond,3,563,20,4.5,No
4/11/2025 21:36,61,Male,Uttar Pradesh,Undergarments,Zudio,6,457,10,3,No
4/11/2025 21:36,49,Female,Arunachal Pradesh,Ethnic Wear,H&M,2,788,30,4.5,No
4/11/2025 21:36,37,Female,Telangana,Jackets,Nike,3,849,10,3.5,Yes
4/11/2025 21:36,56,Female,Sikkim,Formal Wear,Pantaloons,7,936,25,2.5,Yes
4/11/2025 21:36,18,Male,Haryana,Shorts,Pantaloons,2,546,30,3.5,No
4/11/2025 21:36,46,Male,Jharkhand,Formal Wear,Pantaloons,6,774,25,5,Yes
4/11/2025 21:36,48,Female,Arunachal Pradesh,Skirts,Puma,7,591,15,2.5,Yes
4/11/2025 21:36,58,Female,West Bengal,T-shirts,Pantaloons,2,537,20,3.5,No
4/11/2025 21:36,45,Male,Goa,Suits,Puma,5,531,20,1.5,Yes
4/11/2025 21:36,28,Female,Uttar Pradesh,Skirts,Raymond,2,477,30,1.5,Yes
4/11/2025 21:36,49,Female,Madhya Pradesh,T-shirts,Adidas,6,726,30,2,Yes
4/11/2025 21:36,39,Male,Andhra Pradesh,Ethnic Wear,Zudio,6,788,20,1.5,No
4/11/2025 21:36,47,Female,Madhya Pradesh,Shorts,Levie's,7,807,15,1.5,Yes
4/11/2025 21:36,40,Male,Chhattisgarh,Suits,Adidas,1,481,30,4,No
4/11/2025 21:36,68,Male,Kerala,Sweaters,H&M,2,596,10,4,Yes
4/11/2025 21:36,26,Female,Arunachal Pradesh,Dresses,Puma,4,589,20,4,Yes
4/11/2025 21:36,61,Male,Karnataka,Ethnic Wear,Puma,6,775,30,2,Yes
4/11/2025 21:36,49,Male,Odisha,Jackets,Pantaloons,4,419,10,4.5,Yes
4/11/2025 21:36,27,Male,Himachal Pradesh,Dresses,Zudio,7,666,25,1.5,Yes
4/11/2025 21:36,61,Male,Tamil Nadu,Sleepwear,H&M,2,538,20,1,Yes
4/11/2025 21:36,65,Male,Himachal Pradesh,Jeans,Adidas,5,654,20,2.5,Yes
4/11/2025 21:36,55,Male,Maharashtra,Skirts,Nike,5,698,15,2,Yes
4/11/2025 21:36,42,Female,Arunachal Pradesh,Trousers,Puma,7,913,10,5,Yes
4/11/2025 21:36,54,Male,Kerala,Sweaters,H&M,4,544,25,5,Yes
4/11/2025 21:36,65,Female,Maharashtra,T-shirts,Pantaloons,3,581,10,3.5,No
4/11/2025 21:36,59,Female,Nagaland,Trousers,Raymond,2,427,15,2.5,No
4/11/2025 21:36,61,Male,Rajasthan,Jeans,Nike,6,761,30,1,Yes
4/11/2025 21:36,51,Female,Manipur,Undergarments,Adidas,7,417,20,3,Yes
4/11/2025 21:36,46,Female,Manipur,Skirts,Levie's,6,782,15,3,Yes
4/11/2025 21:36,24,Male,Assam,Suits,Adidas,5,547,20,4.5,No
4/11/2025 21:36,22,Female,Kerala,Sleepwear,Raymond,4,827,30,4,Yes
4/11/2025 21:36,27,Female,Odisha,Undergarments,Puma,1,564,30,4.5,Yes
4/11/2025 21:36,26,Male,Maharashtra,Dresses,Pantaloons,6,761,30,4.5,No
4/11/2025 21:36,68,Female,Gujarat,Skirts,Nike,1,989,10,3.5,No
4/11/2025 21:36,53,Female,Manipur,Jackets,Raymond,6,460,15,4,Yes
4/11/2025 21:36,37,Female,Maharashtra,Jeans,Raymond,4,852,15,1.5,Yes
4/11/2025 21:36,25,Male,Sikkim,T-shirts,Adidas,5,988,25,1.5,No
4/11/2025 21:36,22,Male,Punjab,Suits,Pantaloons,1,750,15,2.5,No
4/11/2025 21:36,40,Female,Punjab,Jackets,Raymond,4,405,25,3.5,Yes
4/11/2025 21:36,52,Male,Gujarat,Jeans,Raymond,1,846,30,3,No
4/11/2025 21:36,18,Male,West Bengal,Ethnic Wear,Levie's,3,573,15,5,Yes
4/11/2025 21:36,31,Female,Manipur,Formal Wear,H&M,2,963,10,5,No
4/11/2025 21:36,44,Male,Odisha,Dresses,Nike,7,968,25,1.5,No
4/11/2025 21:36,21,Male,Andhra Pradesh,Trousers,Levie's,2,912,25,1,No
4/11/2025 21:36,38,Male,Rajasthan,Ethnic Wear,Raymond,7,797,15,5,Yes
4/11/2025 21:36,22,Male,Mizoram,Dresses,Adidas,1,594,25,3,No
4/11/2025 21:36,20,Female,Jharkhand,Undergarments,Adidas,2,491,20,1.5,No
4/11/2025 21:36,40,Female,Chhattisgarh,Sweaters,Levie's,4,484,20,1.5,Yes
4/11/2025 21:36,37,Female,Punjab,Jeans,Zudio,6,906,25,1,No
4/11/2025 21:36,36,Female,Tamil Nadu,Sleepwear,Raymond,7,678,25,1.5,No
4/11/2025 21:36,47,Male,Rajasthan,Shirts,Levie's,3,465,25,5,Yes
4/11/2025 21:36,58,Male,Assam,Dresses,Adidas,2,736,20,4.5,Yes
4/11/2025 21:36,66,Male,Meghalaya,Dresses,Levie's,7,803,15,2.5,Yes
4/11/2025 21:36,67,Female,Uttar Pradesh,Shirts,Raymond,1,409,15,1,No
4/11/2025 21:36,18,Male,Manipur,T-shirts,Pantaloons,3,795,10,3,No
4/11/2025 21:36,66,Male,Karnataka,Jackets,Nike,3,655,30,4.5,No
4/11/2025 21:36,67,Male,Madhya Pradesh,Sweaters,Zudio,2,417,30,5,No
4/11/2025 21:36,35,Male,Karnataka,Suits,Pantaloons,2,977,25,5,Yes
4/11/2025 21:36,31,Male,Haryana,Dresses,Raymond,7,888,25,1,No
4/11/2025 21:36,34,Male,Jharkhand,Formal Wear,Nike,7,717,25,5,Yes
4/11/2025 21:36,37,Female,Uttar Pradesh,Jeans,Levie's,7,438,25,2,Yes
4/11/2025 21:36,30,Male,Punjab,Sweaters,Adidas,3,866,20,1,Yes
4/11/2025 21:36,39,Male,Andhra Pradesh,Dresses,Raymond,3,917,10,3,No
4/11/2025 21:36,20,Male,Assam,Undergarments,Raymond,3,835,10,1.5,No
4/11/2025 21:36,39,Female,Himachal Pradesh,Formal Wear,Puma,3,843,25,5,Yes
4/11/2025 21:36,63,Male,Goa,Jeans,Zudio,7,592,15,2,Yes
4/11/2025 21:36,37,Female,West Bengal,Jackets,H&M,7,858,30,4,No
4/11/2025 21:36,22,Male,Sikkim,Ethnic Wear,Raymond,5,436,20,1,Yes
4/11/2025 21:36,59,Female,Meghalaya,Sweaters,Nike,6,823,15,2,Yes
4/11/2025 21:36,56,Female,Tamil Nadu,Sleepwear,Zudio,5,599,30,2.5,No
4/11/2025 21:36,66,Female,Kerala,T-shirts,Pantaloons,6,706,30,5,No
4/11/2025 21:36,58,Female,Sikkim,T-shirts,Raymond,7,665,30,2.5,Yes
4/11/2025 21:36,23,Female,Tamil Nadu,Undergarments,Nike,1,747,25,1,No
4/11/2025 21:36,20,Male,Manipur,Undergarments,Nike,4,565,25,2,No
4/11/2025 21:36,54,Male,Jharkhand,Suits,Nike,3,872,20,1,Yes
4/11/2025 21:36,67,Male,Mizoram,Activewear,Zudio,3,842,20,5,Yes
4/11/2025 21:36,55,Female,Meghalaya,Ethnic Wear,Levie's,1,924,10,5,Yes
4/11/2025 21:36,40,Male,Madhya Pradesh,Sweaters,Puma,5,902,25,3,No
4/11/2025 21:36,19,Female,Nagaland,Jeans,Zudio,3,657,20,4,No
4/11/2025 21:36,25,Male,Manipur,Formal Wear,Pantaloons,1,829,10,3,Yes
4/11/2025 21:36,31,Male,Himachal Pradesh,Dresses,Raymond,2,976,25,3,No
4/11/2025 21:36,40,Female,Andhra Pradesh,Skirts,Zudio,3,641,10,3.5,No
4/11/2025 21:36,54,Male,Tamil Nadu,Skirts,Levie's,6,452,15,1,Yes
4/11/2025 21:36,34,Male,West Bengal,Ethnic Wear,Levie's,4,643,25,1,No
4/11/2025 21:36,20,Female,Karnataka,Activewear,H&M,5,729,25,1.5,Yes
4/11/2025 21:36,67,Male,Madhya Pradesh,Jackets,Adidas,4,576,30,2.5,Yes
4/11/2025 21:36,51,Female,Gujarat,Ethnic Wear,H&M,1,448,10,5,No
4/11/2025 21:36,36,Male,Assam,Skirts,Levie's,7,435,30,5,No
4/11/2025 21:36,35,Female,Manipur,Trousers,Zudio,2,989,20,4,Yes
4/11/2025 21:36,55,Female,Rajasthan,Jeans,Adidas,4,566,25,2.5,Yes
4/11/2025 21:36,67,Male,Mizoram,Skirts,Levie's,1,418,15,2,Yes
4/11/2025 21:36,25,Male,Chhattisgarh,Sleepwear,Zudio,7,802,10,1,No
4/11/2025 21:36,28,Male,Jharkhand,Activewear,Levie's,4,454,30,4,Yes
4/11/2025 21:36,70,Female,Himachal Pradesh,Jeans,Pantaloons,4,760,30,2,Yes
4/11/2025 21:36,44,Female,Uttarakhand,Ethnic Wear,Adidas,1,865,25,4.5,Yes
4/11/2025 21:36,51,Female,Rajasthan,Ethnic Wear,Levie's,5,833,20,3.5,No
4/11/2025 21:36,67,Male,Assam,Sweaters,Puma,2,962,15,4,No
4/11/2025 21:36,21,Female,Punjab,Formal Wear,Zudio,5,563,25,2,Yes
4/11/2025 21:36,26,Male,Punjab,Shorts,Adidas,4,735,15,4.5,No
4/11/2025 21:36,58,Male,Odisha,Shorts,Adidas,3,482,10,4,Yes
4/11/2025 21:36,50,Female,Haryana,Sleepwear,Zudio,7,726,20,1,No
4/11/2025 21:36,23,Female,Kerala,Shirts,Raymond,2,531,25,2.5,No
4/11/2025 21:36,70,Male,Andhra Pradesh,Jeans,Puma,6,831,20,3,No
4/11/2025 21:36,37,Male,Arunachal Pradesh,Skirts,Adidas,4,531,25,2.5,No
4/11/2025 21:36,61,Female,Tamil Nadu,Undergarments,H&M,5,512,15,2.5,No
4/11/2025 21:36,20,Female,Nagaland,Sweaters,Puma,3,529,20,4.5,No
4/11/2025 21:36,62,Male,Jharkhand,Sleepwear,Puma,2,953,25,4.5,Yes
4/11/2025 21:36,40,Female,Mizoram,Undergarments,Levie's,7,482,25,4.5,Yes
4/11/2025 21:36,53,Female,West Bengal,Skirts,Zudio,5,463,15,5,Yes
4/11/2025 21:36,59,Male,Goa,Sleepwear,Puma,1,893,15,1.5,Yes
4/11/2025 21:36,63,Male,Maharashtra,Formal Wear,Levie's,5,661,15,2,Yes
4/11/2025 21:36,64,Male,Assam,Undergarments,H&M,6,778,25,3.5,No
4/11/2025 21:36,31,Female,Andhra Pradesh,Trousers,Raymond,1,849,25,4,Yes
4/11/2025 21:36,66,Male,Telangana,Trousers,Nike,4,540,25,2,Yes
4/11/2025 21:36,28,Female,Mizoram,T-shirts,Nike,5,898,25,2,Yes
4/11/2025 21:36,41,Male,Karnataka,T-shirts,Pantaloons,2,498,30,4.5,No
4/11/2025 21:36,41,Male,Maharashtra,Trousers,Puma,2,648,10,1.5,No
4/11/2025 21:36,22,Male,Karnataka,Undergarments,Adidas,7,473,15,1,Yes
4/11/2025 21:36,52,Female,Rajasthan,Jeans,Puma,4,667,25,1.5,Yes
4/11/2025 21:36,35,Male,West Bengal,Undergarments,Puma,7,856,30,2,Yes
4/11/2025 21:36,59,Female,Odisha,Activewear,H&M,3,457,20,4.5,Yes
4/11/2025 21:36,29,Male,Gujarat,Jeans,Zudio,2,995,30,5,Yes
4/11/2025 21:36,69,Female,Goa,Formal Wear,H&M,3,936,15,4.5,Yes
4/11/2025 21:36,45,Female,Andhra Pradesh,Shirts,Pantaloons,5,478,30,1.5,Yes
4/11/2025 21:36,67,Female,Kerala,Shorts,Raymond,3,962,30,2.5,Yes
4/11/2025 21:36,19,Female,Manipur,Dresses,Zudio,4,482,25,1,Yes
4/11/2025 21:36,68,Male,Tamil Nadu,Skirts,Levie's,4,701,10,2,Yes
4/11/2025 21:36,60,Female,West Bengal,Jackets,Pantaloons,4,849,30,1,No
4/11/2025 21:36,38,Male,Haryana,T-shirts,Raymond,5,818,15,1.5,Yes
4/11/2025 21:36,46,Male,Uttar Pradesh,Jackets,Puma,7,634,10,2.5,Yes
4/11/2025 21:36,58,Male,Mizoram,Sweaters,Levie's,5,674,10,3,Yes
4/11/2025 21:36,28,Male,Gujarat,Jackets,Nike,3,624,10,2.5,No
4/11/2025 21:36,66,Female,Andhra Pradesh,Skirts,Levie's,1,764,10,3,No
4/11/2025 21:36,27,Female,Chhattisgarh,T-shirts,Puma,5,923,15,3,No
4/11/2025 21:36,56,Male,Madhya Pradesh,Jackets,Levie's,6,746,10,3,No
4/11/2025 21:36,50,Female,Chhattisgarh,Formal Wear,Levie's,4,622,10,3,Yes
4/11/2025 21:36,46,Female,Odisha,Sweaters,Nike,7,850,20,3,Yes
4/11/2025 21:36,60,Female,Mizoram,Sweaters,Adidas,4,723,20,1.5,Yes
4/11/2025 21:36,25,Male,Mizoram,Ethnic Wear,Adidas,4,906,15,2.5,No
4/11/2025 21:36,39,Male,Rajasthan,Ethnic Wear,Nike,2,722,10,5,Yes
4/11/2025 21:36,47,Female,Mizoram,Skirts,Adidas,3,726,10,5,Yes
4/11/2025 21:36,53,Male,Gujarat,Jeans,Puma,1,960,20,4,Yes
4/11/2025 21:36,21,Female,Bihar,Skirts,H&M,5,507,10,1,Yes
4/11/2025 21:36,37,Male,Manipur,Jeans,Adidas,5,714,10,2.5,Yes
4/11/2025 21:36,68,Female,Andhra Pradesh,Suits,Raymond,2,620,15,3,No
4/11/2025 21:36,37,Female,Sikkim,Formal Wear,Levie's,1,954,20,5,No
4/11/2025 21:36,64,Male,Jharkhand,Skirts,Zudio,2,905,20,4.5,Yes
4/11/2025 21:36,41,Female,Nagaland,Ethnic Wear,Raymond,7,992,25,4.5,Yes
4/11/2025 21:36,56,Male,Andhra Pradesh,Formal Wear,Raymond,2,796,20,2,No
4/11/2025 21:36,42,Male,Tripura,Shorts,Raymond,4,871,20,4,Yes
4/11/2025 21:36,34,Male,West Bengal,Jackets,Pantaloons,2,482,15,1.5,Yes
4/11/2025 21:36,65,Male,Madhya Pradesh,Sweaters,Levie's,4,835,25,1.5,Yes
4/11/2025 21:36,59,Male,Bihar,Formal Wear,Raymond,6,589,30,1.5,Yes
4/11/2025 21:36,44,Male,Himachal Pradesh,Sweaters,Raymond,6,421,10,1,No
4/11/2025 21:36,48,Male,Andhra Pradesh,Undergarments,Levie's,6,559,30,5,No
4/11/2025 21:36,24,Female,Gujarat,Shirts,Levie's,4,988,20,5,Yes
4/11/2025 21:36,58,Male,Mizoram,Jackets,Pantaloons,7,524,30,2,No
4/11/2025 21:36,46,Female,Bihar,Formal Wear,Raymond,5,950,25,1,No
4/11/2025 21:36,68,Male,Tamil Nadu,Suits,Levie's,1,875,25,1.5,Yes
4/11/2025 21:36,46,Male,Andhra Pradesh,Shirts,Raymond,3,760,30,3,No
4/11/2025 21:36,67,Male,Arunachal Pradesh,Jackets,Levie's,1,950,15,4.5,Yes
4/11/2025 21:36,22,Female,Karnataka,Suits,Raymond,4,842,15,3,No
4/11/2025 21:36,29,Female,Jharkhand,Shorts,H&M,7,935,30,4,No
4/11/2025 21:36,51,Male,Sikkim,T-shirts,Pantaloons,1,648,30,1.5,Yes
4/11/2025 21:36,43,Male,Arunachal Pradesh,Ethnic Wear,Zudio,2,775,10,2,No
4/11/2025 21:36,36,Male,Punjab,Shirts,Adidas,3,913,10,2,Yes
4/11/2025 21:36,33,Female,Karnataka,Jeans,Raymond,7,978,10,5,No
4/11/2025 21:36,22,Male,Punjab,Skirts,Nike,5,717,15,2.5,No
4/11/2025 21:36,38,Male,Meghalaya,T-shirts,Zudio,4,957,15,3,Yes
4/11/2025 21:36,24,Male,West Bengal,Jeans,Puma,1,902,25,3,Yes
4/11/2025 21:36,57,Female,Tamil Nadu,Sleepwear,Puma,6,604,30,5,Yes
4/11/2025 21:36,56,Male,Madhya Pradesh,Sleepwear,Puma,6,579,25,2.5,No
4/11/2025 21:36,48,Male,Nagaland,Activewear,Zudio,6,858,15,4.5,No
4/11/2025 21:36,23,Female,Jharkhand,Suits,Levie's,3,672,15,3.5,No
4/11/2025 21:36,57,Female,West Bengal,Shorts,H&M,5,994,10,2,No
4/11/2025 21:36,27,Female,Rajasthan,Ethnic Wear,Puma,6,751,15,2.5,Yes
4/11/2025 21:36,60,Male,Uttar Pradesh,T-shirts,Raymond,2,675,30,1.5,No
4/11/2025 21:36,64,Male,Nagaland,Undergarments,Pantaloons,7,748,20,3,Yes
4/11/2025 21:36,38,Female,Sikkim,Activewear,Pantaloons,5,504,15,3,No
4/11/2025 21:36,65,Male,West Bengal,Shorts,Levie's,1,802,15,1,No
4/11/2025 21:36,29,Female,West Bengal,Shirts,H&M,5,743,10,1,No
4/11/2025 21:36,61,Female,Bihar,Shorts,Zudio,1,790,30,4,No
4/11/2025 21:36,51,Male,Uttar Pradesh,Trousers,Zudio,5,658,15,1.5,Yes
4/11/2025 21:36,59,Female,Arunachal Pradesh,Jackets,Pantaloons,6,824,20,3,No
4/11/2025 21:36,57,Female,Telangana,Skirts,Puma,1,881,15,3.5,Yes
4/11/2025 21:36,21,Male,Nagaland,Activewear,Pantaloons,3,903,25,2.5,No
4/11/2025 21:36,63,Female,Haryana,Activewear,H&M,4,899,10,2.5,Yes
4/11/2025 21:36,18,Female,Telangana,Sweaters,Adidas,1,806,20,3.5,No
4/11/2025 21:36,57,Male,Assam,Jackets,Puma,3,869,20,5,Yes
4/11/2025 21:36,63,Male,Uttar Pradesh,Jeans,Puma,7,563,15,2,No
4/11/2025 21:36,27,Male,Maharashtra,Activewear,Pantaloons,1,836,30,3,No
4/11/2025 21:36,66,Female,Punjab,Skirts,Adidas,2,753,10,1,No
4/11/2025 21:36,55,Male,Haryana,Activewear,Raymond,1,827,15,3,Yes
4/11/2025 21:36,58,Male,Nagaland,Activewear,Raymond,6,764,25,3,Yes
4/11/2025 21:36,55,Female,Gujarat,Sleepwear,Raymond,7,985,20,1.5,No
4/11/2025 21:36,27,Male,West Bengal,Shorts,Puma,2,620,10,2.5,No
4/11/2025 21:36,66,Female,Odisha,Dresses,Puma,5,948,25,3,No
4/11/2025 21:36,50,Female,Uttar Pradesh,Jeans,Levie's,6,648,10,3.5,No
4/11/2025 21:36,28,Male,Bihar,Ethnic Wear,Levie's,3,530,10,2.5,Yes
4/11/2025 21:36,45,Female,Arunachal Pradesh,Shorts,Pantaloons,7,991,25,4.5,No
4/11/2025 21:36,37,Male,Goa,Jackets,Levie's,7,875,15,4,Yes
4/11/2025 21:36,47,Female,Karnataka,Jackets,Nike,7,811,20,4,No
4/11/2025 21:36,23,Male,Himachal Pradesh,Sweaters,H&M,5,607,15,5,No
4/11/2025 21:36,22,Male,Telangana,T-shirts,Nike,7,944,25,5,Yes
4/11/2025 21:36,32,Female,Goa,Shirts,Zudio,5,830,10,1.5,Yes
4/11/2025 21:36,64,Male,Sikkim,Activewear,Zudio,2,857,10,2,Yes
4/11/2025 21:36,24,Female,Karnataka,Undergarments,H&M,7,944,15,1.5,No
4/11/2025 21:36,63,Female,Haryana,Skirts,Adidas,5,586,15,3,Yes
4/11/2025 21:36,57,Female,Bihar,Trousers,Pantaloons,6,533,10,3,No
4/11/2025 21:36,22,Male,Goa,Dresses,Zudio,7,580,25,2.5,No
4/11/2025 21:36,65,Female,Meghalaya,Jackets,Adidas,2,751,10,1.5,No
4/11/2025 21:36,59,Female,Haryana,Skirts,Pantaloons,3,729,15,4,No
4/11/2025 21:36,49,Male,Sikkim,Formal Wear,Pantaloons,5,440,25,4,No
4/11/2025 21:36,41,Female,Maharashtra,Jeans,Levie's,1,647,30,1.5,Yes
4/11/2025 21:36,18,Female,Madhya Pradesh,Jackets,H&M,7,633,10,5,Yes
4/11/2025 21:36,50,Female,Maharashtra,Suits,H&M,4,970,15,1,No
4/11/2025 21:36,47,Male,Madhya Pradesh,Skirts,Pantaloons,3,731,15,4,No
4/11/2025 21:36,52,Female,Assam,Suits,Zudio,7,431,15,2,Yes
4/11/2025 21:36,62,Male,West Bengal,Skirts,Puma,6,850,30,2,Yes
4/11/2025 21:36,58,Female,Bihar,Formal Wear,Zudio,1,622,15,4.5,Yes
4/11/2025 21:36,62,Female,Maharashtra,Sweaters,Pantaloons,5,899,20,1.5,Yes
4/11/2025 21:36,19,Female,Maharashtra,Jeans,H&M,3,967,25,4.5,No
4/11/2025 21:36,69,Female,Goa,Skirts,Raymond,6,813,15,4.5,Yes
4/11/2025 21:36,47,Female,Andhra Pradesh,Formal Wear,Nike,2,889,10,3,No
4/11/2025 21:36,22,Male,Odisha,Jeans,Adidas,4,746,25,1.5,Yes
4/11/2025 21:36,53,Male,Tamil Nadu,Sleepwear,Pantaloons,1,662,15,1,No
4/11/2025 21:36,23,Male,Gujarat,Sweaters,Nike,7,960,20,2,No
4/11/2025 21:36,34,Female,Andhra Pradesh,Shorts,Levie's,3,524,20,1.5,No
4/11/2025 21:36,47,Male,Assam,Sweaters,Pantaloons,4,420,30,3.5,Yes
4/11/2025 21:36,31,Male,Kerala,Skirts,Raymond,2,838,20,2,Yes
4/11/2025 21:36,38,Male,Gujarat,Activewear,Adidas,2,413,30,3.5,No
4/11/2025 21:36,61,Female,Nagaland,Suits,Raymond,1,463,25,1.5,Yes
4/11/2025 21:36,31,Female,Bihar,Undergarments,Raymond,3,974,30,5,No
4/11/2025 21:36,33,Female,Gujarat,Shorts,Adidas,3,498,25,2,Yes
4/11/2025 21:36,52,Female,Haryana,T-shirts,Nike,1,475,10,1,Yes
4/11/2025 21:36,53,Male,Jharkhand,Activewear,Levie's,7,841,20,4,No
4/11/2025 21:36,26,Male,Andhra Pradesh,Skirts,Zudio,1,875,30,3.5,Yes
4/11/2025 21:36,22,Female,Sikkim,Ethnic Wear,Nike,7,783,25,2,No
4/11/2025 21:36,50,Female,Maharashtra,Shorts,Levie's,3,476,20,2,Yes
4/11/2025 21:36,18,Female,Gujarat,Trousers,Adidas,1,913,30,3.5,No
4/11/2025 21:36,70,Female,Rajasthan,Skirts,Pantaloons,7,871,10,1,Yes
4/11/2025 21:36,22,Male,Tripura,T-shirts,Pantaloons,2,588,30,4.5,Yes
4/11/2025 21:36,24,Male,Meghalaya,Skirts,Pantaloons,3,410,10,3.5,No
4/11/2025 21:36,59,Female,Punjab,Sweaters,Pantaloons,2,409,20,1.5,No
4/11/2025 21:36,20,Female,Himachal Pradesh,Shirts,Puma,4,802,10,1,No
4/11/2025 21:36,37,Female,Tamil Nadu,Suits,Zudio,7,959,30,2,Yes
4/11/2025 21:36,67,Female,Madhya Pradesh,Shirts,Puma,1,538,25,4.5,No
4/11/2025 21:36,43,Female,Punjab,Skirts,Zudio,1,602,15,1.5,No
4/11/2025 21:36,55,Male,West Bengal,Suits,Nike,6,840,20,3.5,No
4/11/2025 21:36,59,Female,Bihar,Suits,Pantaloons,4,497,25,3.5,No
4/11/2025 21:36,62,Female,West Bengal,Ethnic Wear,Adidas,5,917,30,3.5,Yes
4/11/2025 21:36,63,Male,Bihar,Undergarments,Adidas,4,751,15,1,Yes
4/11/2025 21:36,60,Female,Rajasthan,Dresses,H&M,3,914,30,3.5,Yes
4/11/2025 21:36,39,Female,Karnataka,Shirts,Zudio,2,853,15,4,No
4/11/2025 21:36,21,Female,Gujarat,Formal Wear,Puma,4,669,25,1,No
4/11/2025 21:36,23,Male,Himachal Pradesh,Sweaters,Puma,2,784,20,3,No
4/11/2025 21:36,45,Male,Gujarat,Trousers,Puma,2,659,30,4,No
4/11/2025 21:36,22,Female,Punjab,Activewear,Pantaloons,2,493,30,4,No
4/11/2025 21:36,51,Male,Uttarakhand,Sweaters,Puma,5,411,10,5,Yes
4/11/2025 21:36,37,Female,Nagaland,Shirts,Raymond,7,681,15,1,Yes
4/11/2025 21:36,37,Male,Telangana,Dresses,Raymond,1,669,15,3.5,Yes
4/11/2025 21:36,36,Male,Uttarakhand,Activewear,Zudio,3,427,25,5,Yes
4/11/2025 21:36,19,Female,Meghalaya,Suits,H&M,1,587,25,4,Yes
4/11/2025 21:36,25,Male,Madhya Pradesh,T-shirts,Pantaloons,4,847,15,3,Yes
4/11/2025 21:36,69,Male,Karnataka,Suits,Adidas,6,678,15,2,No
4/11/2025 21:36,21,Male,Telangana,Shorts,Levie's,6,766,10,2.5,Yes
4/11/2025 21:36,32,Male,Goa,T-shirts,Pantaloons,6,722,15,4.5,No
4/11/2025 21:36,33,Female,Himachal Pradesh,Trousers,H&M,1,845,30,2.5,Yes
4/11/2025 21:36,22,Male,Bihar,Shorts,Puma,4,451,20,1,No
4/11/2025 21:36,68,Male,Uttarakhand,Sweaters,Pantaloons,1,689,10,1,No
4/11/2025 21:36,64,Male,Goa,Activewear,Nike,1,818,30,4,No
4/11/2025 21:36,29,Female,Nagaland,Dresses,Pantaloons,3,601,15,3,No
4/11/2025 21:36,67,Male,Uttar Pradesh,T-shirts,Raymond,1,578,20,2,No
4/11/2025 21:36,34,Male,Arunachal Pradesh,Jackets,Pantaloons,5,876,15,3.5,No
4/11/2025 21:36,55,Male,West Bengal,Sweaters,Nike,7,778,10,1.5,Yes
4/11/2025 21:36,49,Female,Bihar,Sleepwear,Nike,6,757,30,3,No
4/11/2025 21:36,45,Female,Odisha,Jeans,Adidas,3,645,30,2,Yes
4/11/2025 21:36,67,Female,Mizoram,Shirts,Adidas,4,688,10,3,No
4/11/2025 21:36,44,Female,Goa,Shorts,Levie's,1,589,20,3,No
4/11/2025 21:36,33,Male,Andhra Pradesh,Trousers,Adidas,3,844,25,4,No
4/11/2025 21:36,22,Female,Manipur,Jackets,Nike,7,800,30,1.5,No
4/11/2025 21:36,54,Male,Madhya Pradesh,Shirts,H&M,3,416,25,5,No
4/11/2025 21:36,67,Male,Assam,Shorts,H&M,4,695,30,2,Yes
4/11/2025 21:36,38,Male,Arunachal Pradesh,Jeans,Zudio,6,694,30,1.5,No
4/11/2025 21:36,48,Female,Arunachal Pradesh,Jackets,H&M,2,982,20,4,No
4/11/2025 21:36,58,Female,West Bengal,Sleepwear,Nike,1,412,10,4.5,Yes
4/11/2025 21:36,19,Female,West Bengal,Sleepwear,Zudio,1,902,15,4,No
4/11/2025 21:36,30,Female,Tripura,Shorts,Raymond,1,495,15,1.5,No
4/11/2025 21:36,23,Male,Odisha,Jackets,Adidas,7,852,25,2,Yes
4/11/2025 21:36,58,Male,Tamil Nadu,Ethnic Wear,Zudio,5,977,30,2,Yes
4/11/2025 21:36,61,Male,Karnataka,Jeans,Zudio,3,657,30,4,Yes
4/11/2025 21:36,34,Male,Andhra Pradesh,Undergarments,Raymond,7,530,25,3.5,Yes
4/11/2025 21:36,49,Male,Tamil Nadu,Activewear,Adidas,1,951,15,3.5,Yes
4/11/2025 21:36,68,Female,Rajasthan,Dresses,Raymond,5,651,15,2.5,No
4/11/2025 21:36,47,Female,Mizoram,Undergarments,Adidas,4,574,25,5,No
4/11/2025 21:36,20,Male,Arunachal Pradesh,Sweaters,H&M,7,675,25,5,No
4/11/2025 21:36,36,Male,Assam,Undergarments,Nike,1,949,10,4.5,No
4/11/2025 21:36,44,Female,Meghalaya,Shorts,Nike,3,891,30,4,No
4/11/2025 21:36,33,Male,Maharashtra,Shorts,Levie's,5,649,30,2,Yes
4/11/2025 21:36,65,Male,Tamil Nadu,Undergarments,Pantaloons,3,956,25,3.5,No
4/11/2025 21:36,47,Male,Assam,Undergarments,H&M,2,950,15,5,Yes
4/11/2025 21:36,44,Female,Tamil Nadu,Trousers,H&M,7,615,30,2,Yes
4/11/2025 21:36,29,Male,Odisha,Undergarments,Puma,6,972,30,2.5,No
4/11/2025 21:36,49,Female,Maharashtra,Jeans,Raymond,6,894,15,4,No
4/11/2025 21:36,55,Male,Telangana,Jeans,Puma,5,471,30,4,Yes
4/11/2025 21:36,43,Female,Odisha,Skirts,Raymond,7,479,25,5,Yes
4/11/2025 21:36,19,Male,Jharkhand,Ethnic Wear,Pantaloons,5,541,10,3,No
4/11/2025 21:36,33,Female,Kerala,T-shirts,H&M,6,627,15,4.5,Yes
4/11/2025 21:36,37,Male,Tripura,Sweaters,Puma,1,568,15,1,Yes
4/11/2025 21:36,49,Female,Goa,Shorts,Nike,4,684,25,3.5,Yes
4/11/2025 21:36,50,Female,Arunachal Pradesh,Trousers,Levie's,1,858,10,2,No
4/11/2025 21:36,23,Female,Tripura,Trousers,H&M,6,506,15,4,Yes
4/11/2025 21:36,62,Male,Nagaland,T-shirts,Adidas,5,820,15,4,Yes
4/11/2025 21:36,51,Male,Meghalaya,Activewear,H&M,2,614,15,2,Yes
4/11/2025 21:36,22,Female,Tripura,Trousers,Zudio,1,793,30,2,Yes
4/11/2025 21:36,64,Male,Odisha,Dresses,Pantaloons,3,544,15,3,Yes
4/11/2025 21:36,51,Male,Himachal Pradesh,Jeans,Nike,7,726,30,1,Yes
4/11/2025 21:36,70,Female,Haryana,Jeans,Nike,1,455,30,5,No
4/11/2025 21:36,23,Male,Haryana,Suits,H&M,5,408,20,1,Yes
4/11/2025 21:36,39,Male,Rajasthan,Jeans,H&M,6,753,25,1,Yes
4/11/2025 21:36,36,Male,Odisha,Jackets,Adidas,4,673,25,5,No
4/11/2025 21:36,30,Female,Arunachal Pradesh,Suits,Raymond,5,521,15,2,No
4/11/2025 21:36,31,Female,Kerala,Sleepwear,Raymond,1,813,20,4.5,No
4/11/2025 21:36,57,Female,Andhra Pradesh,Trousers,H&M,4,476,15,3,Yes
4/11/2025 21:36,65,Male,Bihar,T-shirts,Levie's,1,580,10,1.5,Yes
4/11/2025 21:36,62,Male,Tripura,Sleepwear,Adidas,7,468,25,5,Yes
4/11/2025 21:36,23,Male,Odisha,Jackets,Levie's,2,900,15,2,No
4/11/2025 21:36,55,Male,Karnataka,Shorts,H&M,7,409,30,1,No
4/11/2025 21:36,33,Female,Tamil Nadu,Undergarments,Levie's,2,958,10,1.5,Yes
4/11/2025 21:36,69,Female,Madhya Pradesh,Undergarments,Adidas,5,789,25,4,Yes
4/11/2025 21:36,27,Female,Bihar,Suits,Nike,5,853,15,1.5,Yes
4/11/2025 21:36,54,Male,Telangana,Shirts,Raymond,4,543,25,4,No
4/11/2025 21:36,64,Female,Goa,Activewear,Zudio,7,512,25,2.5,No
4/11/2025 21:36,60,Male,Assam,Skirts,Zudio,3,426,10,4.5,Yes
4/11/2025 21:36,28,Male,Nagaland,Dresses,Raymond,4,710,20,5,Yes
4/11/2025 21:36,29,Female,Haryana,Sleepwear,H&M,5,742,20,4,Yes
4/11/2025 21:36,66,Male,Himachal Pradesh,Shirts,Puma,6,866,25,2.5,Yes
4/11/2025 21:36,40,Male,Telangana,Ethnic Wear,Levie's,3,571,25,1,No
4/11/2025 21:36,19,Female,Chhattisgarh,Ethnic Wear,Raymond,3,770,20,4,No
4/11/2025 21:36,46,Male,Madhya Pradesh,Jeans,Pantaloons,2,571,20,3,No
4/11/2025 21:36,58,Male,Jharkhand,Sweaters,Nike,4,947,20,3,Yes
4/11/2025 21:36,51,Female,Tamil Nadu,Trousers,Raymond,5,871,30,2,Yes
4/11/2025 21:36,45,Female,Goa,Undergarments,Adidas,3,660,15,4,Yes
4/11/2025 21:36,31,Female,Kerala,Trousers,Nike,6,502,30,3.5,No
4/11/2025 21:36,32,Male,Punjab,Undergarments,Puma,6,578,10,4,Yes
4/11/2025 21:36,39,Female,Telangana,Shorts,Puma,4,531,25,1,Yes
4/11/2025 21:36,52,Female,Tripura,Activewear,Puma,3,997,30,5,Yes
4/11/2025 21:36,67,Female,Punjab,Undergarments,Puma,5,535,20,1.5,No
4/11/2025 21:36,60,Male,Manipur,Formal Wear,Levie's,6,784,10,4.5,No
4/11/2025 21:36,59,Female,Jharkhand,Activewear,Levie's,4,986,20,1,No
4/11/2025 21:36,38,Female,Mizoram,Sweaters,Puma,4,875,15,3.5,No
4/11/2025 21:36,70,Female,Manipur,Ethnic Wear,Pantaloons,2,782,25,2,Yes
4/11/2025 21:36,51,Female,Arunachal Pradesh,Ethnic Wear,Pantaloons,6,888,20,4,Yes
4/11/2025 21:36,65,Female,Uttarakhand,Dresses,Nike,1,657,20,5,Yes
4/11/2025 21:36,43,Female,Punjab,Shorts,Puma,1,624,20,3.5,Yes
4/11/2025 21:36,49,Female,Himachal Pradesh,Shirts,Adidas,7,666,10,2.5,Yes
4/11/2025 21:36,56,Male,Uttarakhand,Shorts,Puma,3,508,10,3.5,Yes
4/11/2025 21:36,42,Female,Jharkhand,Jeans,Levie's,7,475,30,3,Yes
4/11/2025 21:36,56,Male,Arunachal Pradesh,Shirts,Levie's,3,826,30,1.5,Yes
4/11/2025 21:36,66,Male,Tamil Nadu,T-shirts,Levie's,6,927,20,1.5,Yes
4/11/2025 21:36,62,Female,Tamil Nadu,Activewear,Levie's,7,978,30,3.5,Yes
4/11/2025 21:36,25,Male,Nagaland,Ethnic Wear,Puma,1,885,30,1.5,No
4/11/2025 21:36,32,Female,Mizoram,Sleepwear,Raymond,3,848,20,2.5,No
4/11/2025 21:36,32,Female,Uttarakhand,Sweaters,Puma,3,953,20,2.5,Yes
4/11/2025 21:36,70,Female,Uttarakhand,Skirts,H&M,4,593,20,1.5,No
4/11/2025 21:36,45,Male,Meghalaya,Skirts,Levie's,7,442,20,4.5,No
4/11/2025 21:36,47,Male,Telangana,Ethnic Wear,Levie's,4,774,25,2,Yes
4/11/2025 21:36,39,Male,Mizoram,T-shirts,Puma,7,402,20,5,Yes
4/11/2025 21:36,63,Female,Tamil Nadu,Trousers,Levie's,2,414,30,4,Yes
4/11/2025 21:36,62,Female,Sikkim,Shorts,Adidas,4,780,15,5,Yes
4/11/2025 21:36,24,Female,Andhra Pradesh,Formal Wear,Pantaloons,7,996,10,3,Yes
4/11/2025 21:36,41,Female,Bihar,Sweaters,Pantaloons,7,898,30,4.5,No
4/11/2025 21:36,69,Female,Telangana,Jeans,Levie's,1,692,10,2,Yes
4/11/2025 21:36,40,Female,Uttarakhand,Jackets,Nike,7,445,15,3.5,Yes
4/11/2025 21:36,40,Female,Sikkim,Dresses,Adidas,7,613,20,2.5,No
4/11/2025 21:36,45,Male,Tripura,Formal Wear,Adidas,7,517,10,2.5,No
4/11/2025 21:36,69,Male,Odisha,Skirts,Adidas,1,716,25,2,No
4/11/2025 21:36,26,Male,Odisha,Shorts,Zudio,4,947,25,5,Yes
4/11/2025 21:36,56,Female,Punjab,Suits,Zudio,4,802,15,2.5,No
4/11/2025 21:36,62,Male,Sikkim,Sleepwear,Pantaloons,4,598,15,3.5,No
4/11/2025 21:36,41,Female,Sikkim,Activewear,H&M,6,551,15,2,No
4/11/2025 21:36,44,Male,Nagaland,Dresses,Adidas,4,812,30,4.5,Yes
4/11/2025 21:36,53,Male,Punjab,Shirts,Zudio,6,455,25,1.5,Yes
4/11/2025 21:36,20,Male,Mizoram,Formal Wear,Levie's,3,483,10,5,No
4/11/2025 21:36,68,Male,Sikkim,Sleepwear,H&M,7,489,30,3,No
4/11/2025 21:36,27,Female,Goa,Trousers,Pantaloons,7,871,25,5,Yes
4/11/2025 21:36,54,Female,Uttarakhand,Dresses,Zudio,7,757,30,4,Yes
4/11/2025 21:36,37,Male,Uttar Pradesh,Ethnic Wear,H&M,2,600,20,3,No
4/11/2025 21:36,52,Male,Uttar Pradesh,Jackets,Zudio,7,741,20,3,No
4/11/2025 21:36,46,Male,Nagaland,Shorts,Zudio,7,576,15,4.5,No
4/11/2025 21:36,19,Female,Assam,Skirts,Levie's,3,752,10,2,Yes
4/11/2025 21:36,35,Female,Kerala,Ethnic Wear,Nike,6,943,30,4,Yes
4/11/2025 21:36,25,Male,Meghalaya,Jeans,Adidas,4,415,30,3.5,No
4/11/2025 21:36,22,Male,Madhya Pradesh,Dresses,Zudio,5,584,15,4,Yes
4/11/2025 21:36,70,Female,Punjab,Trousers,Nike,3,429,30,3,Yes
4/11/2025 21:36,29,Male,Odisha,Formal Wear,Nike,2,461,25,2.5,Yes
4/11/2025 21:36,56,Female,Manipur,Skirts,H&M,3,915,30,3,Yes
4/11/2025 21:36,66,Male,Jharkhand,Jackets,Levie's,5,943,10,3,No
4/11/2025 21:36,69,Male,Arunachal Pradesh,Shirts,Adidas,2,587,10,4,Yes
4/11/2025 21:36,37,Female,Himachal Pradesh,Activewear,Levie's,2,403,15,5,No
4/11/2025 21:36,49,Female,Karnataka,Dresses,Levie's,2,418,20,2,No
4/11/2025 21:36,57,Male,Andhra Pradesh,Undergarments,Zudio,5,602,25,1.5,Yes
4/11/2025 21:36,26,Male,Jharkhand,Suits,H&M,5,920,25,5,No
4/11/2025 21:36,58,Female,Bihar,Ethnic Wear,Levie's,5,904,10,1.5,Yes
4/11/2025 21:36,62,Female,Manipur,Activewear,Pantaloons,7,992,30,5,Yes
4/11/2025 21:36,51,Female,Tamil Nadu,Skirts,Raymond,3,792,30,5,Yes
4/11/2025 21:36,70,Female,Gujarat,Sweaters,Pantaloons,2,671,30,2,Yes
4/11/2025 21:36,37,Female,Andhra Pradesh,Jeans,H&M,6,504,30,5,Yes
4/11/2025 21:36,43,Female,Maharashtra,T-shirts,Pantaloons,7,732,25,4,Yes
4/11/2025 21:36,54,Male,Punjab,Suits,Adidas,6,742,15,5,Yes
4/11/2025 21:36,27,Male,Gujarat,Jeans,Puma,2,514,10,4.5,Yes
4/11/2025 21:36,60,Male,Kerala,Sweaters,H&M,2,844,30,2,No
4/11/2025 21:36,41,Female,Tripura,Activewear,Puma,7,513,15,1,No
4/11/2025 21:36,30,Male,Jharkhand,Activewear,H&M,5,623,30,2.5,Yes
4/11/2025 21:36,67,Female,Jharkhand,Shorts,Puma,4,489,10,1,No
4/11/2025 21:36,21,Female,Maharashtra,Shirts,Adidas,4,980,10,2.5,No
4/11/2025 21:36,38,Male,Karnataka,Jeans,Raymond,6,832,20,3,Yes
4/11/2025 21:36,50,Male,Tamil Nadu,Trousers,H&M,5,561,25,1,Yes
4/11/2025 21:36,49,Male,Sikkim,Jeans,H&M,2,960,30,1.5,Yes
4/11/2025 21:36,27,Female,Goa,Shorts,Levie's,3,922,10,2.5,Yes
4/11/2025 21:36,23,Female,Goa,Dresses,Nike,5,940,15,1.5,Yes
4/11/2025 21:36,31,Female,Gujarat,Skirts,Raymond,1,559,20,2,Yes
4/11/2025 21:36,69,Male,Jharkhand,Dresses,Levie's,1,997,30,5,No
4/11/2025 21:36,38,Male,Mizoram,Jackets,Nike,6,509,30,1,No
4/11/2025 21:36,32,Female,Punjab,Suits,Adidas,7,712,20,3,Yes
4/11/2025 21:36,61,Female,Tripura,Trousers,Zudio,2,999,10,1.5,Yes
4/11/2025 21:36,36,Female,Uttar Pradesh,Jackets,Raymond,1,925,20,5,Yes
4/11/2025 21:36,50,Male,Manipur,Suits,Levie's,6,906,20,1.5,Yes
4/11/2025 21:36,66,Female,Punjab,Jeans,Adidas,6,808,15,2.5,No
4/11/2025 21:36,33,Male,Rajasthan,Activewear,Raymond,7,498,10,5,No
4/11/2025 21:36,70,Female,Uttarakhand,Jeans,Raymond,7,768,20,2.5,Yes
4/11/2025 21:36,65,Female,Haryana,Activewear,H&M,3,957,30,5,Yes
4/11/2025 21:36,34,Female,Himachal Pradesh,Shirts,Nike,7,904,20,2,No
4/11/2025 21:36,24,Female,Uttarakhand,Trousers,Pantaloons,5,585,15,3,No
4/11/2025 21:36,37,Female,Himachal Pradesh,Undergarments,Zudio,6,981,20,3,Yes
4/11/2025 21:36,62,Male,Meghalaya,T-shirts,Nike,3,789,20,1.5,No
4/11/2025 21:36,46,Male,Chhattisgarh,T-shirts,Zudio,2,477,10,2,Yes
4/11/2025 21:36,56,Female,Gujarat,Shorts,Nike,5,895,30,1,Yes
4/11/2025 21:36,69,Female,Assam,Ethnic Wear,Adidas,7,913,10,2,Yes
4/11/2025 21:36,28,Female,Rajasthan,Undergarments,Puma,7,578,30,1,No
4/11/2025 21:36,45,Male,Odisha,Dresses,Adidas,4,909,15,2,No
4/11/2025 21:36,67,Female,Jharkhand,Sleepwear,Puma,2,948,20,5,Yes
4/11/2025 21:36,69,Male,Manipur,Sweaters,Puma,7,875,20,1.5,No
4/11/2025 21:36,54,Female,Sikkim,Jackets,Zudio,6,869,20,3,Yes
4/11/2025 21:36,32,Female,Madhya Pradesh,Undergarments,Pantaloons,3,590,10,2,Yes
4/11/2025 21:36,47,Male,Madhya Pradesh,Sweaters,Nike,5,619,30,4,Yes
4/11/2025 21:36,35,Female,Madhya Pradesh,Formal Wear,Puma,5,503,20,4,No
4/11/2025 21:36,29,Male,Manipur,Jackets,Pantaloons,7,643,15,3.5,Yes
4/11/2025 21:36,62,Female,Rajasthan,Skirts,Puma,3,956,30,5,Yes
4/11/2025 21:36,42,Female,Telangana,Jeans,H&M,4,719,15,5,Yes
4/11/2025 21:36,19,Male,Kerala,Dresses,Nike,1,960,30,4,Yes
4/11/2025 21:36,59,Male,Tripura,Jeans,Adidas,3,785,20,3.5,No
4/11/2025 21:36,65,Male,Tripura,Trousers,Pantaloons,4,516,20,2.5,Yes
4/11/2025 21:36,62,Male,Andhra Pradesh,Sleepwear,Pantaloons,6,877,10,4,Yes
4/11/2025 21:36,26,Male,Arunachal Pradesh,Dresses,Adidas,4,719,25,3.5,No
4/11/2025 21:36,61,Male,Gujarat,Shirts,Nike,4,437,15,3,No
4/11/2025 21:36,43,Male,Rajasthan,Activewear,Levie's,4,635,10,4,No
4/11/2025 21:36,35,Female,West Bengal,Jeans,Puma,4,436,25,3.5,No
4/11/2025 21:36,36,Female,Manipur,Activewear,Adidas,3,731,15,2,Yes
4/11/2025 21:36,28,Female,Manipur,Skirts,Levie's,5,594,20,3.5,No
4/11/2025 21:36,47,Male,Karnataka,Skirts,Puma,2,549,30,5,Yes
4/11/2025 21:36,33,Female,Tamil Nadu,Skirts,H&M,1,713,25,2,Yes
4/11/2025 21:36,31,Male,Odisha,Formal Wear,Raymond,3,673,10,1,Yes
4/11/2025 21:36,20,Female,Tripura,Activewear,Levie's,4,999,20,3,No
4/11/2025 21:36,50,Male,Uttarakhand,Sweaters,Zudio,7,947,10,4.5,No
4/11/2025 21:36,38,Female,Chhattisgarh,Sweaters,Raymond,5,609,10,3.5,No
4/11/2025 21:36,44,Male,Tamil Nadu,Dresses,Nike,3,801,10,4,Yes
4/11/2025 21:36,42,Female,Tamil Nadu,Shirts,Raymond,4,621,30,3,No
4/11/2025 21:36,37,Female,Arunachal Pradesh,Shorts,Adidas,3,980,30,4.5,Yes
4/11/2025 21:36,43,Male,Telangana,Jeans,Nike,7,775,30,1.5,No
4/11/2025 21:36,22,Male,Uttarakhand,Jackets,Zudio,4,741,20,2,Yes
4/11/2025 21:36,35,Female,Maharashtra,Jackets,H&M,4,759,30,2,Yes
4/11/2025 21:36,57,Female,Punjab,Formal Wear,Levie's,4,436,20,4,No
4/11/2025 21:36,49,Male,Jharkhand,Shirts,Nike,3,945,15,2,No
4/11/2025 21:36,34,Male,Jharkhand,Shorts,Raymond,6,652,20,4,Yes
4/11/2025 21:36,48,Female,Odisha,Trousers,Levie's,5,881,20,3,Yes
4/11/2025 21:36,34,Female,Rajasthan,Activewear,Puma,2,580,25,3.5,Yes
4/11/2025 21:36,68,Male,Manipur,Activewear,Nike,3,544,10,2.5,No
4/11/2025 21:36,36,Male,Telangana,Shirts,Levie's,6,612,30,2.5,Yes
4/11/2025 21:36,38,Male,Bihar,Shorts,Nike,6,648,20,2.5,No
4/11/2025 21:36,22,Male,Bihar,Formal Wear,Adidas,6,554,25,2,Yes
4/11/2025 21:36,19,Male,Karnataka,Formal Wear,Adidas,6,506,10,1.5,Yes
4/11/2025 21:36,56,Male,Kerala,T-shirts,Nike,3,510,30,2.5,No
4/11/2025 21:36,36,Female,West Bengal,T-shirts,Levie's,5,896,20,4,Yes
4/11/2025 21:36,65,Male,Gujarat,T-shirts,H&M,1,767,10,1,No
4/11/2025 21:36,53,Female,Uttar Pradesh,Dresses,H&M,5,475,20,3,Yes
4/11/2025 21:36,46,Female,Madhya Pradesh,T-shirts,Levie's,7,948,20,5,Yes
4/11/2025 21:36,59,Female,Uttarakhand,Shirts,Puma,4,813,25,2.5,No
4/11/2025 21:36,68,Male,Manipur,Undergarments,Adidas,5,895,30,3,No
4/11/2025 21:36,43,Male,Kerala,Suits,Nike,2,936,30,2,Yes
4/11/2025 21:36,68,Female,Mizoram,Jeans,Adidas,6,482,15,2.5,Yes
4/11/2025 21:36,22,Female,Telangana,Jeans,Adidas,1,688,20,4.5,Yes
4/11/2025 21:36,64,Male,Madhya Pradesh,Activewear,Adidas,6,822,25,2.5,No
4/11/2025 21:36,24,Female,Goa,Trousers,Adidas,7,529,25,1,Yes
4/11/2025 21:36,25,Male,Manipur,Activewear,H&M,3,741,15,3,Yes
4/11/2025 21:36,19,Female,Chhattisgarh,Ethnic Wear,Zudio,1,778,20,1.5,Yes
4/11/2025 21:36,44,Female,Kerala,Jackets,Adidas,3,536,10,1,Yes
4/11/2025 21:36,47,Female,Sikkim,Ethnic Wear,Levie's,6,545,10,5,No
4/11/2025 21:36,62,Female,Tripura,Sleepwear,Puma,1,911,20,1,Yes
4/11/2025 21:36,38,Female,Uttarakhand,Shirts,Adidas,2,687,30,3.5,No
4/11/2025 21:36,19,Male,Punjab,Shirts,Pantaloons,4,636,20,1.5,Yes
4/11/2025 21:36,23,Female,Bihar,Trousers,Puma,6,785,30,3.5,Yes
4/11/2025 21:36,53,Male,Arunachal Pradesh,Sweaters,Levie's,1,621,25,1,Yes
4/11/2025 21:36,68,Female,Sikkim,Formal Wear,Levie's,4,401,25,2.5,Yes
4/11/2025 21:36,43,Female,Nagaland,Activewear,H&M,6,570,25,2.5,No
4/11/2025 21:36,50,Male,Bihar,Trousers,Puma,2,923,30,4.5,Yes
4/11/2025 21:36,30,Male,Meghalaya,Undergarments,Adidas,1,608,10,3,No
4/11/2025 21:36,44,Male,Goa,Ethnic Wear,Zudio,7,551,20,5,No
4/11/2025 21:36,38,Male,Arunachal Pradesh,Sweaters,Levie's,6,873,30,1,No
4/11/2025 21:36,30,Female,Manipur,Ethnic Wear,Adidas,5,413,10,2,No
4/11/2025 21:36,68,Male,Manipur,T-shirts,H&M,2,476,10,3.5,No
4/11/2025 21:36,33,Male,Himachal Pradesh,Dresses,Puma,6,816,15,1.5,No
4/11/2025 21:36,63,Male,Maharashtra,Dresses,Zudio,1,707,20,4,No
4/11/2025 21:36,70,Female,Kerala,Jeans,Raymond,4,840,15,5,Yes
4/11/2025 21:36,66,Female,Assam,Suits,Raymond,5,758,30,4.5,Yes
4/11/2025 21:36,48,Female,Mizoram,Shirts,Zudio,7,422,10,1,Yes
4/11/2025 21:36,30,Female,Rajasthan,Suits,Pantaloons,7,672,15,4.5,Yes
4/11/2025 21:36,31,Male,Tripura,Shorts,Zudio,3,628,25,2.5,Yes
4/11/2025 21:36,27,Female,Odisha,Dresses,Pantaloons,4,891,15,4,Yes
4/11/2025 21:36,55,Female,Odisha,Suits,Raymond,3,655,20,4.5,No
4/11/2025 21:36,44,Male,Tamil Nadu,Trousers,Nike,4,442,20,1,No
4/11/2025 21:36,41,Male,Assam,Sleepwear,Adidas,6,626,10,3,No
4/11/2025 21:36,28,Female,Bihar,Dresses,Pantaloons,5,492,10,4,Yes
4/11/2025 21:36,51,Male,Haryana,Ethnic Wear,Levie's,3,886,10,4,No
4/11/2025 21:36,24,Female,Assam,Ethnic Wear,Adidas,4,727,30,3.5,No
4/11/2025 21:36,62,Female,Bihar,Skirts,Nike,6,761,15,5,Yes
4/11/2025 21:36,57,Male,Uttar Pradesh,Activewear,Nike,7,904,10,5,No
4/11/2025 21:36,43,Female,Punjab,Shirts,Raymond,2,569,10,4,Yes
4/11/2025 21:36,23,Female,Nagaland,T-shirts,Levie's,2,963,25,4.5,Yes
4/11/2025 21:36,61,Male,Himachal Pradesh,Dresses,Levie's,6,906,20,4,Yes
4/11/2025 21:36,21,Male,Assam,Activewear,Levie's,1,625,10,2.5,Yes
4/11/2025 21:36,23,Female,Sikkim,Sweaters,Adidas,6,800,30,2.5,No
4/11/2025 21:36,53,Female,Odisha,Jackets,Zudio,7,523,20,2,Yes
4/11/2025 21:36,53,Male,Telangana,Sleepwear,Adidas,4,637,10,1.5,Yes
4/11/2025 21:36,50,Female,Bihar,Undergarments,Puma,2,755,15,1.5,Yes
4/11/2025 21:36,21,Male,Meghalaya,Shirts,Raymond,6,725,30,1,Yes
4/11/2025 21:36,28,Female,Uttarakhand,Ethnic Wear,Raymond,6,777,10,4.5,Yes
4/11/2025 21:36,49,Male,Himachal Pradesh,Skirts,H&M,6,660,10,1.5,No
4/11/2025 21:36,37,Male,West Bengal,Trousers,H&M,5,622,20,3,Yes
4/11/2025 21:36,52,Female,Sikkim,Activewear,Levie's,3,760,20,4,Yes
4/11/2025 21:36,51,Female,Uttarakhand,Jeans,H&M,5,610,10,4,Yes
4/11/2025 21:36,61,Female,Punjab,Shorts,Pantaloons,7,995,10,5,Yes
4/11/2025 21:36,57,Female,Goa,Sleepwear,Raymond,5,719,10,1,No
4/11/2025 21:36,48,Male,Manipur,Sleepwear,Puma,4,527,15,4.5,No
4/11/2025 21:36,34,Male,Haryana,Ethnic Wear,Zudio,1,876,25,1.5,No
4/11/2025 21:36,18,Female,Rajasthan,Sleepwear,Raymond,1,584,20,4,No
4/11/2025 21:36,33,Female,Bihar,T-shirts,Raymond,2,412,25,3,No
4/11/2025 21:36,21,Male,Goa,Suits,Raymond,5,531,10,1.5,No
4/11/2025 21:36,37,Male,Karnataka,Jeans,Levie's,5,917,20,1,Yes
4/11/2025 21:36,18,Female,Bihar,Sleepwear,Zudio,2,479,20,3,Yes
4/11/2025 21:36,57,Male,Jharkhand,Formal Wear,Zudio,7,885,30,5,Yes
4/11/2025 21:36,18,Female,Arunachal Pradesh,Undergarments,Puma,6,488,20,3,Yes
4/11/2025 21:36,18,Male,Sikkim,Shorts,Puma,2,731,10,2.5,No
4/11/2025 21:36,20,Female,Uttar Pradesh,Suits,H&M,3,553,20,5,No
4/11/2025 21:36,35,Male,Arunachal Pradesh,Trousers,Adidas,4,605,30,1,Yes
4/11/2025 21:36,64,Male,Nagaland,Formal Wear,Zudio,5,523,25,1,No
4/11/2025 21:36,27,Female,Goa,Jackets,Zudio,7,907,25,1,No
4/11/2025 21:36,55,Male,Nagaland,Jackets,Adidas,1,679,10,3,No
4/11/2025 21:36,47,Male,Telangana,Jeans,Nike,7,978,30,4.5,Yes
4/11/2025 21:36,23,Male,Uttarakhand,Shorts,H&M,3,897,20,5,No
4/11/2025 21:36,53,Female,Mizoram,Sleepwear,Puma,5,513,15,4,Yes
4/11/2025 21:36,63,Male,Bihar,Sleepwear,Levie's,2,932,30,3,Yes
4/11/2025 21:36,50,Male,Maharashtra,Jackets,Pantaloons,5,426,25,4.5,Yes
4/11/2025 21:36,67,Female,Maharashtra,Formal Wear,Levie's,5,510,30,1,Yes
4/11/2025 21:36,45,Male,Himachal Pradesh,Suits,Raymond,1,579,15,2,Yes
4/11/2025 21:36,39,Male,Sikkim,Shorts,H&M,1,755,20,3,No
4/11/2025 21:36,50,Female,Odisha,Undergarments,H&M,2,642,30,5,No
4/11/2025 21:36,35,Male,Rajasthan,Shirts,Adidas,2,943,20,1,Yes
4/11/2025 21:36,29,Male,Maharashtra,Shirts,Nike,3,453,25,4.5,No
4/11/2025 21:36,38,Female,Chhattisgarh,Jeans,Levie's,3,656,30,4.5,No
4/11/2025 21:36,57,Male,Mizoram,Activewear,Zudio,3,927,30,4.5,Yes
4/11/2025 21:36,50,Female,Haryana,Sweaters,H&M,7,952,15,2,Yes
4/11/2025 21:36,38,Female,Haryana,Dresses,Nike,6,736,30,2.5,No
4/11/2025 21:36,40,Male,Maharashtra,Ethnic Wear,Adidas,5,822,10,1,Yes
4/11/2025 21:36,63,Female,Himachal Pradesh,Shirts,Levie's,4,409,20,3.5,Yes
4/11/2025 21:36,57,Female,Uttar Pradesh,Skirts,Raymond,4,491,15,1,Yes
4/11/2025 21:36,69,Male,Chhattisgarh,Shorts,Pantaloons,3,752,15,2.5,Yes
4/11/2025 21:36,45,Male,Tripura,Formal Wear,Pantaloons,2,426,25,2,No
4/11/2025 21:36,62,Male,Rajasthan,Dresses,Levie's,2,501,10,1,No
4/11/2025 21:36,36,Female,Assam,Shirts,Adidas,6,591,10,1,No
4/11/2025 21:36,25,Male,Chhattisgarh,Shirts,Adidas,1,815,15,3,Yes
4/11/2025 21:36,24,Female,Gujarat,Jackets,Pantaloons,2,953,30,5,Yes
4/11/2025 21:36,38,Male,Rajasthan,Shirts,Nike,1,792,10,4.5,No
4/11/2025 21:36,64,Female,Andhra Pradesh,Activewear,H&M,3,955,25,1,No
4/11/2025 21:36,35,Female,Sikkim,Suits,Zudio,3,617,30,2.5,No
4/11/2025 21:36,28,Male,Tripura,T-shirts,Puma,4,643,15,2.5,Yes
4/11/2025 21:36,46,Female,Andhra Pradesh,Suits,Adidas,5,852,25,4.5,No
4/11/2025 21:36,25,Female,Bihar,Suits,Nike,1,807,20,4.5,Yes
4/11/2025 21:36,33,Male,Karnataka,Sweaters,Adidas,1,463,30,3.5,No
4/11/2025 21:36,34,Male,Assam,Skirts,Raymond,2,405,30,2.5,No
4/11/2025 21:36,44,Male,Telangana,Jackets,Raymond,5,771,30,2.5,Yes
4/11/2025 21:36,21,Male,Odisha,Jackets,Raymond,2,1000,25,3.5,Yes
4/11/2025 21:36,29,Male,Uttar Pradesh,Suits,Puma,7,554,20,2,Yes
4/11/2025 21:36,65,Male,Haryana,Sleepwear,Puma,2,538,30,3.5,Yes
4/11/2025 21:36,30,Male,Gujarat,Jackets,Zudio,6,525,30,4,Yes
4/11/2025 21:36,40,Female,Madhya Pradesh,Shirts,Raymond,6,905,15,2,Yes
4/11/2025 21:36,56,Male,Haryana,Activewear,Levie's,6,638,15,3,No
4/11/2025 21:36,70,Female,Himachal Pradesh,Trousers,Zudio,5,683,30,4.5,Yes
4/11/2025 21:36,29,Female,Uttar Pradesh,Suits,Adidas,3,859,20,2.5,No
4/11/2025 21:36,39,Male,Rajasthan,T-shirts,H&M,5,666,25,3.5,Yes
4/11/2025 21:36,50,Female,West Bengal,Sleepwear,Adidas,3,812,20,1,No
4/11/2025 21:36,59,Female,Rajasthan,Shorts,Pantaloons,1,845,30,4,Yes
4/11/2025 21:36,32,Male,Manipur,Ethnic Wear,Raymond,6,975,15,4,Yes
4/11/2025 21:36,66,Female,Chhattisgarh,Shorts,Zudio,3,990,20,1.5,No
4/11/2025 21:36,47,Female,Rajasthan,Jeans,Raymond,4,669,10,4,No
4/11/2025 21:36,20,Male,Telangana,T-shirts,Pantaloons,3,483,10,5,No
4/11/2025 21:36,61,Female,Telangana,Activewear,H&M,5,909,30,2.5,Yes
4/11/2025 21:36,62,Female,Rajasthan,Shorts,Puma,6,547,25,1,No
4/11/2025 21:36,30,Male,Tamil Nadu,Sleepwear,Puma,5,963,30,3.5,No
4/11/2025 21:36,18,Male,Assam,Skirts,Raymond,3,728,15,2.5,No
4/11/2025 21:36,42,Male,Sikkim,Jeans,Zudio,6,661,15,3,Yes
4/11/2025 21:36,28,Female,Madhya Pradesh,Undergarments,Nike,7,724,15,1,Yes
4/11/2025 21:36,40,Male,Jharkhand,Suits,Zudio,3,696,30,2.5,Yes
4/11/2025 21:36,62,Male,Odisha,Trousers,Zudio,6,699,25,1.5,No
4/11/2025 21:36,18,Male,Bihar,Ethnic Wear,H&M,4,688,25,2,Yes
4/11/2025 21:36,39,Female,Haryana,Formal Wear,Levie's,1,865,25,5,No
4/11/2025 21:36,62,Male,Punjab,Sleepwear,Pantaloons,4,730,30,3,No
4/11/2025 21:36,26,Female,Tripura,Jeans,Pantaloons,6,524,30,2,No
4/11/2025 21:36,66,Male,West Bengal,Jackets,Nike,6,402,10,5,No
4/11/2025 21:36,31,Female,Chhattisgarh,Dresses,Zudio,4,532,15,2,No
4/11/2025 21:36,33,Female,Chhattisgarh,Undergarments,Nike,1,684,15,3,Yes
4/11/2025 21:36,25,Female,Madhya Pradesh,Undergarments,H&M,6,520,20,2,Yes
4/11/2025 21:36,37,Male,West Bengal,Jackets,Raymond,6,429,20,1.5,Yes
4/11/2025 21:36,47,Male,Odisha,Undergarments,Puma,2,495,15,4.5,Yes
4/11/2025 21:36,26,Female,Arunachal Pradesh,Suits,H&M,3,915,30,5,Yes
4/11/2025 21:36,50,Female,Kerala,Activewear,Levie's,6,830,10,2.5,Yes
4/11/2025 21:36,25,Female,Haryana,Formal Wear,Pantaloons,6,573,15,2,Yes
4/11/2025 21:36,54,Male,Madhya Pradesh,Activewear,Pantaloons,5,526,30,2,No
4/11/2025 21:36,66,Female,Goa,Trousers,H&M,5,607,25,4.5,No
4/11/2025 21:36,69,Female,Nagaland,Shirts,Puma,4,865,30,2.5,Yes
4/11/2025 21:36,60,Female,Arunachal Pradesh,Shorts,Pantaloons,3,563,15,4,Yes
4/11/2025 21:36,67,Female,Haryana,Trousers,Raymond,7,460,30,2,Yes
4/11/2025 21:36,37,Female,West Bengal,Jackets,Nike,4,805,10,2.5,Yes
4/11/2025 21:36,23,Female,Karnataka,Jeans,Zudio,5,966,10,4.5,No
4/11/2025 21:36,31,Female,Arunachal Pradesh,Shirts,Puma,5,515,20,1,Yes
4/11/2025 21:36,41,Female,Sikkim,Activewear,Pantaloons,1,773,30,2.5,Yes
4/11/2025 21:36,54,Female,Punjab,Skirts,Puma,4,848,30,2,No
4/11/2025 21:36,60,Female,Andhra Pradesh,Formal Wear,Puma,2,497,30,2,Yes
4/11/2025 21:36,22,Female,Meghalaya,Jackets,Puma,3,786,30,4.5,Yes
4/11/2025 21:36,64,Male,Haryana,Dresses,Puma,4,714,25,2.5,Yes
4/11/2025 21:36,24,Male,Gujarat,Suits,Nike,5,552,20,4.5,No
4/11/2025 21:36,32,Male,Telangana,T-shirts,Zudio,1,501,15,1.5,Yes
4/11/2025 21:36,19,Female,Chhattisgarh,Sleepwear,Pantaloons,6,808,20,2.5,No
4/11/2025 21:36,55,Male,Tripura,Suits,Nike,1,973,20,2,Yes
4/11/2025 21:36,57,Male,Madhya Pradesh,Activewear,Adidas,1,944,30,2.5,No
4/11/2025 21:36,61,Female,Karnataka,Ethnic Wear,Levie's,6,866,15,4.5,Yes
4/11/2025 21:36,44,Male,Arunachal Pradesh,Suits,H&M,5,581,20,1.5,No
4/11/2025 21:36,27,Male,Uttar Pradesh,Suits,Adidas,4,684,15,1.5,No
4/11/2025 21:36,55,Male,Punjab,Trousers,Nike,6,413,25,1.5,Yes
4/11/2025 21:36,31,Female,Uttar Pradesh,Dresses,Puma,3,526,10,1.5,No
4/11/2025 21:36,47,Female,Sikkim,Dresses,Zudio,5,413,10,2,No
4/11/2025 21:36,54,Female,Haryana,Activewear,Nike,4,761,25,5,No
4/11/2025 21:36,60,Male,Manipur,T-shirts,Nike,3,986,30,2,No
4/11/2025 21:36,51,Male,Odisha,T-shirts,Pantaloons,5,796,20,1.5,Yes
4/11/2025 21:36,67,Female,Karnataka,Suits,Raymond,3,425,25,4.5,Yes
4/11/2025 21:36,53,Female,Telangana,T-shirts,Adidas,5,436,30,3,Yes
4/11/2025 21:36,54,Female,Rajasthan,Skirts,Nike,7,907,15,1,No
4/11/2025 21:36,57,Female,Bihar,Trousers,H&M,3,430,15,1,No
4/11/2025 21:36,64,Female,Madhya Pradesh,Jeans,Pantaloons,6,567,20,1.5,Yes
4/11/2025 21:36,34,Female,Arunachal Pradesh,Suits,H&M,4,807,25,2.5,Yes
4/11/2025 21:36,39,Female,Chhattisgarh,Trousers,Adidas,3,480,15,2.5,Yes
4/11/2025 21:36,70,Male,Gujarat,Sweaters,Puma,5,951,10,3,Yes
4/11/2025 21:36,70,Female,Uttarakhand,Sleepwear,Adidas,4,575,10,1.5,Yes
4/11/2025 21:36,29,Female,Himachal Pradesh,Trousers,Levie's,3,489,10,2.5,Yes
4/11/2025 21:36,41,Male,Madhya Pradesh,Jeans,Zudio,4,468,15,4.5,No
4/11/2025 21:36,64,Female,Andhra Pradesh,Trousers,Puma,2,886,10,3.5,Yes
4/11/2025 21:36,53,Male,Tripura,Activewear,Puma,4,978,25,4,No
4/11/2025 21:36,65,Female,Punjab,Suits,Levie's,7,901,30,3,No
4/11/2025 21:36,27,Female,Maharashtra,T-shirts,Puma,1,579,15,4,Yes
4/11/2025 21:36,48,Male,Tripura,Ethnic Wear,Adidas,1,567,10,3,No
4/11/2025 21:36,37,Female,Karnataka,Skirts,Adidas,5,947,25,2,Yes
4/11/2025 21:36,41,Female,Tamil Nadu,Trousers,Levie's,1,729,25,5,Yes
4/11/2025 21:36,51,Female,Punjab,T-shirts,Raymond,3,832,25,3,Yes
4/11/2025 21:36,33,Female,Mizoram,Suits,Levie's,5,950,25,5,Yes
4/11/2025 21:36,44,Female,Bihar,Trousers,Puma,7,460,10,4.5,No
4/11/2025 21:36,60,Female,Uttarakhand,Skirts,Zudio,4,449,30,4,No
4/11/2025 21:36,43,Male,Goa,Trousers,H&M,7,457,10,1,Yes
4/11/2025 21:36,42,Male,Maharashtra,Shirts,Adidas,6,479,20,5,Yes
4/11/2025 21:36,33,Male,Karnataka,Shorts,Zudio,4,879,30,2.5,Yes
4/11/2025 21:36,34,Female,Meghalaya,T-shirts,Pantaloons,7,611,25,4,Yes
4/11/2025 21:36,40,Female,Kerala,Dresses,Adidas,6,577,25,2,Yes
4/11/2025 21:36,47,Male,Meghalaya,Jeans,Levie's,5,961,30,1,Yes
4/11/2025 21:36,30,Male,Himachal Pradesh,Sleepwear,Puma,5,886,10,4.5,Yes
4/11/2025 21:36,20,Female,Uttarakhand,Undergarments,Zudio,7,905,15,3.5,No
4/11/2025 21:36,38,Male,Kerala,Ethnic Wear,Zudio,4,864,30,3,No
4/11/2025 21:36,18,Male,Andhra Pradesh,Skirts,H&M,5,574,25,2,Yes
4/11/2025 21:36,59,Male,Tamil Nadu,Shirts,Nike,5,599,20,3.5,No
4/11/2025 21:36,24,Male,Nagaland,Shirts,Puma,5,764,20,4.5,Yes
4/11/2025 21:36,25,Male,West Bengal,Shirts,Adidas,7,412,30,2,No
4/11/2025 21:36,65,Male,Manipur,Jeans,Zudio,4,748,25,2.5,Yes
4/11/2025 21:36,27,Female,Karnataka,Sleepwear,Zudio,3,801,10,2.5,No
4/11/2025 21:36,20,Female,Rajasthan,Jeans,Pantaloons,3,432,20,4.5,Yes
4/11/2025 21:36,34,Female,Jharkhand,Ethnic Wear,Raymond,7,759,15,2.5,Yes
4/11/2025 21:36,31,Female,Sikkim,Sleepwear,Levie's,5,487,25,2,Yes
4/11/2025 21:36,23,Male,Odisha,Shorts,Pantaloons,3,735,25,2.5,No
4/11/2025 21:36,53,Male,Haryana,Dresses,H&M,2,455,30,1,Yes
4/11/2025 21:36,56,Male,Chhattisgarh,Trousers,Adidas,2,626,15,4.5,No
4/11/2025 21:36,70,Female,Goa,T-shirts,Adidas,5,573,25,3.5,No
4/11/2025 21:36,21,Male,Himachal Pradesh,T-shirts,Pantaloons,3,505,15,3.5,No
4/11/2025 21:36,18,Male,Maharashtra,Dresses,Pantaloons,7,586,20,2,Yes
4/11/2025 21:36,55,Male,Bihar,Suits,Puma,1,415,15,1.5,No
4/11/2025 21:36,60,Female,Telangana,Jackets,Pantaloons,4,825,20,2.5,Yes
4/11/2025 21:36,63,Female,Mizoram,Sweaters,Pantaloons,2,886,10,1,Yes
4/11/2025 21:36,26,Female,Uttar Pradesh,Ethnic Wear,Puma,3,768,15,1,Yes
4/11/2025 21:36,22,Female,Assam,Skirts,Raymond,7,603,30,3,Yes
4/11/2025 21:36,42,Female,Odisha,Dresses,H&M,5,988,10,1,No
4/11/2025 21:36,50,Female,Assam,Shirts,Levie's,5,464,20,3,Yes
4/11/2025 21:36,58,Male,Andhra Pradesh,Activewear,Adidas,1,886,10,5,Yes
4/11/2025 21:36,41,Female,Uttar Pradesh,Sleepwear,Nike,7,835,30,5,Yes
4/11/2025 21:36,31,Male,Odisha,Shirts,Puma,2,654,20,2,No
4/11/2025 21:36,26,Female,Maharashtra,Dresses,Puma,7,672,25,2,No
4/11/2025 21:36,48,Male,Manipur,T-shirts,H&M,7,803,30,4,No
4/11/2025 21:36,31,Female,Punjab,Ethnic Wear,Levie's,3,571,30,4,Yes
4/11/2025 21:36,37,Male,Kerala,Undergarments,Zudio,7,997,30,4.5,Yes
4/11/2025 21:36,62,Female,Gujarat,Suits,Nike,7,683,10,1.5,Yes
4/11/2025 21:36,51,Female,Mizoram,Shirts,H&M,2,816,25,1.5,Yes
4/11/2025 21:36,46,Female,Manipur,Suits,Adidas,5,739,30,3,No
4/11/2025 21:36,70,Female,Rajasthan,Dresses,H&M,5,602,10,1,No
4/11/2025 21:36,63,Male,Rajasthan,Formal Wear,Adidas,4,484,10,1,No
4/11/2025 21:36,56,Female,Rajasthan,Formal Wear,H&M,3,900,30,1,Yes
4/11/2025 21:36,62,Female,Assam,T-shirts,Puma,6,557,20,3,Yes
4/11/2025 21:36,67,Female,Andhra Pradesh,Shirts,Puma,1,435,10,4,Yes
4/11/2025 21:36,49,Female,Uttarakhand,Ethnic Wear,Levie's,1,417,25,1.5,Yes
4/11/2025 21:36,44,Male,Haryana,Shorts,Adidas,2,736,30,5,No
4/11/2025 21:36,62,Male,Arunachal Pradesh,Undergarments,Zudio,4,512,20,3.5,No
4/11/2025 21:36,18,Male,Karnataka,T-shirts,Nike,6,789,20,3,Yes
4/11/2025 21:36,32,Female,Gujarat,Jeans,Levie's,6,724,30,5,Yes
4/11/2025 21:36,38,Female,Mizoram,Skirts,Zudio,4,602,10,1.5,Yes
4/11/2025 21:36,68,Male,Andhra Pradesh,Dresses,Levie's,2,632,30,3.5,Yes
4/11/2025 21:36,52,Female,Chhattisgarh,Jeans,H&M,7,459,10,4,No
4/11/2025 21:36,49,Female,Uttar Pradesh,Shorts,Levie's,4,917,10,1,No
4/11/2025 21:36,35,Male,Gujarat,Sweaters,Adidas,6,659,10,2.5,Yes
4/11/2025 21:36,55,Male,Uttar Pradesh,Sleepwear,Nike,2,603,25,3.5,Yes
4/11/2025 21:36,60,Male,Gujarat,Suits,Zudio,6,599,15,2.5,Yes
4/11/2025 21:36,36,Female,Manipur,Sweaters,Levie's,1,504,20,1.5,Yes
4/11/2025 21:36,29,Female,Mizoram,Activewear,Nike,6,954,10,1,No
4/11/2025 21:36,66,Female,Tripura,Shirts,Zudio,2,747,15,4,No
4/11/2025 21:36,37,Male,Haryana,Shirts,Adidas,4,724,10,2,No
4/11/2025 21:36,45,Male,Himachal Pradesh,Trousers,Puma,2,752,20,1.5,No
4/11/2025 21:36,22,Female,Uttar Pradesh,Trousers,Raymond,3,559,15,1.5,No
4/11/2025 21:36,66,Female,Maharashtra,Jeans,Levie's,6,898,10,3.5,No
4/11/2025 21:36,28,Female,Tripura,Undergarments,Adidas,5,526,20,5,Yes
4/11/2025 21:36,20,Female,Maharashtra,Suits,Levie's,3,571,20,3.5,Yes
4/11/2025 21:36,31,Male,Karnataka,Ethnic Wear,Zudio,6,604,15,1.5,Yes
4/11/2025 21:36,34,Male,Meghalaya,T-shirts,Levie's,2,892,20,1.5,Yes
4/11/2025 21:36,61,Female,Punjab,Activewear,Puma,4,688,15,3.5,Yes
4/11/2025 21:36,20,Male,Tamil Nadu,Shirts,H&M,6,751,15,2,No
4/11/2025 21:36,50,Female,Tamil Nadu,Formal Wear,H&M,1,898,20,1.5,Yes
4/11/2025 21:36,28,Female,Himachal Pradesh,Ethnic Wear,Puma,2,996,20,3,Yes
4/11/2025 21:36,18,Female,Arunachal Pradesh,Suits,Levie's,7,572,25,1,No
4/11/2025 21:36,55,Male,Sikkim,Undergarments,Pantaloons,3,712,10,3.5,Yes
4/11/2025 21:36,20,Male,Arunachal Pradesh,Trousers,Pantaloons,3,679,30,3.5,No
4/11/2025 21:36,62,Male,Manipur,Shirts,H&M,6,644,30,3.5,Yes
4/11/2025 21:36,64,Male,Karnataka,T-shirts,H&M,5,855,30,2,No
4/11/2025 21:36,32,Male,Uttar Pradesh,Trousers,Raymond,4,747,15,1.5,Yes
4/11/2025 21:36,68,Male,Tamil Nadu,Activewear,Zudio,7,496,10,4.5,No
4/11/2025 21:36,53,Female,Sikkim,Activewear,Raymond,6,995,10,4,Yes
4/11/2025 21:36,70,Female,Karnataka,Sleepwear,Pantaloons,3,945,30,2.5,No
4/11/2025 21:36,29,Male,Rajasthan,Shirts,H&M,7,580,25,1,No
4/11/2025 21:36,28,Female,Punjab,Skirts,Puma,1,476,10,2.5,Yes
4/11/2025 21:36,55,Female,Arunachal Pradesh,Dresses,H&M,2,884,25,4,No
4/11/2025 21:36,51,Male,Telangana,Sleepwear,Adidas,1,736,10,2,Yes
4/11/2025 21:36,41,Female,Arunachal Pradesh,Jeans,Nike,2,501,20,2,No
4/11/2025 21:36,44,Female,Uttar Pradesh,Jeans,H&M,5,835,30,5,No
4/11/2025 21:36,22,Male,Uttar Pradesh,Skirts,Pantaloons,5,850,10,3.5,No
4/11/2025 21:36,32,Male,Nagaland,T-shirts,H&M,1,712,30,2,No
4/11/2025 21:36,33,Female,Odisha,Dresses,Levie's,1,567,10,1,No
4/11/2025 21:36,62,Male,Kerala,Skirts,Nike,2,656,25,4.5,Yes
4/11/2025 21:36,29,Female,Goa,Formal Wear,Nike,3,698,25,2.5,No
4/11/2025 21:36,41,Male,Meghalaya,T-shirts,Nike,6,786,30,2,Yes
4/11/2025 21:36,27,Female,Kerala,Trousers,Nike,5,603,30,1,Yes
4/11/2025 21:36,46,Male,Madhya Pradesh,Sleepwear,Puma,5,665,25,4.5,Yes
4/11/2025 21:36,39,Male,Karnataka,Sleepwear,Nike,5,685,25,3.5,No
4/11/2025 21:36,38,Male,Arunachal Pradesh,Ethnic Wear,Nike,5,605,10,4.5,No
4/11/2025 21:36,18,Male,Gujarat,Sleepwear,Puma,4,535,30,2,Yes
4/11/2025 21:36,60,Male,Odisha,Suits,Pantaloons,6,674,10,1,Yes
4/11/2025 21:36,26,Female,Goa,Undergarments,Nike,3,827,20,2.5,No
4/11/2025 21:36,46,Male,Arunachal Pradesh,Shirts,Nike,2,978,20,2.5,No
4/11/2025 21:36,38,Female,Madhya Pradesh,Formal Wear,Nike,7,832,25,3.5,Yes
4/11/2025 21:36,31,Male,Assam,Sweaters,Raymond,2,606,15,5,No
4/11/2025 21:36,37,Male,Haryana,Trousers,Nike,1,571,30,2,No
4/11/2025 21:36,26,Female,Andhra Pradesh,Ethnic Wear,Nike,1,475,20,1.5,Yes
4/11/2025 21:36,61,Female,Tamil Nadu,Sweaters,Adidas,1,759,25,2.5,No
4/11/2025 21:36,65,Male,Jharkhand,T-shirts,H&M,5,593,25,2.5,Yes
4/11/2025 21:36,62,Male,Meghalaya,Ethnic Wear,Zudio,4,931,20,1.5,No
4/11/2025 21:36,49,Female,Rajasthan,Dresses,Nike,4,775,25,1,No
4/11/2025 21:36,50,Male,Karnataka,Shorts,Levie's,2,680,30,3,No
4/11/2025 21:36,62,Female,Arunachal Pradesh,Formal Wear,Puma,4,712,30,3,Yes
4/11/2025 21:36,62,Male,Chhattisgarh,Activewear,Adidas,7,764,25,2,No
4/11/2025 21:36,30,Female,Karnataka,Trousers,Adidas,5,684,10,4.5,No
4/11/2025 21:36,20,Male,Kerala,T-shirts,Pantaloons,7,556,20,2.5,Yes
4/11/2025 21:36,26,Female,Manipur,Trousers,H&M,4,860,20,3.5,Yes
4/11/2025 21:36,31,Male,Goa,Skirts,Adidas,4,409,25,4,No
4/11/2025 21:36,29,Female,Rajasthan,Formal Wear,Levie's,1,766,15,5,Yes
4/11/2025 21:36,39,Male,Kerala,Ethnic Wear,Nike,1,510,15,4.5,Yes
4/11/2025 21:36,57,Female,Assam,Sleepwear,Levie's,5,593,25,4.5,No
4/11/2025 21:36,69,Female,Sikkim,Activewear,Nike,5,521,10,3,Yes
4/11/2025 21:36,35,Female,Jharkhand,Shirts,Raymond,7,620,30,2.5,No
4/11/2025 21:36,43,Male,Sikkim,Suits,Puma,6,605,10,4.5,No
4/11/2025 21:36,54,Male,Andhra Pradesh,Suits,Raymond,3,938,30,5,Yes
4/11/2025 21:36,67,Female,Punjab,Undergarments,Pantaloons,5,418,15,3.5,No
4/11/2025 21:36,21,Male,Tripura,Trousers,Adidas,3,599,20,3,No
4/11/2025 21:36,28,Female,Arunachal Pradesh,Activewear,Nike,5,432,10,2,No
4/11/2025 21:36,39,Female,Bihar,Activewear,Nike,5,673,30,4,No
4/11/2025 21:36,64,Male,Haryana,Dresses,H&M,3,929,10,5,Yes
4/11/2025 21:36,33,Female,Tamil Nadu,Jeans,H&M,1,658,25,2.5,Yes
4/11/2025 21:36,18,Female,Jharkhand,Sweaters,Puma,1,669,10,4,No
4/11/2025 21:36,59,Female,Madhya Pradesh,Formal Wear,Pantaloons,3,673,15,4,No
4/11/2025 21:36,49,Male,Punjab,Suits,Levie's,3,742,25,1,No
4/11/2025 21:36,20,Female,Goa,Sleepwear,H&M,7,880,15,2.5,Yes
4/11/2025 21:36,25,Male,Sikkim,Undergarments,H&M,7,908,25,1.5,No
4/11/2025 21:36,49,Male,West Bengal,Trousers,Nike,5,471,20,2,No
4/11/2025 21:36,21,Female,Uttar Pradesh,Ethnic Wear,Levie's,4,848,25,5,No
4/11/2025 21:36,61,Female,Himachal Pradesh,Trousers,Pantaloons,1,623,10,4.5,Yes
4/11/2025 21:36,54,Female,Jharkhand,T-shirts,Adidas,6,996,10,3,No
4/11/2025 21:36,68,Male,Himachal Pradesh,Dresses,Pantaloons,1,475,25,4.5,Yes
4/11/2025 21:36,37,Male,Goa,Activewear,Puma,6,756,20,3.5,Yes
4/11/2025 21:36,37,Female,Bihar,Sweaters,Adidas,4,602,15,1,No
4/11/2025 21:36,44,Male,Uttar Pradesh,Sleepwear,H&M,5,654,30,4,Yes
4/11/2025 21:36,41,Male,Uttar Pradesh,Dresses,Zudio,2,777,30,2.5,Yes
4/11/2025 21:36,42,Female,Gujarat,Suits,Raymond,3,697,10,3.5,Yes
4/11/2025 21:36,47,Female,Kerala,Jackets,Pantaloons,5,911,30,2,No
4/11/2025 21:36,18,Male,Uttar Pradesh,Sweaters,Levie's,2,980,20,1,No
4/11/2025 21:36,38,Female,Odisha,Skirts,Nike,7,629,15,5,No
4/11/2025 21:36,68,Male,Manipur,Ethnic Wear,Raymond,2,502,15,3.5,No
4/11/2025 21:36,59,Male,Sikkim,Dresses,Nike,3,731,20,3.5,No
4/11/2025 21:36,60,Female,Arunachal Pradesh,Dresses,Raymond,2,847,20,1,Yes
4/11/2025 21:36,64,Male,Haryana,Jeans,H&M,3,606,30,4.5,Yes
4/11/2025 21:36,25,Male,Manipur,T-shirts,Pantaloons,3,510,15,3,Yes
4/11/2025 21:36,47,Male,Kerala,Dresses,Raymond,4,410,30,5,Yes
4/11/2025 21:36,21,Male,Punjab,Dresses,Nike,3,429,15,1,Yes
4/11/2025 21:36,29,Female,Goa,Sleepwear,H&M,5,729,25,4,Yes
4/11/2025 21:36,44,Female,Goa,Ethnic Wear,Nike,2,530,20,2,No
4/11/2025 21:36,66,Female,Tripura,Skirts,H&M,4,829,10,2.5,Yes
4/11/2025 21:36,68,Male,Gujarat,Shirts,Pantaloons,6,752,30,1,No
4/11/2025 21:36,43,Female,Karnataka,Shorts,Adidas,7,557,30,2.5,Yes
4/11/2025 21:36,23,Female,Odisha,Undergarments,Zudio,5,831,15,4,Yes
4/11/2025 21:36,31,Male,Meghalaya,T-shirts,Levie's,4,592,25,4,Yes
4/11/2025 21:36,64,Male,West Bengal,Formal Wear,Adidas,7,832,10,4.5,No
4/11/2025 21:36,18,Male,Bihar,Jeans,Zudio,7,851,10,3,No
4/11/2025 21:36,69,Male,Assam,Suits,Levie's,5,778,10,1,Yes
4/11/2025 21:36,50,Female,Telangana,Jeans,Zudio,1,804,30,2,No
4/11/2025 21:36,20,Female,Manipur,Shirts,Levie's,7,517,20,3,Yes
4/11/2025 21:36,65,Female,Mizoram,Sweaters,Zudio,1,871,30,1,No
4/11/2025 21:36,42,Male,Chhattisgarh,Jeans,Pantaloons,7,903,30,1.5,No
4/11/2025 21:36,22,Female,Jharkhand,Shirts,Adidas,2,818,25,4.5,Yes
4/11/2025 21:36,52,Male,Gujarat,Sleepwear,H&M,6,460,10,4.5,Yes
4/11/2025 21:36,51,Female,Karnataka,Shirts,Levie's,5,821,30,3.5,Yes
4/11/2025 21:36,59,Male,Mizoram,Shorts,Puma,7,565,15,2.5,No
4/11/2025 21:36,67,Female,Punjab,Formal Wear,Levie's,7,978,30,3.5,No
4/11/2025 21:36,28,Female,Meghalaya,Trousers,Pantaloons,3,849,30,1,No
4/11/2025 21:36,53,Male,Mizoram,Suits,Adidas,6,896,10,2.5,No
4/11/2025 21:36,52,Female,Manipur,Undergarments,Puma,2,787,15,3.5,No
4/11/2025 21:36,59,Female,Jharkhand,Suits,Puma,7,808,20,1.5,No
4/11/2025 21:36,31,Female,Maharashtra,Jeans,Adidas,3,870,10,5,No
4/11/2025 21:36,51,Male,Himachal Pradesh,Jackets,H&M,2,695,15,2,Yes
4/11/2025 21:36,41,Male,Sikkim,Sweaters,Adidas,3,835,10,2.5,No
4/11/2025 21:36,68,Female,Haryana,Skirts,Zudio,7,889,15,5,No
4/11/2025 21:36,58,Male,Uttar Pradesh,Sleepwear,Pantaloons,3,524,15,4.5,No
4/11/2025 21:36,65,Female,Madhya Pradesh,Formal Wear,Levie's,4,522,15,4.5,No
4/11/2025 21:36,43,Female,Maharashtra,Skirts,Levie's,1,490,30,1,Yes
4/11/2025 21:36,66,Male,Telangana,Shirts,Levie's,3,739,20,1.5,No
4/11/2025 21:36,39,Female,Chhattisgarh,Suits,Zudio,7,940,10,4,Yes
4/11/2025 21:36,28,Male,Chhattisgarh,Skirts,Pantaloons,5,576,30,1.5,No
4/11/2025 21:36,67,Male,Madhya Pradesh,Sleepwear,Raymond,6,702,10,2,No
4/11/2025 21:36,69,Female,Kerala,Dresses,H&M,2,528,15,1.5,No
4/11/2025 21:36,61,Male,Punjab,Skirts,Nike,6,688,10,3.5,Yes
4/11/2025 21:36,38,Male,Sikkim,Suits,Raymond,1,970,10,1.5,Yes
4/11/2025 21:36,63,Female,Jharkhand,Shirts,H&M,6,592,25,3,Yes
4/11/2025 21:36,63,Female,Arunachal Pradesh,T-shirts,Nike,3,707,20,1,No
4/11/2025 21:36,22,Male,Karnataka,Sleepwear,H&M,5,658,10,1.5,Yes
4/11/2025 21:36,20,Female,Odisha,Activewear,H&M,5,453,20,4,No
4/11/2025 21:36,31,Female,Madhya Pradesh,Dresses,Levie's,7,634,30,2,No
4/11/2025 21:36,48,Female,Mizoram,Activewear,Levie's,1,727,25,1.5,No
4/11/2025 21:36,39,Female,Nagaland,Activewear,Pantaloons,7,668,20,2,No
4/11/2025 21:36,58,Male,Jharkhand,Shirts,Pantaloons,7,683,15,5,No
4/11/2025 21:36,19,Female,Assam,Trousers,Raymond,1,779,15,1.5,Yes
4/11/2025 21:36,37,Male,Himachal Pradesh,Activewear,Raymond,1,849,15,2,No
4/11/2025 21:36,48,Female,Odisha,Shirts,Zudio,1,535,15,1.5,Yes
4/11/2025 21:36,62,Female,Arunachal Pradesh,Undergarments,Puma,3,896,20,4,No
4/11/2025 21:36,18,Male,Punjab,Jackets,Levie's,2,759,20,3.5,Yes
4/11/2025 21:36,63,Male,Punjab,Undergarments,Levie's,1,928,10,4.5,No
4/11/2025 21:36,26,Female,Andhra Pradesh,T-shirts,Nike,2,894,20,1,No
4/11/2025 21:36,19,Female,Punjab,Shirts,Adidas,3,671,15,1.5,Yes
4/11/2025 21:36,34,Male,Gujarat,Suits,Levie's,4,999,15,2.5,No
4/11/2025 21:36,47,Male,West Bengal,Jeans,Nike,7,943,15,4.5,Yes
4/11/2025 21:36,24,Male,Jharkhand,Sweaters,Raymond,6,564,30,2,No
4/11/2025 21:36,19,Male,Mizoram,Trousers,Zudio,6,404,20,4,Yes
4/11/2025 21:36,32,Female,Tripura,Skirts,Zudio,4,898,15,3.5,Yes
4/11/2025 21:36,67,Male,Gujarat,Skirts,H&M,1,656,25,2.5,No
4/11/2025 21:36,36,Male,Odisha,Sleepwear,Puma,2,806,15,2.5,No
4/11/2025 21:36,21,Female,Maharashtra,Trousers,Adidas,3,702,10,3.5,Yes
4/11/2025 21:36,47,Female,Gujarat,Undergarments,Puma,2,408,25,1.5,Yes
4/11/2025 21:36,26,Male,Himachal Pradesh,Undergarments,H&M,1,883,25,3.5,No
4/11/2025 21:36,45,Male,Punjab,Sleepwear,Zudio,7,453,10,1.5,No
4/11/2025 21:36,41,Male,Gujarat,Formal Wear,Levie's,7,803,10,2,Yes
4/11/2025 21:36,27,Male,Gujarat,Undergarments,Adidas,4,422,25,1,Yes
4/11/2025 21:36,65,Male,Punjab,Formal Wear,Nike,6,524,15,3,No
4/11/2025 21:36,62,Female,Meghalaya,Suits,H&M,2,455,15,2.5,Yes
4/11/2025 21:36,56,Male,West Bengal,Shirts,Pantaloons,3,782,10,2.5,Yes
4/11/2025 21:36,26,Male,Punjab,Activewear,Nike,5,894,30,1.5,Yes
4/11/2025 21:36,53,Male,Mizoram,Formal Wear,Nike,2,536,25,5,Yes
4/11/2025 21:36,57,Male,Andhra Pradesh,Formal Wear,H&M,4,508,15,1,Yes
4/11/2025 21:36,67,Male,Mizoram,Trousers,Pantaloons,6,652,30,1,No
4/11/2025 21:36,53,Female,Himachal Pradesh,Suits,Raymond,7,626,30,3,No
4/11/2025 21:36,18,Female,Tripura,Formal Wear,Levie's,1,743,20,4.5,Yes
4/11/2025 21:36,25,Female,Uttarakhand,Shorts,H&M,1,868,25,3.5,No
4/11/2025 21:36,28,Male,Telangana,Undergarments,H&M,2,905,30,3,No
4/11/2025 21:36,36,Male,Karnataka,Jeans,Raymond,2,660,10,1.5,Yes
4/11/2025 21:36,25,Male,Tamil Nadu,Sweaters,H&M,2,432,30,1,Yes
4/11/2025 21:36,64,Male,Assam,Undergarments,Zudio,4,444,30,2,No
4/11/2025 21:36,68,Female,Uttar Pradesh,Formal Wear,H&M,3,430,30,5,No
4/11/2025 21:36,40,Male,Chhattisgarh,Skirts,Nike,2,600,10,2.5,Yes
4/11/2025 21:36,70,Male,Gujarat,Suits,Raymond,1,753,10,2,Yes
4/11/2025 21:36,64,Male,Punjab,Trousers,Puma,2,618,25,2.5,No
4/11/2025 21:36,66,Female,Odisha,Shorts,Zudio,5,785,15,4,Yes
4/11/2025 21:36,34,Female,Mizoram,Dresses,Zudio,7,710,15,1.5,No
4/11/2025 21:36,25,Male,Telangana,Activewear,Raymond,1,492,30,2,Yes
4/11/2025 21:36,36,Female,Tamil Nadu,Sweaters,Nike,7,797,15,3,No
4/11/2025 21:36,52,Male,Rajasthan,Sweaters,Zudio,7,775,25,4.5,Yes
4/11/2025 21:36,33,Male,Meghalaya,Jackets,Levie's,2,975,15,2.5,Yes
4/11/2025 21:36,68,Female,Meghalaya,Undergarments,H&M,3,616,10,2.5,Yes
4/11/2025 21:36,50,Female,Meghalaya,Jeans,Zudio,4,695,30,5,No
4/11/2025 21:36,23,Female,Madhya Pradesh,Sleepwear,Puma,6,739,10,1.5,No
4/11/2025 21:36,66,Male,Kerala,Formal Wear,Zudio,3,791,30,1.5,No
4/11/2025 21:36,55,Male,Telangana,Dresses,Pantaloons,4,868,25,2.5,No
4/11/2025 21:36,36,Female,Manipur,Dresses,H&M,2,504,20,1,Yes
4/11/2025 21:36,24,Male,Andhra Pradesh,Dresses,Adidas,2,741,15,5,Yes
4/11/2025 21:36,45,Female,Madhya Pradesh,Skirts,Puma,4,589,30,3.5,Yes
4/11/2025 21:36,21,Male,Sikkim,Ethnic Wear,Adidas,6,917,30,3.5,Yes
4/11/2025 21:36,21,Male,Rajasthan,Skirts,Zudio,4,594,10,1.5,No
4/11/2025 21:36,51,Male,Meghalaya,T-shirts,Nike,5,478,15,1,No
4/11/2025 21:36,46,Female,Uttarakhand,Sleepwear,Levie's,3,929,30,5,Yes
4/11/2025 21:36,32,Male,Haryana,Undergarments,Nike,3,886,10,2,Yes
4/11/2025 21:36,36,Female,Andhra Pradesh,Jeans,Levie's,4,789,10,2,No
4/11/2025 21:36,23,Male,Gujarat,Suits,H&M,2,475,20,2.5,No
4/11/2025 21:36,44,Male,Goa,Shirts,Nike,3,870,30,5,Yes
4/11/2025 21:36,28,Female,Uttar Pradesh,Sweaters,Zudio,2,595,25,5,No
4/11/2025 21:36,64,Male,Sikkim,T-shirts,H&M,4,489,20,4,No
4/11/2025 21:36,24,Male,West Bengal,Formal Wear,Adidas,5,553,15,4,No
4/11/2025 21:36,19,Female,Madhya Pradesh,Sweaters,Zudio,6,507,15,1,No
4/11/2025 21:36,61,Female,West Bengal,T-shirts,Levie's,7,786,15,4.5,No
4/11/2025 21:36,70,Female,Telangana,Sleepwear,Raymond,7,447,15,4,Yes
4/11/2025 21:36,56,Male,Karnataka,Skirts,H&M,3,654,20,2.5,No
4/11/2025 21:36,65,Female,Rajasthan,Ethnic Wear,Pantaloons,3,521,20,4.5,No
4/11/2025 21:36,34,Male,Uttarakhand,Jeans,Adidas,2,544,15,1,No
4/11/2025 21:36,56,Male,Jharkhand,Formal Wear,Adidas,3,836,30,4,No
4/11/2025 21:36,63,Male,Kerala,Shirts,H&M,5,782,30,2,Yes
4/11/2025 21:36,24,Female,Jharkhand,Trousers,Raymond,7,815,25,2,Yes
4/11/2025 21:36,40,Female,Meghalaya,Sleepwear,Levie's,1,668,30,2.5,No
4/11/2025 21:36,25,Male,Telangana,Undergarments,Raymond,1,791,25,1.5,Yes
4/11/2025 21:36,18,Female,Gujarat,Shorts,Zudio,4,884,30,1,No
4/11/2025 21:36,45,Female,Tamil Nadu,Trousers,Zudio,2,992,25,5,Yes
4/11/2025 21:36,68,Female,Assam,Trousers,Puma,4,779,10,1,No
4/11/2025 21:36,53,Female,Maharashtra,Undergarments,H&M,2,516,30,2,Yes
4/11/2025 21:36,43,Female,Haryana,Trousers,Levie's,4,863,30,4.5,No
4/11/2025 21:36,45,Female,Chhattisgarh,Shorts,Zudio,3,859,25,3,Yes
4/11/2025 21:36,43,Male,Tamil Nadu,Shirts,Adidas,6,635,30,3.5,No
4/11/2025 21:36,55,Male,Himachal Pradesh,Dresses,Raymond,6,475,30,4,Yes
4/11/2025 21:36,47,Male,Haryana,Trousers,Raymond,7,898,20,2,Yes
4/11/2025 21:36,60,Female,Bihar,Sleepwear,Pantaloons,6,415,15,2,No
4/11/2025 21:36,39,Male,Manipur,Ethnic Wear,Nike,5,426,15,1.5,Yes
4/11/2025 21:36,20,Female,Uttarakhand,Activewear,Adidas,4,485,25,1.5,No
4/11/2025 21:36,55,Male,Gujarat,Shirts,Puma,3,770,20,5,Yes
4/11/2025 21:36,52,Female,Manipur,Skirts,H&M,3,452,30,1,No
4/11/2025 21:36,61,Female,Gujarat,Dresses,Adidas,5,986,15,4.5,No
4/11/2025 21:36,25,Male,Haryana,Shirts,H&M,5,680,15,3.5,No
4/11/2025 21:36,56,Male,Andhra Pradesh,Ethnic Wear,Levie's,2,799,20,5,No
4/11/2025 21:36,55,Female,Tripura,Ethnic Wear,Puma,2,497,30,1.5,Yes
4/11/2025 21:36,65,Male,Telangana,Suits,Nike,3,538,20,1,Yes
4/11/2025 21:36,20,Female,Assam,Jackets,Raymond,3,975,15,4,Yes
4/11/2025 21:36,50,Female,Mizoram,Ethnic Wear,Nike,7,645,30,4.5,Yes
4/11/2025 21:36,20,Female,Gujarat,Shirts,Nike,1,485,10,1.5,No
4/11/2025 21:36,55,Female,Punjab,T-shirts,Zudio,3,980,10,1,Yes
4/11/2025 21:36,67,Male,West Bengal,Dresses,Nike,5,876,25,3.5,No
4/11/2025 21:36,21,Male,Mizoram,Jeans,Puma,5,764,10,4,Yes
4/11/2025 21:36,26,Male,Manipur,Suits,Pantaloons,6,670,20,2.5,No
4/11/2025 21:36,46,Female,Haryana,Skirts,Adidas,6,460,15,3.5,Yes
4/11/2025 21:36,51,Male,Punjab,Shirts,H&M,5,466,15,3.5,No
4/11/2025 21:36,59,Male,Jharkhand,Undergarments,Puma,4,648,10,1,No
4/11/2025 21:36,38,Female,Manipur,Formal Wear,Pantaloons,7,502,30,4,Yes
4/11/2025 21:36,70,Female,Himachal Pradesh,Dresses,H&M,3,648,15,2,Yes
4/11/2025 21:36,19,Male,Odisha,Undergarments,Nike,1,740,15,4.5,Yes
4/11/2025 21:36,28,Male,Chhattisgarh,Jeans,Zudio,3,963,10,3.5,Yes
4/11/2025 21:36,31,Female,Punjab,Shorts,Levie's,5,586,15,1,No
4/11/2025 21:36,56,Male,Odisha,Trousers,Levie's,4,920,15,1.5,No
4/11/2025 21:36,59,Male,Tripura,Formal Wear,Raymond,7,807,10,2,No
4/11/2025 21:36,32,Female,Karnataka,Formal Wear,Raymond,2,690,25,2,No
4/11/2025 21:36,20,Female,Meghalaya,Shorts,Nike,1,427,20,2,No
4/11/2025 21:36,70,Female,Tripura,T-shirts,Puma,4,566,20,1.5,Yes
4/11/2025 21:36,44,Female,Manipur,Shorts,Nike,3,780,10,3.5,Yes
4/11/2025 21:36,48,Female,Meghalaya,Ethnic Wear,H&M,6,879,15,3,No
4/11/2025 21:36,20,Male,Mizoram,Shorts,Nike,7,892,10,5,No
4/11/2025 21:36,26,Male,Karnataka,Jeans,H&M,2,622,10,1.5,No
4/11/2025 21:36,22,Female,Arunachal Pradesh,T-shirts,Zudio,2,925,10,2,Yes
4/11/2025 21:36,56,Female,Goa,Skirts,Adidas,2,602,10,3,Yes
4/11/2025 21:36,41,Female,Bihar,T-shirts,Puma,4,803,30,3,No
4/11/2025 21:36,52,Female,West Bengal,Jackets,Adidas,2,489,15,1.5,No
4/11/2025 21:36,25,Male,Arunachal Pradesh,Ethnic Wear,Puma,6,975,10,3,No
4/11/2025 21:36,27,Male,Haryana,Skirts,Raymond,4,885,25,2.5,No
4/11/2025 21:36,28,Female,Bihar,Skirts,Nike,1,414,10,4,No
4/11/2025 21:36,50,Female,Jharkhand,Activewear,Nike,6,491,10,2,Yes
4/11/2025 21:36,54,Male,Maharashtra,Shorts,Adidas,7,819,10,4,No
4/11/2025 21:36,25,Male,Gujarat,Dresses,Pantaloons,3,841,20,4,Yes
4/11/2025 21:36,53,Male,Maharashtra,Jeans,H&M,4,869,25,2,No
4/11/2025 21:36,62,Female,West Bengal,Sweaters,Nike,6,950,10,4.5,No
4/11/2025 21:36,52,Male,Gujarat,Undergarments,Nike,1,641,10,5,Yes
4/11/2025 21:36,60,Female,Kerala,Skirts,Levie's,4,413,15,5,No
4/11/2025 21:36,68,Male,Assam,Formal Wear,H&M,7,814,15,3,Yes
4/11/2025 21:36,57,Male,Mizoram,Shorts,H&M,7,602,10,1.5,Yes
4/11/2025 21:36,49,Female,Uttar Pradesh,Ethnic Wear,Puma,5,963,30,5,Yes
4/11/2025 21:36,19,Male,Gujarat,Undergarments,H&M,4,606,20,2,Yes
4/11/2025 21:36,46,Female,Tamil Nadu,Suits,Levie's,1,414,10,2.5,No
4/11/2025 21:36,31,Male,Maharashtra,Ethnic Wear,Raymond,2,884,15,3.5,No
4/11/2025 21:36,70,Female,Assam,Jackets,Nike,7,914,30,5,No
4/11/2025 21:36,65,Female,Tripura,Suits,Puma,1,880,10,1.5,No
4/11/2025 21:36,52,Male,Madhya Pradesh,Shirts,Nike,3,939,10,1.5,Yes
4/11/2025 21:36,47,Male,Himachal Pradesh,T-shirts,Zudio,2,850,20,1.5,Yes
4/11/2025 21:36,53,Female,Tamil Nadu,Trousers,Nike,1,643,25,1.5,Yes
4/11/2025 21:36,56,Female,Uttarakhand,Trousers,Pantaloons,3,930,30,5,Yes
4/11/2025 21:36,29,Female,Himachal Pradesh,Sweaters,Puma,2,469,20,2,Yes
4/11/2025 21:36,57,Female,Assam,Formal Wear,Nike,1,966,25,2.5,No
4/11/2025 21:36,61,Male,Telangana,Shirts,Puma,3,695,20,1,No
4/11/2025 21:36,27,Female,Arunachal Pradesh,Activewear,Levie's,3,753,30,3.5,Yes
4/11/2025 21:36,26,Female,Chhattisgarh,Sweaters,Nike,6,835,30,4.5,Yes
4/11/2025 21:36,62,Female,Arunachal Pradesh,Suits,Adidas,7,818,30,2.5,No
4/11/2025 21:36,68,Male,Bihar,Skirts,Adidas,1,474,20,4,Yes
4/11/2025 21:36,18,Female,Nagaland,Shirts,Adidas,5,757,10,4.5,No
4/11/2025 21:36,56,Female,Madhya Pradesh,T-shirts,Nike,6,905,20,4,No
4/11/2025 21:36,19,Female,Goa,Skirts,Levie's,4,917,10,1,Yes
4/11/2025 21:36,33,Male,Goa,T-shirts,Puma,6,775,15,3,Yes
4/11/2025 21:36,68,Male,Chhattisgarh,Skirts,Zudio,4,519,15,1,Yes
4/11/2025 21:36,68,Male,Chhattisgarh,T-shirts,Zudio,3,464,30,2,No
4/11/2025 21:36,41,Female,Kerala,Jackets,Adidas,6,955,25,4,Yes
4/11/2025 21:36,18,Male,Uttarakhand,Activewear,Levie's,3,463,10,3.5,Yes
4/11/2025 21:36,18,Female,Uttar Pradesh,Shorts,Puma,6,820,30,3,Yes
4/11/2025 21:36,42,Female,Sikkim,Sweaters,H&M,7,639,10,5,Yes
4/11/2025 21:36,45,Female,Kerala,Sleepwear,H&M,1,476,10,3.5,Yes
4/11/2025 21:36,30,Male,Punjab,Undergarments,Raymond,5,815,30,3,Yes
4/11/2025 21:36,24,Male,Meghalaya,Jeans,H&M,4,522,20,1.5,No
4/11/2025 21:36,67,Male,Rajasthan,Dresses,Raymond,5,804,10,4.5,No
4/11/2025 21:36,21,Male,Uttarakhand,Ethnic Wear,H&M,2,413,25,1,No
4/11/2025 21:36,42,Male,Arunachal Pradesh,Undergarments,Zudio,1,657,15,4,No
4/11/2025 21:36,67,Male,Chhattisgarh,Undergarments,Raymond,2,641,20,3,No
4/11/2025 21:36,51,Male,Chhattisgarh,Dresses,Levie's,2,775,15,5,Yes
4/11/2025 21:36,33,Female,Uttar Pradesh,Trousers,Pantaloons,3,639,25,4,Yes
4/11/2025 21:36,28,Male,Goa,Shorts,Levie's,1,948,10,2.5,Yes
4/11/2025 21:36,60,Female,Uttar Pradesh,Sleepwear,Levie's,7,782,20,3,Yes
4/11/2025 21:36,64,Male,Bihar,T-shirts,Puma,4,933,10,3,Yes
4/11/2025 21:36,19,Female,Uttarakhand,Sweaters,Pantaloons,5,525,20,1.5,No
4/11/2025 21:36,19,Male,Tamil Nadu,Dresses,Nike,2,441,15,4.5,Yes
4/11/2025 21:36,36,Female,Gujarat,Jeans,Zudio,4,900,30,1.5,Yes
4/11/2025 21:36,51,Female,Nagaland,Suits,H&M,2,497,30,4.5,Yes
4/11/2025 21:36,20,Female,Manipur,Jackets,Adidas,7,465,10,2.5,Yes
4/11/2025 21:36,51,Female,Uttar Pradesh,Undergarments,Nike,7,859,30,1.5,Yes
4/11/2025 21:36,52,Male,Gujarat,Suits,Nike,5,486,10,3,Yes
4/11/2025 21:36,24,Female,Manipur,Jackets,Nike,7,690,20,1,Yes
4/11/2025 21:36,19,Female,Meghalaya,Dresses,Raymond,1,494,15,4.5,No
4/11/2025 21:36,64,Male,Tamil Nadu,Jeans,Adidas,1,477,10,3.5,Yes
4/11/2025 21:36,19,Female,Andhra Pradesh,Skirts,Raymond,7,991,15,3.5,Yes
4/11/2025 21:36,64,Male,Odisha,Sweaters,Raymond,5,583,20,1,Yes
4/11/2025 21:36,56,Female,Punjab,Formal Wear,Raymond,2,925,15,5,Yes
4/11/2025 21:36,30,Female,Andhra Pradesh,T-shirts,Nike,7,741,15,2.5,No
4/11/2025 21:36,62,Female,Uttar Pradesh,Suits,Raymond,3,671,10,1.5,Yes
4/11/2025 21:36,36,Male,Bihar,Jeans,Levie's,6,889,10,2,No
4/11/2025 21:36,26,Male,Kerala,Ethnic Wear,Pantaloons,4,707,10,5,Yes
4/11/2025 21:36,45,Male,Jharkhand,Undergarments,Zudio,2,465,25,4,Yes
4/11/2025 21:36,22,Female,Kerala,Sweaters,Nike,7,671,20,4.5,Yes
4/11/2025 21:36,19,Female,Odisha,Trousers,Nike,2,871,30,2.5,Yes
4/11/2025 21:36,56,Male,Mizoram,Jeans,Puma,1,466,10,2.5,Yes
4/11/2025 21:36,39,Female,Uttarakhand,Shorts,Zudio,5,717,10,5,Yes
4/11/2025 21:36,27,Male,Rajasthan,Suits,Adidas,7,788,25,1,Yes
4/11/2025 21:36,64,Male,Tripura,Undergarments,Adidas,7,522,25,4.5,Yes
4/11/2025 21:36,25,Male,Kerala,Sleepwear,Raymond,2,995,15,5,Yes
4/11/2025 21:36,23,Male,Tripura,Ethnic Wear,Levie's,5,974,15,3.5,No
4/11/2025 21:36,60,Female,Goa,Sweaters,Levie's,1,669,25,2,Yes
4/11/2025 21:36,19,Male,Himachal Pradesh,Skirts,Adidas,3,612,30,4,Yes
4/11/2025 21:36,23,Male,Nagaland,Trousers,Adidas,6,616,10,5,No
4/11/2025 21:36,50,Male,West Bengal,Shirts,Raymond,7,960,20,2,No
4/11/2025 21:36,70,Male,Chhattisgarh,T-shirts,H&M,2,997,30,5,No
4/11/2025 21:36,55,Male,Mizoram,Shorts,Levie's,6,907,30,1.5,No
4/11/2025 21:36,65,Male,Haryana,Suits,H&M,5,473,20,1.5,No
4/11/2025 21:36,19,Male,Punjab,Suits,Zudio,6,741,30,1.5,No
4/11/2025 21:36,49,Female,Tamil Nadu,Skirts,Adidas,2,980,15,3,No
4/11/2025 21:36,37,Female,Mizoram,Shirts,Adidas,4,807,10,2,Yes
4/11/2025 21:36,59,Female,Sikkim,Trousers,H&M,4,612,10,2.5,No
4/11/2025 21:36,44,Male,West Bengal,Shirts,Pantaloons,7,645,25,1,Yes
4/11/2025 21:36,22,Female,Himachal Pradesh,Jackets,Levie's,6,410,15,4.5,No
4/11/2025 21:36,65,Female,Assam,Jackets,Puma,6,892,25,4,Yes
4/11/2025 21:36,65,Female,West Bengal,Trousers,Levie's,1,892,15,2,No
4/11/2025 21:36,55,Female,Chhattisgarh,Suits,Pantaloons,1,765,25,2.5,Yes
4/11/2025 21:36,47,Female,Madhya Pradesh,Shorts,Puma,7,554,15,3.5,No
4/11/2025 21:36,35,Female,Manipur,T-shirts,Puma,3,811,10,4.5,Yes
4/11/2025 21:36,32,Male,Tamil Nadu,Skirts,Zudio,2,757,20,4.5,Yes
4/11/2025 21:36,28,Female,Haryana,Sleepwear,Raymond,1,834,15,2.5,No
4/11/2025 21:36,25,Female,Kerala,Shorts,Pantaloons,6,929,15,3,Yes
4/11/2025 21:36,54,Male,Manipur,Suits,Pantaloons,7,807,15,4,Yes
4/11/2025 21:36,56,Male,Tripura,Sleepwear,Puma,2,466,30,2,No
4/11/2025 21:36,69,Male,Punjab,Undergarments,Nike,7,564,10,2,No
4/11/2025 21:36,64,Male,Odisha,Suits,Pantaloons,4,520,10,3.5,No
4/11/2025 21:36,68,Male,Maharashtra,Suits,H&M,2,523,30,1,Yes
4/11/2025 21:36,60,Male,Punjab,Dresses,Puma,5,833,15,5,No
4/11/2025 21:36,40,Female,Punjab,Sleepwear,Zudio,3,880,25,3.5,No
4/11/2025 21:36,33,Male,Maharashtra,Sweaters,Levie's,4,432,15,2.5,Yes
4/11/2025 21:36,28,Male,Bihar,Skirts,Zudio,4,439,10,3.5,No
4/11/2025 21:36,67,Female,Sikkim,Dresses,Pantaloons,4,901,25,5,No
4/11/2025 21:36,24,Male,Karnataka,Jeans,Adidas,1,492,25,3.5,Yes
4/11/2025 21:36,33,Female,Odisha,Skirts,H&M,4,596,20,3.5,Yes
4/11/2025 21:36,58,Male,West Bengal,Suits,Raymond,2,910,10,2.5,No
4/11/2025 21:36,47,Female,Rajasthan,Skirts,Raymond,4,852,25,2,Yes
4/11/2025 21:36,49,Female,Uttarakhand,Sweaters,Pantaloons,4,657,20,5,Yes
4/11/2025 21:36,55,Male,Odisha,Ethnic Wear,Adidas,3,486,25,4,Yes
4/11/2025 21:36,19,Female,Arunachal Pradesh,T-shirts,Pantaloons,2,820,25,4.5,Yes
4/11/2025 21:36,66,Male,Madhya Pradesh,T-shirts,Adidas,6,958,30,1.5,Yes
4/11/2025 21:36,61,Male,Uttarakhand,Shorts,Nike,2,635,10,1.5,No
4/11/2025 21:36,39,Female,Bihar,Sleepwear,Nike,5,431,20,2.5,No
4/11/2025 21:36,60,Female,Tamil Nadu,Jeans,Nike,2,597,15,2,Yes
4/11/2025 21:36,63,Male,Uttarakhand,Shirts,Nike,5,549,10,1,No
4/11/2025 21:36,47,Male,Tamil Nadu,Trousers,Adidas,4,620,10,1,Yes
4/11/2025 21:36,45,Female,Assam,Undergarments,Adidas,4,458,25,3.5,Yes
4/11/2025 21:36,52,Male,Bihar,Skirts,Adidas,1,981,10,5,Yes
4/11/2025 21:36,42,Male,Himachal Pradesh,Dresses,Adidas,2,746,20,2,No
4/11/2025 21:36,29,Female,Uttar Pradesh,Jackets,H&M,7,781,10,1,No
4/11/2025 21:36,21,Male,Kerala,Shorts,Pantaloons,1,813,25,3.5,Yes
4/11/2025 21:36,44,Male,Chhattisgarh,Sweaters,Adidas,4,755,10,4.5,No
4/11/2025 21:36,25,Female,Andhra Pradesh,Dresses,Raymond,1,876,10,5,Yes
4/11/2025 21:36,19,Female,Nagaland,T-shirts,H&M,3,951,30,3,Yes
4/11/2025 21:36,34,Male,Bihar,T-shirts,Zudio,4,603,25,3,Yes
4/11/2025 21:36,59,Female,Meghalaya,Shorts,Levie's,7,825,10,2.5,Yes
4/11/2025 21:36,64,Male,Uttar Pradesh,Dresses,Pantaloons,7,866,10,1.5,Yes
4/11/2025 21:36,35,Male,Kerala,Trousers,Adidas,3,678,15,2,No
4/11/2025 21:36,34,Male,Chhattisgarh,Sleepwear,Levie's,3,541,15,2.5,Yes
4/11/2025 21:36,51,Male,Sikkim,Sweaters,Pantaloons,3,744,25,2,Yes
4/11/2025 21:36,23,Male,Nagaland,Suits,Pantaloons,6,459,20,3,Yes
4/11/2025 21:36,34,Male,Andhra Pradesh,Skirts,Raymond,7,560,20,2,Yes
4/11/2025 21:36,49,Female,Telangana,Skirts,Zudio,6,538,10,4,No
4/11/2025 21:36,24,Male,Himachal Pradesh,Shirts,Nike,1,409,20,4,Yes
4/11/2025 21:36,59,Female,Maharashtra,Shirts,Raymond,7,733,20,4,Yes
4/11/2025 21:36,36,Male,Uttarakhand,Activewear,Pantaloons,3,507,10,1,Yes
4/11/2025 21:36,63,Female,Goa,Formal Wear,Zudio,1,701,20,5,Yes
4/11/2025 21:36,35,Female,West Bengal,Trousers,Puma,4,792,25,2.5,No
4/11/2025 21:36,64,Male,Himachal Pradesh,Shorts,Puma,2,480,30,5,Yes
4/11/2025 21:36,61,Male,West Bengal,Jackets,Pantaloons,3,743,15,1,Yes
4/11/2025 21:36,19,Male,Meghalaya,Dresses,Levie's,7,482,30,1.5,No
4/11/2025 21:36,29,Male,Himachal Pradesh,Sleepwear,H&M,1,920,20,5,No
4/11/2025 21:36,49,Female,Andhra Pradesh,Undergarments,Zudio,6,756,10,2.5,Yes
4/11/2025 21:36,67,Male,Tripura,Formal Wear,Zudio,7,637,20,1,Yes
4/11/2025 21:36,51,Female,Uttarakhand,Shirts,Raymond,6,668,30,1,Yes
4/11/2025 21:36,34,Male,Punjab,Suits,Puma,2,708,30,4.5,No
4/11/2025 21:36,38,Male,Sikkim,Skirts,H&M,6,493,15,1.5,Yes
4/11/2025 21:36,37,Female,Nagaland,T-shirts,Puma,2,574,10,3.5,No
4/11/2025 21:36,38,Female,Andhra Pradesh,Trousers,Levie's,6,928,20,4,Yes
4/11/2025 21:36,52,Male,Mizoram,Dresses,Pantaloons,4,894,30,3,No
4/11/2025 21:36,23,Female,Tamil Nadu,Jeans,H&M,2,544,30,5,No
4/11/2025 21:36,70,Female,Madhya Pradesh,T-shirts,Nike,1,859,30,2,No
4/11/2025 21:36,65,Male,Nagaland,Formal Wear,Puma,3,975,10,1.5,No
4/11/2025 21:36,34,Female,Uttarakhand,Formal Wear,Pantaloons,6,536,15,2.5,No
4/11/2025 21:36,52,Female,Punjab,Sweaters,Pantaloons,5,591,15,3.5,No
4/11/2025 21:36,29,Male,Manipur,Suits,Nike,2,628,30,2.5,Yes
4/11/2025 21:36,34,Female,Meghalaya,Shorts,Adidas,5,712,10,1.5,No
4/11/2025 21:36,19,Female,Sikkim,Suits,Adidas,1,598,10,4.5,No
4/11/2025 21:36,25,Male,Goa,T-shirts,H&M,4,412,20,4,No
4/11/2025 21:36,27,Female,Bihar,Formal Wear,Puma,5,789,10,2.5,Yes
4/11/2025 21:36,48,Male,Tripura,Ethnic Wear,Zudio,4,830,30,1,Yes
4/11/2025 21:36,70,Male,Uttar Pradesh,Activewear,Raymond,2,877,30,2.5,Yes
4/11/2025 21:36,50,Female,Mizoram,Suits,Levie's,1,619,25,2,No
4/11/2025 21:36,39,Female,Uttar Pradesh,Activewear,Levie's,4,797,20,5,No
4/11/2025 21:36,45,Male,Gujarat,Shorts,Levie's,2,923,10,4.5,Yes
4/11/2025 21:36,38,Female,Punjab,Shorts,Pantaloons,7,560,10,3.5,Yes
4/11/2025 21:36,39,Male,Haryana,Trousers,Puma,1,427,10,1,No
4/11/2025 21:36,36,Female,Sikkim,Suits,Adidas,6,691,10,5,Yes
4/11/2025 21:36,61,Female,Haryana,Suits,Raymond,7,850,25,5,Yes
4/11/2025 21:36,67,Male,Jharkhand,Formal Wear,Puma,7,735,10,2.5,No
4/11/2025 21:36,47,Male,Assam,Ethnic Wear,Levie's,7,532,20,3,No
4/11/2025 21:36,25,Female,Karnataka,Dresses,Pantaloons,1,960,20,5,Yes
4/11/2025 21:36,48,Female,Madhya Pradesh,Shirts,Puma,3,765,25,1.5,No
4/11/2025 21:36,50,Male,Odisha,Formal Wear,Pantaloons,7,879,25,2,No
4/11/2025 21:36,27,Male,Maharashtra,Activewear,H&M,2,544,30,2,No
4/11/2025 21:36,23,Male,Karnataka,Ethnic Wear,Nike,1,929,15,4,No
4/11/2025 21:36,22,Male,West Bengal,Activewear,Puma,1,768,20,4,No
4/11/2025 21:36,58,Male,Manipur,Sweaters,Raymond,5,976,30,3,Yes
4/11/2025 21:36,32,Female,Mizoram,T-shirts,Pantaloons,7,783,25,2,No
4/11/2025 21:36,33,Male,Punjab,Ethnic Wear,Puma,6,883,30,5,Yes
4/11/2025 21:36,33,Male,Rajasthan,Trousers,Puma,5,495,30,1.5,Yes
4/11/2025 21:36,50,Male,Himachal Pradesh,Activewear,Zudio,5,775,20,4.5,No
4/11/2025 21:36,68,Female,Tripura,Dresses,Zudio,6,722,10,2.5,Yes
4/11/2025 21:36,23,Male,Haryana,Undergarments,H&M,6,509,10,3.5,No
4/11/2025 21:36,63,Male,Tamil Nadu,Suits,Puma,5,679,15,4.5,No
4/11/2025 21:36,29,Male,Bihar,Formal Wear,Pantaloons,1,997,20,2.5,Yes
4/11/2025 21:36,26,Male,Sikkim,Ethnic Wear,Adidas,3,829,30,5,Yes
4/11/2025 21:36,48,Female,Manipur,Suits,Nike,7,917,30,3,Yes
4/11/2025 21:36,37,Female,Himachal Pradesh,Formal Wear,Zudio,1,768,10,3,Yes
4/11/2025 21:36,46,Male,Rajasthan,Ethnic Wear,Puma,5,504,10,4,Yes
4/11/2025 21:36,65,Female,Rajasthan,Shirts,Adidas,7,961,15,5,Yes
4/11/2025 21:36,50,Female,Goa,Jackets,Zudio,6,511,20,2,No
4/11/2025 21:36,26,Male,Arunachal Pradesh,Shorts,H&M,7,914,30,4,No
4/11/2025 21:36,54,Female,Goa,Sleepwear,H&M,3,526,30,4,No
4/11/2025 21:36,50,Male,West Bengal,T-shirts,Nike,6,485,15,2,Yes
4/11/2025 21:36,57,Female,Goa,Sweaters,Nike,5,452,15,4.5,No
4/11/2025 21:36,43,Female,Bihar,Ethnic Wear,Pantaloons,2,603,30,4.5,Yes
4/11/2025 21:36,49,Female,Chhattisgarh,Jeans,Nike,2,631,30,1,Yes
4/11/2025 21:36,64,Female,Madhya Pradesh,T-shirts,Zudio,2,841,25,1,No
4/11/2025 21:36,46,Female,Rajasthan,Shorts,Puma,1,931,20,1,Yes
4/11/2025 21:36,28,Male,Haryana,Shirts,Zudio,1,484,30,3.5,Yes
4/11/2025 21:36,45,Female,Telangana,Shorts,H&M,1,641,25,4.5,No
4/11/2025 21:36,34,Male,Meghalaya,Activewear,Zudio,2,507,30,4,No
4/11/2025 21:36,39,Female,Kerala,Shirts,Nike,7,434,15,4.5,No
4/11/2025 21:36,23,Male,Meghalaya,Jeans,Levie's,7,971,15,3,Yes
4/11/2025 21:36,33,Female,Tripura,Skirts,Nike,3,805,10,4.5,Yes
4/11/2025 21:36,50,Male,Uttar Pradesh,Shirts,H&M,7,740,15,1.5,Yes
4/11/2025 21:36,29,Male,Maharashtra,Activewear,H&M,1,725,20,5,Yes
4/11/2025 21:36,23,Male,Rajasthan,Skirts,Puma,4,912,25,5,Yes
4/11/2025 21:36,52,Male,Goa,Jackets,Puma,2,875,30,3,Yes
4/11/2025 21:36,49,Female,Haryana,Skirts,H&M,1,820,10,5,Yes
4/11/2025 21:36,55,Female,Kerala,Trousers,Nike,7,504,10,1.5,No
4/11/2025 21:36,35,Male,Goa,Suits,Nike,2,500,20,1.5,No
4/11/2025 21:36,30,Female,Kerala,Sweaters,Adidas,5,565,10,4.5,No
4/11/2025 21:36,44,Female,Gujarat,Sweaters,Levie's,7,800,25,1.5,No
4/11/2025 21:36,37,Female,Manipur,T-shirts,Nike,4,675,10,5,No
4/11/2025 21:36,68,Male,Bihar,Shorts,Adidas,6,815,30,1.5,No
4/11/2025 21:36,36,Male,Jharkhand,Dresses,H&M,2,509,10,5,No
4/11/2025 21:36,25,Male,Himachal Pradesh,Trousers,Zudio,5,743,25,3,Yes
4/11/2025 21:36,34,Male,Haryana,Ethnic Wear,Nike,2,839,15,2,No
4/11/2025 21:36,68,Male,Odisha,T-shirts,Puma,3,614,10,1.5,No
4/11/2025 21:36,57,Male,Haryana,Activewear,Zudio,3,793,15,4,Yes
4/11/2025 21:36,59,Male,Punjab,Sweaters,Levie's,2,1000,25,1,No
4/11/2025 21:36,22,Female,Telangana,Trousers,Nike,2,554,25,3,No
4/11/2025 21:36,56,Female,Nagaland,Ethnic Wear,Pantaloons,5,860,15,1.5,Yes
4/11/2025 21:36,22,Male,Kerala,Dresses,Nike,7,879,10,2,No
4/11/2025 21:36,61,Male,Uttar Pradesh,Skirts,Zudio,3,466,20,2,No
4/11/2025 21:36,65,Female,Tamil Nadu,Sweaters,Raymond,3,554,25,4,No
4/11/2025 21:36,65,Male,Himachal Pradesh,Sweaters,Nike,4,491,30,2.5,No
4/11/2025 21:36,27,Male,Tripura,T-shirts,Puma,2,491,15,2.5,Yes
4/11/2025 21:36,27,Female,Haryana,Ethnic Wear,Adidas,7,765,15,1,No
4/11/2025 21:36,23,Female,Karnataka,Undergarments,Nike,2,908,25,3,No
4/11/2025 21:36,25,Male,Bihar,Trousers,Pantaloons,3,692,15,2,Yes
4/11/2025 21:36,50,Female,Andhra Pradesh,Sweaters,H&M,3,539,15,1.5,Yes
4/11/2025 21:36,42,Male,Karnataka,Jackets,Zudio,7,531,10,3.5,Yes
4/11/2025 21:36,67,Female,Meghalaya,Jackets,Pantaloons,5,564,15,3,Yes
4/11/2025 21:36,59,Male,Sikkim,Ethnic Wear,Nike,5,964,20,4,No
4/11/2025 21:36,41,Female,Andhra Pradesh,Shirts,Pantaloons,3,876,15,2.5,No
4/11/2025 21:36,56,Male,Rajasthan,Jackets,Raymond,7,786,10,1.5,Yes
4/11/2025 21:36,48,Male,Telangana,Shorts,H&M,5,459,10,5,Yes
4/11/2025 21:36,47,Male,Gujarat,Skirts,Nike,1,722,25,1.5,No
4/11/2025 21:36,63,Male,Punjab,Jeans,Adidas,3,450,10,1.5,No
4/11/2025 21:36,58,Female,Karnataka,Jeans,Zudio,3,417,15,3.5,Yes
4/11/2025 21:36,54,Male,West Bengal,Jackets,Adidas,5,682,10,1,No
4/11/2025 21:36,57,Female,Mizoram,Shirts,Nike,3,911,30,1,No
4/11/2025 21:36,48,Female,Himachal Pradesh,Shirts,Nike,7,991,20,2.5,No
4/11/2025 21:36,18,Female,Meghalaya,Suits,Puma,4,825,30,3,No
4/11/2025 21:36,28,Female,Haryana,Skirts,Puma,7,591,25,3.5,No
4/11/2025 21:36,18,Male,Madhya Pradesh,Sweaters,Raymond,2,559,15,4,No
4/11/2025 21:36,19,Male,Gujarat,Ethnic Wear,Adidas,2,789,30,5,No
4/11/2025 21:36,43,Female,Sikkim,Skirts,H&M,7,467,10,1.5,Yes
4/11/2025 21:36,27,Male,Odisha,Ethnic Wear,Pantaloons,7,888,15,2.5,No
4/11/2025 21:36,20,Female,Meghalaya,Suits,Adidas,6,879,20,2,No
4/11/2025 21:36,63,Male,Sikkim,Undergarments,Zudio,6,952,30,1,Yes
4/11/2025 21:36,66,Male,Karnataka,Trousers,Levie's,1,856,20,5,No
4/11/2025 21:36,27,Male,Jharkhand,Suits,Puma,4,457,15,5,Yes
4/11/2025 21:36,60,Female,Himachal Pradesh,Ethnic Wear,Nike,2,861,25,4.5,No
4/11/2025 21:36,66,Male,Punjab,Skirts,H&M,3,881,25,3,No
4/11/2025 21:36,63,Female,Bihar,Shirts,Nike,1,696,30,4,Yes
4/11/2025 21:36,54,Male,Meghalaya,Trousers,Nike,6,464,20,1,No
4/11/2025 21:36,66,Female,Punjab,Undergarments,Nike,3,875,10,3.5,No
4/11/2025 21:36,21,Male,Chhattisgarh,Trousers,Levie's,5,637,15,4.5,No
4/11/2025 21:36,22,Male,Tamil Nadu,T-shirts,Levie's,2,480,30,1,No
4/11/2025 21:36,33,Female,Maharashtra,Ethnic Wear,H&M,1,835,30,2.5,Yes
4/11/2025 21:36,22,Female,Chhattisgarh,Jeans,Levie's,3,628,25,1.5,No
4/11/2025 21:36,38,Female,Punjab,Skirts,Nike,4,880,20,3,Yes
4/11/2025 21:36,44,Female,West Bengal,Shorts,Nike,2,850,30,1,Yes
4/11/2025 21:36,49,Female,Odisha,T-shirts,Raymond,7,736,25,3.5,No
4/11/2025 21:36,62,Female,Haryana,Formal Wear,Raymond,5,676,30,2,Yes
4/11/2025 21:36,63,Female,Himachal Pradesh,Dresses,Levie's,1,589,20,1,No
4/11/2025 21:36,69,Male,Madhya Pradesh,Jeans,H&M,6,579,20,3.5,Yes
4/11/2025 21:36,21,Male,Maharashtra,Jackets,Puma,4,847,10,3.5,Yes
4/11/2025 21:36,22,Female,Bihar,Sweaters,Nike,5,451,10,5,Yes
4/11/2025 21:36,59,Male,Arunachal Pradesh,Skirts,Adidas,1,856,20,1.5,No
4/11/2025 21:36,48,Female,Sikkim,Jeans,Levie's,2,745,20,3.5,No
4/11/2025 21:36,61,Male,Manipur,Suits,Raymond,2,624,20,3,No
4/11/2025 21:36,23,Male,Goa,Trousers,Puma,2,619,15,2,No
4/11/2025 21:36,41,Female,Odisha,Ethnic Wear,Nike,1,437,30,3.5,No
4/11/2025 21:36,70,Male,Manipur,Shirts,Puma,5,845,30,1,Yes
4/11/2025 21:36,29,Male,Arunachal Pradesh,Jackets,Puma,3,703,20,2,No
4/11/2025 21:36,43,Female,Andhra Pradesh,Skirts,Pantaloons,6,859,20,1,Yes
4/11/2025 21:36,23,Female,Tamil Nadu,Dresses,Raymond,2,939,15,1,No
4/11/2025 21:36,50,Female,Manipur,Shirts,H&M,7,722,20,3.5,Yes
4/11/2025 21:36,63,Male,Himachal Pradesh,Dresses,Pantaloons,6,902,30,1,No
4/11/2025 21:36,38,Male,Punjab,Jeans,Adidas,6,437,30,3,Yes
4/11/2025 21:36,32,Female,Bihar,Sleepwear,Levie's,3,977,25,1.5,No
4/11/2025 21:36,62,Female,Rajasthan,Formal Wear,Nike,3,593,20,4.5,Yes
4/11/2025 21:36,37,Female,Gujarat,Shorts,Pantaloons,2,791,15,3,No
4/11/2025 21:36,22,Female,Uttarakhand,Trousers,Adidas,7,914,15,4,Yes
4/11/2025 21:36,39,Male,Assam,Undergarments,Raymond,4,690,10,3.5,Yes
4/11/2025 21:36,56,Male,Meghalaya,Trousers,Puma,3,650,20,3.5,Yes
4/11/2025 21:36,32,Male,Odisha,Trousers,Raymond,4,774,20,5,Yes
4/11/2025 21:36,39,Male,Tripura,Shirts,H&M,1,509,20,2.5,Yes
4/11/2025 21:36,62,Male,Jharkhand,Formal Wear,H&M,5,638,20,1,No
4/11/2025 21:36,21,Male,Assam,Sweaters,Zudio,7,924,10,1,Yes
4/11/2025 21:36,35,Female,Goa,Jeans,Pantaloons,7,987,30,2,No
4/11/2025 21:36,42,Male,Uttar Pradesh,Sweaters,Levie's,4,725,15,4,No
4/11/2025 21:36,24,Male,Arunachal Pradesh,Sweaters,Nike,1,789,25,4,No
4/11/2025 21:36,67,Female,Arunachal Pradesh,Undergarments,Adidas,3,456,15,3.5,Yes
4/11/2025 21:36,45,Male,Tripura,Skirts,Nike,6,423,10,2.5,Yes
4/11/2025 21:36,43,Male,Himachal Pradesh,Trousers,Levie's,6,493,20,3.5,No
4/11/2025 21:36,23,Female,Rajasthan,Ethnic Wear,Pantaloons,2,544,25,4.5,No
4/11/2025 21:36,18,Male,Karnataka,Activewear,H&M,5,927,30,4,Yes
4/11/2025 21:36,40,Female,Telangana,Sweaters,Puma,5,679,30,3.5,No
4/11/2025 21:36,23,Male,Uttarakhand,Skirts,Zudio,7,433,30,4,No
4/11/2025 21:36,55,Female,Odisha,Ethnic Wear,Levie's,5,897,10,3.5,No
4/11/2025 21:36,54,Male,Jharkhand,Sweaters,H&M,5,940,10,2,No
4/11/2025 21:36,64,Female,Uttar Pradesh,Trousers,Pantaloons,1,442,20,5,No
4/11/2025 21:36,44,Male,Tripura,Suits,Levie's,4,608,30,3,No
4/11/2025 21:36,34,Male,Gujarat,Dresses,Adidas,1,922,10,4.5,Yes
4/11/2025 21:36,55,Male,Gujarat,Activewear,Nike,7,492,20,1.5,No
4/11/2025 21:36,46,Female,Assam,Ethnic Wear,Pantaloons,1,591,15,4,No
4/11/2025 21:36,46,Male,Himachal Pradesh,Activewear,Raymond,1,749,20,5,No
4/11/2025 21:36,70,Male,Jharkhand,Shorts,Levie's,1,553,10,3.5,Yes
4/11/2025 21:36,21,Male,Sikkim,Undergarments,Puma,3,643,15,4,No
4/11/2025 21:36,45,Male,Goa,Activewear,Raymond,4,664,10,4,No
4/11/2025 21:36,58,Female,Rajasthan,Jeans,H&M,5,516,25,3.5,Yes
4/11/2025 21:36,30,Male,Tamil Nadu,Ethnic Wear,Pantaloons,3,706,30,2,Yes
4/11/2025 21:36,70,Female,Rajasthan,Dresses,Adidas,7,965,30,2.5,Yes
4/11/2025 21:36,27,Male,Bihar,T-shirts,Pantaloons,7,570,15,2,Yes
4/11/2025 21:36,32,Female,Madhya Pradesh,Dresses,H&M,7,442,25,4,No
4/11/2025 21:36,44,Female,Andhra Pradesh,Trousers,Raymond,5,496,10,1.5,Yes
4/11/2025 21:36,59,Female,Manipur,Shirts,Puma,3,838,15,5,Yes
4/11/2025 21:36,40,Male,Karnataka,Jeans,Puma,3,898,30,2.5,No
4/11/2025 21:36,65,Male,Tamil Nadu,Undergarments,Zudio,1,763,30,4.5,Yes
4/11/2025 21:36,22,Male,Goa,Shorts,H&M,5,629,10,1,No
4/11/2025 21:36,70,Male,Uttar Pradesh,Sweaters,Zudio,3,544,25,5,No
4/11/2025 21:36,48,Male,Madhya Pradesh,Sweaters,Pantaloons,2,606,25,2,Yes
4/11/2025 21:36,70,Female,Maharashtra,T-shirts,Levie's,6,666,25,3,No
4/11/2025 21:36,26,Female,West Bengal,Sweaters,Puma,5,493,30,5,Yes
4/11/2025 21:36,56,Male,Bihar,Undergarments,Pantaloons,7,843,15,2,Yes
4/11/2025 21:36,30,Female,Tripura,Shorts,H&M,1,767,15,3,Yes
4/11/2025 21:36,38,Male,Tripura,Jackets,Nike,2,710,30,2,Yes
4/11/2025 21:36,53,Male,Assam,Undergarments,Zudio,7,521,30,3,No
4/11/2025 21:36,21,Female,Karnataka,Sleepwear,Adidas,4,437,30,4.5,Yes
4/11/2025 21:36,40,Male,Andhra Pradesh,Shirts,H&M,6,524,30,2,Yes
4/11/2025 21:36,29,Male,Manipur,Jeans,Raymond,6,530,10,5,Yes
4/11/2025 21:36,40,Male,Haryana,Ethnic Wear,Raymond,1,588,20,3.5,Yes
4/11/2025 21:36,40,Male,Assam,Ethnic Wear,Nike,4,896,30,3,Yes
4/11/2025 21:36,45,Female,Sikkim,Skirts,Nike,7,682,15,3.5,Yes
4/11/2025 21:36,67,Male,Arunachal Pradesh,Skirts,Zudio,2,628,10,5,No
4/11/2025 21:36,49,Female,Arunachal Pradesh,Ethnic Wear,H&M,7,995,25,3,No
4/11/2025 21:36,53,Male,Assam,Activewear,Raymond,6,684,20,4.5,Yes
4/11/2025 21:36,27,Male,Sikkim,Dresses,Adidas,3,650,25,1.5,Yes
4/11/2025 21:36,22,Female,Madhya Pradesh,Formal Wear,H&M,4,442,10,1.5,Yes
4/11/2025 21:36,65,Male,Karnataka,Jeans,Puma,6,417,25,3.5,Yes
4/11/2025 21:36,61,Female,Uttar Pradesh,Dresses,Nike,3,403,30,3,Yes
4/11/2025 21:36,28,Female,Nagaland,Sweaters,Zudio,3,874,30,5,Yes
4/11/2025 21:36,26,Female,Chhattisgarh,Dresses,Puma,1,801,30,3.5,Yes
4/11/2025 21:36,41,Male,Odisha,Suits,Zudio,2,532,25,1,No
4/11/2025 21:36,36,Female,Karnataka,Trousers,Raymond,7,405,25,3,Yes
4/11/2025 21:36,53,Male,Meghalaya,Formal Wear,Adidas,4,986,30,5,No
4/11/2025 21:36,53,Female,Punjab,Formal Wear,Levie's,3,829,20,1,Yes
4/11/2025 21:36,32,Male,Arunachal Pradesh,Jeans,Levie's,5,589,10,3,No
4/11/2025 21:36,28,Male,Uttarakhand,Jeans,Zudio,1,942,20,5,Yes
4/11/2025 21:36,62,Female,Arunachal Pradesh,Jeans,H&M,4,422,15,4.5,No
4/11/2025 21:36,28,Female,Kerala,Sweaters,H&M,1,403,20,3,No
4/11/2025 21:36,69,Male,Karnataka,Shorts,Puma,7,855,25,5,No
4/11/2025 21:36,32,Male,Tamil Nadu,Skirts,Levie's,1,750,25,3,Yes
4/11/2025 21:36,20,Male,Uttarakhand,Skirts,Nike,1,728,15,2,No
4/11/2025 21:36,51,Female,Karnataka,Shorts,Puma,7,781,30,4,No
4/11/2025 21:36,66,Female,Madhya Pradesh,Ethnic Wear,Puma,5,995,25,5,Yes
4/11/2025 21:36,47,Female,Maharashtra,Skirts,Nike,4,858,20,5,No
4/11/2025 21:36,34,Female,Kerala,Dresses,Pantaloons,2,753,25,4.5,No
4/11/2025 21:36,32,Female,Nagaland,Shorts,H&M,7,422,25,3.5,Yes
4/11/2025 21:36,67,Male,Himachal Pradesh,Trousers,H&M,1,978,30,4,Yes
4/11/2025 21:36,70,Female,Madhya Pradesh,Jeans,Adidas,1,559,25,3.5,No
4/11/2025 21:36,57,Male,Andhra Pradesh,Formal Wear,Zudio,2,480,25,3,No
4/11/2025 21:36,67,Female,Haryana,Skirts,Zudio,4,588,15,1,No
4/11/2025 21:36,51,Female,West Bengal,Skirts,Raymond,5,743,10,3,Yes
4/11/2025 21:36,39,Male,Bihar,Undergarments,Zudio,5,837,20,2,No
4/11/2025 21:36,56,Female,West Bengal,Jeans,Raymond,7,548,25,2,No
4/11/2025 21:36,35,Female,Telangana,Trousers,Adidas,2,998,10,2,No
4/11/2025 21:36,58,Male,Nagaland,Jackets,Raymond,6,452,30,3,Yes
4/11/2025 21:36,56,Female,Maharashtra,Jackets,Adidas,1,489,15,4,Yes
4/11/2025 21:36,48,Female,Rajasthan,Sleepwear,Puma,5,439,25,5,No
4/11/2025 21:36,40,Male,Manipur,Shorts,Zudio,3,501,10,2.5,Yes
4/11/2025 21:36,65,Female,Tripura,Suits,Zudio,7,966,10,5,Yes
4/11/2025 21:36,55,Female,Maharashtra,Shorts,H&M,5,913,20,3.5,No
4/11/2025 21:36,40,Male,Uttar Pradesh,T-shirts,Nike,5,438,10,3,No
4/11/2025 21:36,19,Female,Odisha,Activewear,Pantaloons,1,479,20,4.5,No
4/11/2025 21:36,64,Male,Mizoram,Formal Wear,Zudio,6,597,30,5,No
4/11/2025 21:36,28,Male,Uttar Pradesh,Trousers,Zudio,5,560,30,5,No
4/11/2025 21:36,32,Male,Manipur,Suits,Raymond,7,988,30,1.5,Yes
4/11/2025 21:36,45,Male,Uttarakhand,Undergarments,Raymond,2,811,20,1.5,No
4/11/2025 21:36,68,Male,Uttarakhand,Suits,Puma,3,750,25,4,Yes
4/11/2025 21:36,21,Female,Odisha,Skirts,Nike,2,733,10,3.5,No
4/11/2025 21:36,47,Male,Bihar,Jeans,Adidas,6,446,25,5,No
4/11/2025 21:36,31,Male,Manipur,Dresses,H&M,5,636,20,2,Yes
4/11/2025 21:36,47,Female,Himachal Pradesh,Suits,Puma,3,988,30,3.5,No
4/11/2025 21:36,56,Female,Rajasthan,Activewear,H&M,7,948,20,2.5,No
4/11/2025 21:36,44,Male,Karnataka,Ethnic Wear,Levie's,6,632,10,2.5,No
4/11/2025 21:36,38,Male,Andhra Pradesh,Jeans,Zudio,5,814,10,4,Yes
4/11/2025 21:36,37,Female,Tamil Nadu,Shirts,Pantaloons,1,703,15,3.5,No
4/11/2025 21:36,26,Female,Maharashtra,Sleepwear,H&M,1,955,30,4.5,Yes
4/11/2025 21:36,51,Female,Arunachal Pradesh,Formal Wear,Adidas,6,430,25,1,No
4/11/2025 21:36,21,Male,West Bengal,Sweaters,Pantaloons,1,621,25,1,Yes
4/11/2025 21:36,39,Male,Rajasthan,Undergarments,Raymond,4,993,25,1.5,No
4/11/2025 21:36,37,Male,Madhya Pradesh,Ethnic Wear,H&M,5,625,20,5,Yes
4/11/2025 21:36,55,Male,Assam,Sleepwear,Raymond,5,978,20,5,Yes
4/11/2025 21:36,59,Female,Tripura,Skirts,Nike,1,962,15,2,No
4/11/2025 21:36,29,Male,Haryana,Sleepwear,Adidas,5,921,30,3,Yes
4/11/2025 21:36,48,Female,Manipur,Dresses,Raymond,5,789,10,3,No
4/11/2025 21:36,28,Male,Tripura,Jackets,Pantaloons,3,436,15,2.5,Yes
4/11/2025 21:36,53,Female,Himachal Pradesh,Suits,Puma,3,854,25,2.5,No
4/11/2025 21:36,27,Female,Punjab,Dresses,H&M,6,819,30,4.5,No
4/11/2025 21:36,63,Female,Telangana,Trousers,Adidas,1,847,20,1.5,No
4/11/2025 21:36,61,Male,Punjab,Ethnic Wear,H&M,3,674,25,2.5,No
4/11/2025 21:36,70,Female,Goa,Ethnic Wear,Adidas,1,553,25,4,No
4/11/2025 21:36,40,Male,West Bengal,Skirts,Raymond,2,476,20,1.5,Yes
4/11/2025 21:36,22,Male,Haryana,T-shirts,Puma,5,980,25,2.5,Yes
4/11/2025 21:36,48,Female,Uttarakhand,Jackets,H&M,1,839,15,4,Yes
4/11/2025 21:36,52,Female,Bihar,Skirts,Raymond,1,898,25,5,No
4/11/2025 21:36,55,Female,Maharashtra,Shirts,H&M,2,867,10,2.5,No
4/11/2025 21:36,54,Male,Telangana,Skirts,H&M,7,773,10,3.5,Yes
4/11/2025 21:36,23,Male,Rajasthan,Suits,Adidas,6,585,20,5,Yes
4/11/2025 21:36,44,Female,Punjab,Jackets,H&M,7,928,10,3.5,No
4/11/2025 21:36,52,Female,Gujarat,Sweaters,Pantaloons,2,965,15,2.5,Yes
4/11/2025 21:36,61,Female,Kerala,Shorts,Puma,6,409,10,4,Yes
4/11/2025 21:36,36,Female,Gujarat,Trousers,Adidas,7,867,30,3.5,Yes
4/11/2025 21:36,50,Female,Punjab,Suits,H&M,5,767,10,1.5,Yes
4/11/2025 21:36,28,Male,Bihar,Dresses,Adidas,5,693,20,1.5,No
4/11/2025 21:36,59,Female,Goa,Formal Wear,Raymond,1,863,25,3,No
4/11/2025 21:36,30,Female,Karnataka,T-shirts,Pantaloons,6,687,25,1,No
4/11/2025 21:36,21,Male,Gujarat,Sweaters,Pantaloons,1,434,20,1,No
4/11/2025 21:36,35,Male,Himachal Pradesh,Ethnic Wear,Zudio,7,960,15,3.5,Yes
4/11/2025 21:36,30,Female,Tamil Nadu,Dresses,Adidas,1,622,15,2.5,Yes
4/11/2025 21:36,66,Male,West Bengal,Jackets,Nike,2,529,20,4,No
4/11/2025 21:36,48,Male,Rajasthan,Jeans,Nike,4,573,30,5,No
4/11/2025 21:36,34,Female,Tamil Nadu,Sweaters,Raymond,4,834,15,2,Yes
4/11/2025 21:36,28,Male,Kerala,Skirts,Pantaloons,5,786,20,5,No
4/11/2025 21:36,41,Female,Chhattisgarh,T-shirts,Nike,1,561,30,4.5,Yes
4/11/2025 21:36,34,Male,Punjab,Jackets,Puma,7,916,30,2,Yes
4/11/2025 21:36,46,Female,Haryana,Shorts,Levie's,2,556,20,4,Yes
4/11/2025 21:36,51,Female,Mizoram,T-shirts,Adidas,6,537,20,3,Yes
4/11/2025 21:36,21,Male,Jharkhand,Jeans,Pantaloons,7,464,15,1.5,No
4/11/2025 21:36,67,Male,Uttarakhand,Jeans,Levie's,1,731,15,4,No
4/11/2025 21:36,52,Female,Andhra Pradesh,Dresses,Puma,1,747,15,3.5,No
4/11/2025 21:36,24,Female,Meghalaya,Shorts,Adidas,7,509,15,3,Yes
4/11/2025 21:36,50,Female,Jharkhand,T-shirts,Pantaloons,1,728,20,2.5,Yes
4/11/2025 21:36,45,Female,Madhya Pradesh,Dresses,Raymond,6,891,25,1.5,No
4/11/2025 21:36,36,Male,Nagaland,Suits,Levie's,3,473,30,1.5,Yes
4/11/2025 21:36,21,Female,Tamil Nadu,Shorts,H&M,2,919,25,5,Yes
4/11/2025 21:36,46,Female,West Bengal,Trousers,Levie's,1,886,10,1.5,Yes
4/11/2025 21:36,66,Male,Haryana,Suits,H&M,4,458,30,5,No
4/11/2025 21:36,68,Female,Meghalaya,Sleepwear,Raymond,5,425,10,5,No
4/11/2025 21:36,47,Female,Goa,Trousers,Puma,6,956,15,2.5,Yes
4/11/2025 21:36,60,Male,Andhra Pradesh,Jackets,Pantaloons,4,567,25,4.5,Yes
4/11/2025 21:36,23,Male,Jharkhand,Ethnic Wear,Zudio,5,451,20,1.5,Yes
4/11/2025 21:36,22,Female,Assam,Ethnic Wear,Pantaloons,2,648,20,2.5,No
4/11/2025 21:36,27,Male,Mizoram,Trousers,H&M,7,455,25,3.5,No
4/11/2025 21:36,69,Male,Tripura,Dresses,H&M,3,786,25,3.5,Yes
4/11/2025 21:36,32,Male,Gujarat,Shirts,Puma,6,824,30,1.5,Yes
4/11/2025 21:36,62,Male,Mizoram,Shorts,Pantaloons,5,705,20,2.5,Yes
4/11/2025 21:36,43,Female,Tamil Nadu,Skirts,Levie's,1,910,15,1,No
4/11/2025 21:36,62,Male,Haryana,Shorts,Adidas,1,715,25,2,Yes
4/11/2025 21:36,38,Female,Goa,Jeans,Levie's,6,761,15,2.5,No
4/11/2025 21:36,22,Female,Nagaland,Ethnic Wear,Adidas,4,899,10,1.5,Yes
4/11/2025 21:36,30,Male,Punjab,Undergarments,Nike,7,429,25,2,Yes
4/11/2025 21:36,39,Female,Meghalaya,Jackets,Pantaloons,6,978,25,4,No
4/11/2025 21:36,47,Male,Uttar Pradesh,Skirts,Puma,5,970,15,1.5,No
4/11/2025 21:36,18,Male,Himachal Pradesh,Trousers,Puma,6,503,25,5,Yes
4/11/2025 21:36,31,Female,Bihar,Skirts,Nike,6,425,20,1.5,No
4/11/2025 21:36,52,Male,Kerala,Sleepwear,Pantaloons,7,498,10,5,Yes
4/11/2025 21:36,41,Male,Manipur,Jackets,Zudio,7,743,20,4,Yes
4/11/2025 21:36,43,Female,Tamil Nadu,Jeans,H&M,6,468,30,4,No
4/11/2025 21:36,27,Female,Sikkim,Trousers,Raymond,5,418,20,4,No
4/11/2025 21:36,60,Male,Nagaland,Shorts,Nike,7,700,10,1,Yes
4/11/2025 21:36,42,Male,West Bengal,Ethnic Wear,Pantaloons,1,598,25,2,Yes
4/11/2025 21:36,22,Male,Tripura,Jeans,Nike,1,544,25,2.5,Yes
4/11/2025 21:36,40,Male,Goa,Ethnic Wear,H&M,6,603,30,3,Yes
4/11/2025 21:36,44,Female,Tripura,Trousers,Adidas,1,926,25,2.5,Yes
4/11/2025 21:36,22,Male,Gujarat,Jeans,Levie's,4,831,10,1,Yes
4/11/2025 21:36,30,Female,Madhya Pradesh,Formal Wear,Pantaloons,3,634,25,1,Yes
4/11/2025 21:36,38,Male,Uttarakhand,Skirts,Puma,3,773,20,5,No
4/11/2025 21:36,29,Female,Uttar Pradesh,Shorts,Puma,7,956,10,1,Yes
4/11/2025 21:36,49,Male,Karnataka,Dresses,Nike,6,645,20,4.5,Yes
4/11/2025 21:36,19,Female,Bihar,T-shirts,Adidas,6,567,15,5,No
4/11/2025 21:36,48,Female,Meghalaya,Shorts,Levie's,5,463,15,3.5,No
4/11/2025 21:36,31,Male,Uttar Pradesh,Formal Wear,Adidas,2,749,20,2.5,Yes
4/11/2025 21:36,54,Female,Haryana,Shorts,Pantaloons,7,445,10,4,Yes
4/11/2025 21:36,39,Female,Kerala,Formal Wear,Levie's,7,589,25,4,No
4/11/2025 21:36,57,Female,Rajasthan,Sweaters,Nike,1,846,10,4,Yes
4/11/2025 21:36,49,Male,Meghalaya,Ethnic Wear,Zudio,4,903,25,4,No
4/11/2025 21:36,66,Male,Sikkim,T-shirts,Nike,1,742,20,1.5,Yes
4/11/2025 21:36,63,Male,West Bengal,Dresses,Pantaloons,2,651,25,3.5,No
4/11/2025 21:36,52,Female,Uttarakhand,Undergarments,Pantaloons,1,689,25,2.5,No
4/11/2025 21:36,46,Male,West Bengal,Shirts,Zudio,2,785,20,1,No
4/11/2025 21:36,53,Male,Sikkim,Ethnic Wear,H&M,1,527,30,5,Yes
4/11/2025 21:36,70,Female,Andhra Pradesh,Sleepwear,Levie's,2,952,15,3,Yes
4/11/2025 21:36,25,Female,Haryana,Formal Wear,Raymond,3,928,15,2.5,Yes
4/11/2025 21:36,20,Female,West Bengal,Ethnic Wear,Puma,6,545,15,1,Yes
4/11/2025 21:36,54,Female,Manipur,Shorts,Pantaloons,6,564,15,1,Yes
4/11/2025 21:36,36,Female,Bihar,Trousers,Adidas,4,561,20,4,Yes
4/11/2025 21:36,53,Male,Maharashtra,Activewear,Puma,7,523,20,1,No
4/11/2025 21:36,57,Male,Uttarakhand,Shorts,Levie's,6,528,15,2,No
4/11/2025 21:36,70,Male,Uttarakhand,Sweaters,Zudio,3,978,30,1.5,Yes
4/11/2025 21:36,67,Female,Telangana,Formal Wear,H&M,1,879,30,1,No
4/11/2025 21:36,47,Male,Madhya Pradesh,Shorts,Levie's,1,711,30,1.5,Yes
4/11/2025 21:36,64,Female,Gujarat,Ethnic Wear,Zudio,2,414,25,1.5,No
4/11/2025 21:36,66,Female,Maharashtra,Ethnic Wear,Zudio,2,895,15,5,Yes
4/11/2025 21:36,67,Male,Karnataka,Undergarments,Adidas,5,969,25,3,Yes
4/11/2025 21:36,42,Female,Tamil Nadu,Sweaters,Adidas,7,692,10,4,Yes
4/11/2025 21:36,46,Male,Uttar Pradesh,Shorts,H&M,1,682,30,2.5,No
4/11/2025 21:36,51,Female,Jharkhand,Sleepwear,Raymond,7,628,30,3,No
4/11/2025 21:36,25,Male,Haryana,Dresses,Raymond,4,873,25,2,No
4/11/2025 21:36,45,Female,Gujarat,Formal Wear,Levie's,7,603,10,4,No
4/11/2025 21:36,20,Male,Telangana,Trousers,Adidas,2,736,30,1,Yes
4/11/2025 21:36,64,Female,Meghalaya,Sleepwear,Raymond,7,594,30,4,Yes
4/11/2025 21:36,32,Female,Madhya Pradesh,T-shirts,Puma,5,703,25,1.5,Yes
4/11/2025 21:36,45,Male,Arunachal Pradesh,Jackets,H&M,7,748,20,4.5,No
4/11/2025 21:36,50,Male,Sikkim,Jeans,Adidas,3,959,25,1.5,No
4/11/2025 21:36,21,Male,Uttar Pradesh,Sleepwear,Raymond,2,597,20,3,Yes
4/11/2025 21:36,30,Male,Madhya Pradesh,T-shirts,H&M,4,752,25,5,No
4/11/2025 21:36,36,Female,Manipur,Sweaters,Zudio,2,533,25,4,Yes
4/11/2025 21:36,46,Female,Assam,Sleepwear,Puma,7,466,10,4,No
4/11/2025 21:36,47,Male,Manipur,Trousers,Adidas,1,488,20,3.5,No
4/11/2025 21:36,25,Male,Chhattisgarh,Ethnic Wear,Zudio,2,549,20,4,No
4/11/2025 21:36,38,Male,Goa,Skirts,Nike,1,1000,15,1,No
4/11/2025 21:36,63,Male,Gujarat,Sweaters,Adidas,4,725,10,2.5,No
4/11/2025 21:36,38,Female,Mizoram,Dresses,Pantaloons,3,886,25,2,Yes
4/11/2025 21:36,33,Male,Tripura,Ethnic Wear,Puma,7,651,10,3.5,No
4/11/2025 21:36,61,Male,Uttarakhand,Dresses,Levie's,6,585,15,1,No
4/11/2025 21:36,46,Male,Himachal Pradesh,Suits,Adidas,4,759,10,1,Yes
4/11/2025 21:36,39,Male,Himachal Pradesh,Trousers,Zudio,7,557,10,3.5,Yes
4/11/2025 21:36,52,Female,Telangana,Dresses,Nike,1,632,30,3.5,Yes
4/11/2025 21:36,49,Male,Sikkim,Activewear,Nike,3,947,25,4,Yes
4/11/2025 21:36,33,Female,Karnataka,Dresses,Nike,2,432,10,4,Yes
4/11/2025 21:36,24,Female,Meghalaya,Jackets,H&M,2,812,10,4.5,Yes
4/11/2025 21:36,55,Female,Punjab,T-shirts,Levie's,3,491,10,3.5,Yes
4/11/2025 21:36,20,Male,Haryana,Trousers,Pantaloons,3,721,20,1,Yes
4/11/2025 21:36,45,Female,Telangana,Suits,Adidas,3,928,30,4.5,No
4/11/2025 21:36,40,Male,Punjab,Dresses,Adidas,3,921,15,2,No
4/11/2025 21:36,19,Female,West Bengal,Sleepwear,Zudio,3,443,25,5,No
4/11/2025 21:36,19,Male,Odisha,Sweaters,Raymond,6,684,10,4.5,No
4/11/2025 21:36,56,Female,Punjab,Jeans,H&M,5,772,10,3.5,Yes
4/11/2025 21:36,25,Male,Bihar,Jackets,Pantaloons,1,427,15,2,No
4/11/2025 21:36,65,Female,Maharashtra,Sleepwear,Raymond,6,784,15,3,No
4/11/2025 21:36,60,Female,Sikkim,Shorts,Raymond,5,672,25,5,No
4/11/2025 21:36,18,Male,Nagaland,Jackets,Raymond,1,926,10,4.5,Yes
4/11/2025 21:36,68,Male,Bihar,Sleepwear,Pantaloons,4,648,25,2.5,Yes
4/11/2025 21:36,34,Female,Mizoram,Undergarments,H&M,4,688,10,4.5,Yes
4/11/2025 21:36,34,Male,Maharashtra,Ethnic Wear,Pantaloons,5,911,10,5,Yes
4/11/2025 21:36,35,Male,Telangana,Activewear,Zudio,3,541,30,2.5,No
4/11/2025 21:36,61,Male,Karnataka,Jeans,H&M,4,628,15,2.5,Yes
4/11/2025 21:36,27,Male,Mizoram,Shorts,Levie's,4,723,25,4,No
4/11/2025 21:36,32,Male,Assam,Undergarments,Nike,7,677,25,2.5,Yes
4/11/2025 21:36,68,Male,Uttar Pradesh,Jackets,Raymond,7,513,25,3.5,Yes
4/11/2025 21:36,66,Female,Odisha,Undergarments,Zudio,3,727,20,2.5,No
4/11/2025 21:36,66,Female,Assam,Suits,H&M,2,629,30,3.5,Yes
4/11/2025 21:36,42,Female,Karnataka,T-shirts,Zudio,2,547,20,3,Yes
4/11/2025 21:36,61,Male,Andhra Pradesh,Skirts,Levie's,3,488,20,3,No
4/11/2025 21:36,48,Male,Mizoram,Shirts,Zudio,2,787,15,1.5,Yes
4/11/2025 21:36,47,Female,Uttarakhand,T-shirts,Nike,3,824,20,2.5,Yes
4/11/2025 21:36,51,Female,Tamil Nadu,Jeans,Puma,7,928,20,3,No
4/11/2025 21:36,60,Male,West Bengal,Jeans,Zudio,1,725,15,4,Yes
4/11/2025 21:36,62,Male,Haryana,Jackets,Puma,2,758,30,1.5,Yes
4/11/2025 21:36,67,Male,Punjab,Ethnic Wear,Puma,6,491,20,1,Yes
4/11/2025 21:36,43,Female,Assam,Ethnic Wear,Puma,2,598,25,1.5,No
4/11/2025 21:36,52,Male,Assam,Sweaters,Puma,2,703,15,1,No
4/11/2025 21:36,49,Female,Tamil Nadu,Jackets,Adidas,7,916,10,3,No
4/11/2025 21:36,68,Male,Bihar,Trousers,Levie's,7,602,15,2.5,Yes
4/11/2025 21:36,50,Male,Telangana,Jeans,Adidas,1,622,10,3,No
4/11/2025 21:36,51,Male,Meghalaya,Sleepwear,H&M,5,971,15,2,Yes
4/11/2025 21:36,26,Female,Kerala,Jeans,Levie's,5,535,15,2.5,Yes
4/11/2025 21:36,53,Female,Karnataka,Undergarments,Zudio,6,499,15,3.5,No
4/11/2025 21:36,52,Male,Tamil Nadu,Shirts,Puma,4,546,10,4,No
4/11/2025 21:36,55,Male,Tamil Nadu,Ethnic Wear,Adidas,5,965,10,1.5,No
4/11/2025 21:36,67,Male,Manipur,Jeans,Puma,6,805,25,2,Yes
4/11/2025 21:36,41,Male,Maharashtra,Suits,Adidas,5,750,20,2.5,Yes
4/11/2025 21:36,39,Male,Karnataka,Jeans,Puma,1,751,15,4,Yes
4/11/2025 21:36,60,Male,Punjab,Jeans,H&M,5,791,15,3,No
4/11/2025 21:36,43,Female,Meghalaya,Dresses,Raymond,3,641,25,2,Yes
4/11/2025 21:36,66,Male,Maharashtra,Sleepwear,Levie's,6,873,30,3.5,No
4/11/2025 21:36,47,Female,Chhattisgarh,Trousers,H&M,4,698,25,4,No
4/11/2025 21:36,21,Female,Goa,Sweaters,Levie's,1,736,15,3,No
4/11/2025 21:36,21,Male,Gujarat,Jackets,Adidas,5,498,15,1,No
4/11/2025 21:36,28,Male,Rajasthan,Shirts,H&M,5,454,25,5,No
4/11/2025 21:36,70,Male,Goa,Sleepwear,Adidas,5,537,10,5,No
4/11/2025 21:36,70,Male,Kerala,T-shirts,H&M,2,605,15,3.5,Yes
4/11/2025 21:36,22,Female,Chhattisgarh,Sweaters,Levie's,4,719,10,3.5,No
4/11/2025 21:36,61,Male,Nagaland,Shorts,Levie's,3,837,30,4.5,Yes
4/11/2025 21:36,36,Female,Uttar Pradesh,T-shirts,Adidas,4,890,20,2.5,Yes
4/11/2025 21:36,52,Male,Mizoram,Jeans,Raymond,5,425,10,2.5,Yes
4/11/2025 21:36,55,Female,Mizoram,Ethnic Wear,Puma,6,626,20,4,Yes
4/11/2025 21:36,67,Female,West Bengal,Dresses,Levie's,4,547,20,1,Yes
4/11/2025 21:36,59,Female,Mizoram,Sleepwear,Adidas,4,408,20,5,Yes
4/11/2025 21:36,62,Male,Maharashtra,T-shirts,Pantaloons,5,635,25,4.5,Yes
4/11/2025 21:36,56,Female,Goa,Trousers,Zudio,4,962,15,2.5,Yes
4/11/2025 21:36,42,Male,Telangana,Undergarments,Nike,1,486,30,1,Yes
4/11/2025 21:36,52,Male,Gujarat,Dresses,Puma,3,414,10,2,Yes
4/11/2025 21:36,18,Female,Chhattisgarh,Ethnic Wear,Levie's,5,895,10,1,No
4/11/2025 21:36,64,Female,Madhya Pradesh,Suits,H&M,6,943,30,4,Yes
4/11/2025 21:36,23,Female,Assam,Trousers,H&M,2,746,20,5,No
4/11/2025 21:36,61,Male,Karnataka,Sweaters,Levie's,5,921,10,1.5,Yes
4/11/2025 21:36,56,Female,Tripura,Ethnic Wear,Nike,7,802,10,1,Yes
4/11/2025 21:36,58,Female,Madhya Pradesh,Trousers,H&M,2,831,15,4,No
4/11/2025 21:36,28,Male,Gujarat,Ethnic Wear,H&M,1,584,20,1.5,Yes
4/11/2025 21:36,42,Female,Kerala,Shirts,H&M,7,713,20,3.5,No
4/11/2025 21:36,65,Female,Maharashtra,Shorts,Raymond,6,815,25,5,No
4/11/2025 21:36,68,Female,Uttar Pradesh,Suits,Puma,1,471,10,1,Yes
4/11/2025 21:36,35,Male,Gujarat,Skirts,Puma,5,773,15,4,No
4/11/2025 21:36,33,Female,Meghalaya,Sleepwear,Zudio,2,802,25,3,No
4/11/2025 21:36,33,Male,Rajasthan,Shirts,Raymond,3,436,25,4.5,Yes
4/11/2025 21:36,66,Female,Maharashtra,Ethnic Wear,H&M,4,584,30,4,No
4/11/2025 21:36,37,Female,Himachal Pradesh,Shorts,Nike,1,511,25,2.5,No
4/11/2025 21:36,20,Male,Nagaland,Suits,Nike,5,428,10,4,No
4/11/2025 21:36,24,Female,Uttarakhand,Jackets,Nike,3,461,15,2.5,No
4/11/2025 21:36,37,Male,Tamil Nadu,Ethnic Wear,Zudio,2,843,15,1,Yes
4/11/2025 21:36,28,Female,Uttarakhand,T-shirts,Pantaloons,6,960,15,4,Yes
4/11/2025 21:36,52,Female,Odisha,Shorts,Raymond,6,758,30,4.5,Yes
4/11/2025 21:36,57,Male,Telangana,Sleepwear,Nike,1,760,30,5,No
4/11/2025 21:36,50,Male,Nagaland,Formal Wear,Pantaloons,7,741,25,1.5,Yes
4/11/2025 21:36,29,Female,Mizoram,Formal Wear,Adidas,1,897,25,4,No
4/11/2025 21:36,40,Male,Tamil Nadu,Dresses,Nike,1,695,10,4.5,No
4/11/2025 21:36,33,Male,Mizoram,Suits,Raymond,4,771,10,5,Yes
4/11/2025 21:36,49,Female,Arunachal Pradesh,Dresses,Zudio,6,542,15,5,No
4/11/2025 21:36,44,Female,Tripura,Sleepwear,Pantaloons,6,490,20,2.5,Yes
4/11/2025 21:36,18,Female,Kerala,Jeans,Adidas,2,683,30,3,Yes
4/11/2025 21:36,40,Female,Manipur,Jackets,Pantaloons,2,636,20,1,Yes
4/11/2025 21:36,40,Male,Nagaland,Undergarments,Pantaloons,4,948,15,2.5,Yes
4/11/2025 21:36,34,Male,West Bengal,Trousers,Raymond,5,1000,20,3,No
4/11/2025 21:36,22,Female,Karnataka,Shorts,Adidas,7,830,20,2.5,Yes
4/11/2025 21:36,70,Female,Karnataka,Dresses,Adidas,4,551,25,1,No
4/11/2025 21:36,18,Male,Sikkim,Trousers,H&M,6,754,15,1,Yes
4/11/2025 21:36,58,Male,Andhra Pradesh,Formal Wear,Raymond,2,460,25,1,No
4/11/2025 21:36,26,Female,Uttarakhand,Skirts,Raymond,4,425,15,1.5,No
4/11/2025 21:36,27,Male,Chhattisgarh,Formal Wear,Adidas,2,410,25,3,Yes
4/11/2025 21:36,43,Female,Nagaland,Activewear,H&M,7,543,30,2.5,Yes
4/11/2025 21:36,39,Male,Haryana,Shirts,Zudio,3,837,15,4,Yes
4/11/2025 21:36,36,Female,Madhya Pradesh,Jeans,Adidas,7,476,30,5,Yes
4/11/2025 21:36,45,Male,Jharkhand,Jeans,H&M,2,765,15,2,No
4/11/2025 21:36,40,Male,Mizoram,Shirts,Pantaloons,2,842,15,1.5,Yes
4/11/2025 21:36,57,Male,Goa,Suits,Adidas,4,417,20,5,No
4/11/2025 21:36,31,Male,Sikkim,Dresses,Adidas,2,420,25,4.5,No
4/11/2025 21:36,61,Male,Meghalaya,Sweaters,H&M,4,772,10,3,Yes
4/11/2025 21:36,30,Female,Madhya Pradesh,Skirts,H&M,2,935,10,1,No
4/11/2025 21:36,59,Male,Bihar,Activewear,Zudio,6,832,20,3.5,Yes
4/11/2025 21:36,65,Male,Goa,T-shirts,Pantaloons,4,880,10,3.5,No
4/11/2025 21:36,41,Male,Karnataka,Shirts,Adidas,7,412,10,5,No
4/11/2025 21:36,27,Male,Kerala,Activewear,Levie's,3,958,25,2,No
4/11/2025 21:36,41,Male,Haryana,Activewear,Raymond,7,457,10,4.5,No
4/11/2025 21:36,59,Male,Punjab,Shirts,Adidas,7,408,20,3.5,No
4/11/2025 21:36,52,Male,Mizoram,Formal Wear,Puma,2,807,30,4.5,Yes
4/11/2025 21:36,48,Female,Odisha,Suits,Levie's,2,722,10,2.5,No
4/11/2025 21:36,40,Male,Andhra Pradesh,Jackets,Nike,7,756,25,4.5,No
4/11/2025 21:36,68,Female,Mizoram,Skirts,H&M,4,871,30,3,Yes
4/11/2025 21:36,51,Female,Andhra Pradesh,Shirts,Raymond,5,609,30,2,No
4/11/2025 21:36,57,Female,Uttarakhand,Skirts,H&M,4,572,25,1.5,Yes
4/11/2025 21:36,65,Female,Telangana,Sweaters,Nike,2,997,15,1,No
4/11/2025 21:36,21,Female,Nagaland,Skirts,Puma,7,550,25,4.5,No
4/11/2025 21:36,19,Female,Manipur,Shirts,Adidas,4,797,15,3.5,Yes
4/11/2025 21:36,67,Female,Uttarakhand,T-shirts,Zudio,2,696,30,3,Yes
4/11/2025 21:36,41,Female,Kerala,Sleepwear,H&M,3,916,20,3,No
4/11/2025 21:36,44,Female,Sikkim,Formal Wear,Zudio,6,695,25,4.5,Yes
4/11/2025 21:36,67,Male,Sikkim,Sleepwear,Levie's,5,469,10,2.5,No
4/11/2025 21:36,68,Female,West Bengal,Shorts,Pantaloons,4,534,15,4.5,Yes
4/11/2025 21:36,31,Female,West Bengal,Dresses,Levie's,1,642,30,4,Yes
4/11/2025 21:36,57,Female,Telangana,Undergarments,Puma,4,598,20,4.5,No
4/11/2025 21:36,47,Female,Nagaland,Shorts,Puma,7,891,20,5,No
4/11/2025 21:36,37,Male,Maharashtra,Suits,Adidas,3,834,10,3,No
4/11/2025 21:36,37,Male,Goa,Formal Wear,Pantaloons,4,794,20,1,No
4/11/2025 21:36,52,Female,Maharashtra,T-shirts,H&M,6,796,15,3,No
4/11/2025 21:36,49,Male,West Bengal,Jackets,H&M,4,559,15,4.5,No
4/11/2025 21:36,33,Female,Kerala,Formal Wear,Pantaloons,5,965,10,2.5,No
4/11/2025 21:36,63,Male,Bihar,Shorts,Zudio,2,836,30,5,Yes
4/11/2025 21:36,60,Male,Telangana,Shorts,Zudio,1,526,15,4,Yes
4/11/2025 21:36,59,Female,Madhya Pradesh,Ethnic Wear,Adidas,2,671,20,3.5,No
4/11/2025 21:36,45,Male,Nagaland,Formal Wear,Adidas,2,721,15,2.5,Yes
4/11/2025 21:36,49,Male,Karnataka,Skirts,Levie's,1,609,30,2.5,Yes
4/11/2025 21:36,40,Female,Tamil Nadu,Skirts,Pantaloons,2,959,25,3.5,Yes
4/11/2025 21:36,44,Female,Jharkhand,Undergarments,Zudio,5,684,25,3.5,Yes
4/11/2025 21:36,22,Male,Bihar,Shorts,Levie's,2,916,20,1,No
4/11/2025 21:36,60,Female,Andhra Pradesh,Jackets,Nike,3,607,10,3.5,No
4/11/2025 21:36,29,Male,Kerala,Formal Wear,H&M,6,899,30,2.5,No
4/11/2025 21:36,51,Male,Mizoram,Sweaters,Zudio,5,765,20,2,No
4/11/2025 21:36,21,Male,Mizoram,Formal Wear,Levie's,3,640,25,1,No
4/11/2025 21:36,18,Male,Mizoram,Shorts,Adidas,4,779,25,2,No
4/11/2025 21:36,70,Female,Assam,Sweaters,Adidas,6,447,25,1,No
4/11/2025 21:36,33,Female,Arunachal Pradesh,T-shirts,Adidas,5,471,25,3.5,No
4/11/2025 21:36,59,Female,Tamil Nadu,Activewear,Zudio,2,777,20,4,Yes
4/11/2025 21:36,34,Female,Punjab,Skirts,Pantaloons,3,482,20,4,No
4/11/2025 21:36,66,Female,Andhra Pradesh,Ethnic Wear,Nike,7,417,15,4,Yes
4/11/2025 21:36,29,Male,West Bengal,Undergarments,Levie's,7,516,10,3,Yes
4/11/2025 21:36,20,Female,Mizoram,Formal Wear,Puma,5,672,25,3.5,No
4/11/2025 21:36,36,Male,Jharkhand,T-shirts,Nike,6,867,30,2.5,Yes
4/11/2025 21:36,53,Female,Uttar Pradesh,Dresses,Raymond,3,870,10,1.5,No
4/11/2025 21:36,40,Male,Mizoram,Sweaters,Adidas,5,583,25,5,No
4/11/2025 21:36,61,Male,Mizoram,Jackets,Levie's,2,737,15,1,No
4/11/2025 21:36,60,Male,Arunachal Pradesh,Trousers,Puma,3,516,20,2,No
4/11/2025 21:36,22,Female,Tamil Nadu,Ethnic Wear,Pantaloons,7,487,30,3.5,Yes
4/11/2025 21:36,23,Male,Meghalaya,Skirts,Nike,7,768,30,2.5,Yes
4/11/2025 21:36,50,Female,Manipur,Activewear,Adidas,6,978,30,3.5,Yes
4/11/2025 21:36,47,Female,Haryana,Shorts,Pantaloons,5,827,25,1,Yes
4/11/2025 21:36,32,Female,Odisha,Shirts,Adidas,7,912,25,4,Yes
4/11/2025 21:36,58,Female,Haryana,Jackets,Levie's,1,744,30,3.5,Yes
4/11/2025 21:36,49,Male,Telangana,Sleepwear,Adidas,7,959,15,3,Yes
4/11/2025 21:36,18,Female,Kerala,Formal Wear,Pantaloons,3,411,15,4,No
4/11/2025 21:36,28,Male,Madhya Pradesh,Trousers,Nike,7,627,15,1.5,No
4/11/2025 21:36,33,Male,Madhya Pradesh,Formal Wear,Nike,2,532,10,4,Yes
4/11/2025 21:36,32,Female,Uttar Pradesh,Suits,Pantaloons,7,967,30,1.5,No
4/11/2025 21:36,53,Male,Chhattisgarh,T-shirts,Puma,1,819,30,3.5,Yes
4/11/2025 21:36,19,Male,Punjab,Activewear,Raymond,7,943,25,2.5,No
4/11/2025 21:36,24,Female,Kerala,Jeans,Nike,6,804,10,2,No
4/11/2025 21:36,32,Male,Manipur,Suits,Pantaloons,2,974,15,2.5,No
4/11/2025 21:36,65,Female,Madhya Pradesh,Ethnic Wear,Zudio,3,648,30,3,Yes
4/11/2025 21:36,66,Female,Telangana,Skirts,Raymond,2,957,25,4,No
4/11/2025 21:36,19,Female,Punjab,Trousers,Raymond,7,616,10,3,Yes
4/11/2025 21:36,64,Male,Maharashtra,Jackets,Adidas,4,456,10,3,No
4/11/2025 21:36,54,Male,Haryana,Trousers,Puma,1,944,25,1,No
4/11/2025 21:36,36,Female,Telangana,Undergarments,Puma,2,957,10,5,No
4/11/2025 21:36,18,Male,Himachal Pradesh,Trousers,Zudio,4,405,30,4.5,No
4/11/2025 21:36,62,Female,Manipur,T-shirts,Zudio,7,684,10,1,No
4/11/2025 21:36,56,Female,Madhya Pradesh,Undergarments,Raymond,7,963,30,4.5,No
4/11/2025 21:36,61,Female,Jharkhand,Sleepwear,Nike,6,523,10,4.5,Yes
4/11/2025 21:36,49,Male,Manipur,T-shirts,Levie's,7,888,20,3,No
4/11/2025 21:36,26,Female,Uttar Pradesh,T-shirts,Zudio,6,750,10,5,Yes
4/11/2025 21:36,56,Female,Haryana,Shorts,H&M,2,798,30,4,Yes
4/11/2025 21:36,51,Female,Gujarat,Suits,Pantaloons,1,842,30,4.5,Yes
4/11/2025 21:36,23,Female,Arunachal Pradesh,Dresses,Levie's,4,819,25,2,Yes
4/11/2025 21:36,24,Male,Odisha,Ethnic Wear,Pantaloons,4,488,20,1,Yes
4/11/2025 21:36,48,Male,Bihar,Jeans,Nike,3,478,10,2,Yes
4/11/2025 21:36,69,Male,Manipur,Jeans,Puma,3,615,10,2.5,Yes
4/11/2025 21:36,50,Male,Rajasthan,Trousers,H&M,7,904,10,5,Yes
4/11/2025 21:36,37,Female,Haryana,Jeans,Zudio,2,563,20,1.5,No
4/11/2025 21:36,64,Female,West Bengal,Ethnic Wear,Levie's,5,601,15,1.5,No
4/11/2025 21:36,51,Female,Madhya Pradesh,Shirts,H&M,6,503,30,1.5,Yes
4/11/2025 21:36,43,Male,Jharkhand,Activewear,Pantaloons,6,621,10,4,Yes
4/11/2025 21:36,61,Male,Tamil Nadu,T-shirts,H&M,2,587,30,3,No
4/11/2025 21:36,68,Male,Punjab,Skirts,Levie's,1,806,15,3.5,Yes
4/11/2025 21:36,65,Male,Uttarakhand,Shirts,H&M,4,755,30,1.5,Yes
4/11/2025 21:36,64,Female,Kerala,Skirts,Nike,6,798,25,1.5,Yes
4/11/2025 21:36,53,Female,Punjab,Shorts,Puma,5,486,25,4,No
4/11/2025 21:36,55,Male,Rajasthan,Shorts,Puma,6,726,10,4.5,No
4/11/2025 21:36,42,Male,Odisha,Ethnic Wear,Levie's,1,795,10,2,No
4/11/2025 21:36,48,Male,Manipur,Shirts,Adidas,1,673,25,5,No
4/11/2025 21:36,28,Female,Maharashtra,Formal Wear,Levie's,5,611,15,2,No
4/11/2025 21:36,70,Female,Sikkim,Shirts,Raymond,2,619,25,4,No
4/11/2025 21:36,59,Male,Goa,Shirts,Adidas,6,816,10,1.5,Yes
4/11/2025 21:36,52,Male,Tripura,Trousers,Levie's,5,891,20,2,Yes
4/11/2025 21:36,29,Male,West Bengal,Shirts,H&M,7,518,10,3.5,No
4/11/2025 21:36,31,Male,Telangana,Shorts,Levie's,3,493,30,1,No
4/11/2025 21:36,39,Female,Rajasthan,Undergarments,Raymond,1,735,20,3,No
4/11/2025 21:36,22,Male,Arunachal Pradesh,Skirts,Adidas,5,835,25,1.5,Yes
4/11/2025 21:36,40,Male,Assam,Shirts,H&M,1,963,15,3,Yes
4/11/2025 21:36,34,Male,Tripura,Undergarments,Pantaloons,1,419,20,1,No
4/11/2025 21:36,35,Male,Meghalaya,Dresses,Nike,6,957,10,2,No
4/11/2025 21:36,49,Male,Telangana,Suits,Adidas,5,834,20,1,No
4/11/2025 21:36,47,Female,Tamil Nadu,Dresses,Raymond,1,746,10,3,Yes
4/11/2025 21:36,30,Male,Jharkhand,Ethnic Wear,Pantaloons,3,481,10,3.5,Yes
4/11/2025 21:36,56,Female,Sikkim,Skirts,Zudio,1,909,10,2,No
4/11/2025 21:36,39,Female,Andhra Pradesh,Shorts,Zudio,6,822,30,1.5,No
4/11/2025 21:36,28,Male,Gujarat,Skirts,Raymond,5,670,25,3,Yes
4/11/2025 21:36,48,Female,Telangana,Trousers,Adidas,6,908,15,5,No
4/11/2025 21:36,47,Female,Karnataka,Shirts,Zudio,3,519,10,3.5,Yes
4/11/2025 21:36,19,Male,Rajasthan,Activewear,Puma,7,522,20,3,Yes
4/11/2025 21:36,68,Male,Arunachal Pradesh,Shirts,Nike,1,942,20,3.5,No
4/11/2025 21:36,39,Female,Tripura,Trousers,H&M,3,661,25,4,Yes
4/11/2025 21:36,29,Male,West Bengal,Sleepwear,Adidas,1,556,25,5,Yes
4/11/2025 21:36,37,Female,Telangana,Activewear,Nike,4,805,10,3.5,Yes
4/11/2025 21:36,25,Female,Uttarakhand,Activewear,Raymond,2,971,20,1,Yes
4/11/2025 21:36,22,Female,Maharashtra,Undergarments,Levie's,3,488,30,3.5,No
4/11/2025 21:36,67,Male,Uttar Pradesh,Shirts,Levie's,7,754,10,1.5,No
4/11/2025 21:36,19,Female,Madhya Pradesh,Shirts,Nike,7,641,30,5,No
4/11/2025 21:36,51,Male,Assam,Formal Wear,Raymond,1,543,30,4.5,Yes
4/11/2025 21:36,38,Male,Tripura,Sweaters,Adidas,3,673,30,4,No
4/11/2025 21:36,59,Female,Himachal Pradesh,Jeans,Raymond,3,915,20,1,No
4/11/2025 21:36,48,Male,Manipur,Jeans,Puma,2,579,10,2.5,No
4/11/2025 21:36,67,Female,Arunachal Pradesh,Trousers,Puma,3,818,30,3.5,Yes
4/11/2025 21:36,64,Male,Maharashtra,Ethnic Wear,H&M,4,540,10,5,Yes
4/11/2025 21:36,68,Female,Punjab,Sleepwear,Levie's,4,476,25,3,Yes
4/11/2025 21:36,55,Female,Assam,Trousers,Adidas,5,720,30,1.5,Yes
4/11/2025 21:36,54,Male,Manipur,Undergarments,Adidas,2,726,10,4.5,Yes
4/11/2025 21:36,54,Female,Manipur,Jackets,Adidas,7,596,25,3.5,Yes
4/11/2025 21:36,64,Female,Nagaland,Sleepwear,Puma,4,644,25,2.5,Yes
4/11/2025 21:36,20,Male,Arunachal Pradesh,Skirts,Pantaloons,1,881,10,2.5,No
4/11/2025 21:36,68,Female,Uttar Pradesh,Jackets,H&M,7,514,15,1,No
4/11/2025 21:36,28,Male,Goa,Suits,Pantaloons,6,641,25,3.5,No
4/11/2025 21:36,39,Female,Meghalaya,Dresses,Nike,6,568,10,4,Yes
4/11/2025 21:36,54,Female,Arunachal Pradesh,Jeans,Zudio,1,670,25,5,Yes
4/11/2025 21:36,22,Male,Mizoram,Jeans,Levie's,4,809,15,1,Yes
4/11/2025 21:36,38,Male,Madhya Pradesh,Undergarments,Levie's,3,586,25,2,No
4/11/2025 21:36,27,Male,Goa,Sleepwear,Nike,1,512,30,1.5,No
4/11/2025 21:36,62,Female,Manipur,Shorts,Zudio,1,713,15,5,Yes
4/11/2025 21:36,69,Female,Assam,Sleepwear,Nike,6,752,10,1.5,No
4/11/2025 21:36,37,Female,Nagaland,Sweaters,Adidas,6,712,30,2.5,Yes
4/11/2025 21:36,27,Female,Manipur,Activewear,H&M,4,841,30,4.5,Yes
4/11/2025 21:36,23,Female,Arunachal Pradesh,Jeans,Zudio,1,486,15,2.5,Yes
4/11/2025 21:36,36,Female,Himachal Pradesh,Sleepwear,Pantaloons,7,586,25,4.5,Yes
4/11/2025 21:36,58,Female,Sikkim,Jeans,Raymond,7,610,30,2.5,No
4/11/2025 21:36,68,Male,Gujarat,Shirts,Zudio,4,885,25,2,No
4/11/2025 21:36,58,Female,Tripura,Trousers,Zudio,5,906,25,4,Yes
4/11/2025 21:36,30,Male,Himachal Pradesh,Dresses,Zudio,1,559,20,3,No
4/11/2025 21:36,38,Female,Assam,Skirts,Puma,3,571,25,5,Yes
4/11/2025 21:36,45,Male,Telangana,T-shirts,Levie's,5,784,10,4,Yes
4/11/2025 21:36,18,Male,Nagaland,Ethnic Wear,Nike,5,731,25,2.5,Yes
4/11/2025 21:36,33,Male,Goa,Undergarments,Adidas,5,753,10,5,Yes
4/11/2025 21:36,62,Male,Kerala,Formal Wear,Raymond,6,703,10,4,No
4/11/2025 21:36,44,Male,Arunachal Pradesh,Formal Wear,Raymond,2,522,10,3,No
4/11/2025 21:36,21,Female,Madhya Pradesh,Formal Wear,Nike,2,577,10,1.5,No
4/11/2025 21:36,63,Female,Manipur,Activewear,Nike,4,718,10,2.5,Yes
4/11/2025 21:36,19,Female,Tripura,Undergarments,Levie's,3,869,30,5,Yes
4/11/2025 21:36,27,Male,Andhra Pradesh,Sweaters,H&M,6,528,15,4.5,Yes
4/11/2025 21:36,51,Male,Tamil Nadu,Skirts,Zudio,2,409,15,2.5,Yes
4/11/2025 21:36,42,Male,Karnataka,Shirts,H&M,2,843,10,2.5,Yes
4/11/2025 21:36,67,Female,Andhra Pradesh,Ethnic Wear,Raymond,5,651,10,1,No
4/11/2025 21:36,20,Female,West Bengal,Sweaters,Pantaloons,7,891,30,4.5,Yes
4/11/2025 21:36,28,Male,Arunachal Pradesh,Activewear,Adidas,7,615,10,1,Yes
4/11/2025 21:36,28,Female,Uttarakhand,Shirts,Raymond,6,722,10,2.5,No
4/11/2025 21:36,23,Female,Uttar Pradesh,T-shirts,Nike,7,491,15,1,No
4/11/2025 21:36,27,Male,Goa,Undergarments,Pantaloons,2,770,10,1,Yes
4/11/2025 21:36,42,Male,West Bengal,Activewear,Raymond,1,866,25,2,No
4/11/2025 21:36,60,Female,Andhra Pradesh,Dresses,Adidas,6,893,20,4,Yes
4/11/2025 21:36,55,Male,Karnataka,Skirts,H&M,3,928,25,1,Yes
4/11/2025 21:36,51,Female,Telangana,Jeans,Raymond,3,489,15,2.5,Yes
4/11/2025 21:36,46,Male,West Bengal,Shirts,Puma,1,530,20,4,Yes
4/11/2025 21:36,52,Male,Tripura,Sleepwear,H&M,1,669,10,3.5,No
4/11/2025 21:36,49,Male,Uttar Pradesh,Sweaters,Levie's,4,632,30,4,No
4/11/2025 21:36,58,Female,Rajasthan,T-shirts,Raymond,5,978,30,4,No
4/11/2025 21:36,59,Male,Uttar Pradesh,T-shirts,Zudio,2,931,30,2.5,Yes
4/11/2025 21:36,32,Male,Arunachal Pradesh,Sweaters,Pantaloons,2,655,10,1.5,No
4/11/2025 21:36,28,Female,Kerala,Sleepwear,Pantaloons,1,654,10,5,Yes
4/11/2025 21:36,58,Male,Gujarat,T-shirts,Puma,1,654,30,5,Yes
4/11/2025 21:36,63,Male,Uttarakhand,Undergarments,Zudio,6,498,25,1.5,Yes
4/11/2025 21:36,49,Female,Tamil Nadu,Shorts,Levie's,2,609,30,4,No
4/11/2025 21:36,44,Male,Maharashtra,Undergarments,Pantaloons,5,613,30,1,Yes
4/11/2025 21:36,51,Female,Arunachal Pradesh,Ethnic Wear,Raymond,6,672,20,5,No
4/11/2025 21:36,52,Female,Manipur,Formal Wear,Zudio,6,412,30,4.5,No
4/11/2025 21:36,65,Male,Assam,Skirts,Pantaloons,3,819,15,3,Yes
4/11/2025 21:36,42,Male,Uttar Pradesh,Undergarments,Levie's,4,782,20,2.5,Yes
4/11/2025 21:36,66,Female,Bihar,Ethnic Wear,Levie's,4,964,20,4,Yes
4/11/2025 21:36,25,Female,Gujarat,Shorts,Adidas,7,911,15,3,No
4/11/2025 21:36,51,Male,Bihar,Undergarments,Raymond,2,825,20,3.5,Yes
4/11/2025 21:36,28,Male,Punjab,Undergarments,H&M,2,403,15,4,Yes
4/11/2025 21:36,26,Female,Uttar Pradesh,Ethnic Wear,Zudio,1,487,30,2.5,No
4/11/2025 21:36,62,Female,Mizoram,Undergarments,Pantaloons,7,898,25,4.5,No
4/11/2025 21:36,53,Male,Uttarakhand,Sweaters,Adidas,1,549,15,4,No
4/11/2025 21:36,61,Male,Punjab,Trousers,Levie's,7,839,25,4.5,Yes
4/11/2025 21:36,63,Male,Gujarat,Undergarments,H&M,2,491,30,3,No
4/11/2025 21:36,51,Male,Sikkim,Suits,Raymond,5,835,25,4,No
4/11/2025 21:36,41,Female,Haryana,Ethnic Wear,Pantaloons,2,570,30,4,No
4/11/2025 21:36,59,Female,Maharashtra,Ethnic Wear,Nike,4,753,20,5,No
4/11/2025 21:36,56,Male,West Bengal,Sleepwear,Adidas,5,850,30,5,No
4/11/2025 21:36,30,Male,Nagaland,Jeans,Pantaloons,3,401,20,4,Yes
4/11/2025 21:36,28,Male,Sikkim,Activewear,Pantaloons,1,765,15,1,Yes
4/11/2025 21:36,22,Male,Andhra Pradesh,Skirts,Adidas,4,705,30,4,Yes
4/11/2025 21:36,51,Female,Haryana,Ethnic Wear,Pantaloons,1,834,10,4.5,Yes
4/11/2025 21:36,36,Female,Bihar,Undergarments,Puma,2,745,25,5,No
4/11/2025 21:36,35,Female,Manipur,Shirts,Levie's,2,929,25,1,No
4/11/2025 21:36,22,Female,Goa,Suits,Raymond,4,412,20,4.5,No
4/11/2025 21:36,36,Male,Nagaland,Shirts,Levie's,5,725,20,1.5,No
4/11/2025 21:36,21,Male,Haryana,T-shirts,Puma,2,471,30,2,No
4/11/2025 21:36,55,Female,Uttarakhand,Shorts,Nike,6,823,10,2,No
4/11/2025 21:36,42,Male,Telangana,Sleepwear,Adidas,1,871,30,4,No
4/11/2025 21:36,32,Male,Kerala,Activewear,H&M,1,845,10,4.5,Yes
4/11/2025 21:36,33,Female,Maharashtra,Dresses,Nike,2,996,10,1.5,Yes
4/11/2025 21:36,50,Female,Odisha,Jackets,Zudio,2,928,30,1,Yes
4/11/2025 21:36,57,Female,Chhattisgarh,Skirts,Adidas,4,812,25,1,No
4/11/2025 21:36,32,Male,Goa,Activewear,Pantaloons,6,708,10,3,Yes
4/11/2025 21:36,45,Male,Uttar Pradesh,Undergarments,Puma,4,931,20,3.5,Yes
4/11/2025 21:36,54,Male,Jharkhand,Shirts,Zudio,2,843,25,1,Yes
4/11/2025 21:36,45,Female,Punjab,Formal Wear,Raymond,1,799,10,1,No
4/11/2025 21:36,66,Female,Telangana,Shorts,Nike,1,564,20,1,No
4/11/2025 21:36,70,Male,Jharkhand,Trousers,Nike,6,494,15,2,No
4/11/2025 21:36,27,Male,Sikkim,Trousers,Nike,1,617,20,2.5,Yes
4/11/2025 21:36,50,Female,Manipur,Sweaters,Zudio,3,535,20,4.5,No
4/11/2025 21:36,47,Male,Chhattisgarh,Ethnic Wear,Nike,7,439,25,5,Yes
4/11/2025 21:36,65,Male,West Bengal,Formal Wear,Pantaloons,4,714,25,4,No
4/11/2025 21:36,36,Female,Telangana,Skirts,Raymond,1,625,30,4,Yes
4/11/2025 21:36,53,Female,Jharkhand,Jackets,Raymond,5,704,20,4,No
4/11/2025 21:36,49,Male,Haryana,T-shirts,Levie's,4,425,30,2,Yes
4/11/2025 21:36,44,Male,Meghalaya,Suits,Adidas,4,879,25,1.5,Yes
4/11/2025 21:36,30,Male,Sikkim,T-shirts,Adidas,4,537,10,4,Yes
4/11/2025 21:36,26,Male,Punjab,Sweaters,Raymond,2,517,10,3.5,No
4/11/2025 21:36,48,Female,Jharkhand,Shorts,Pantaloons,4,942,25,4,Yes
4/11/2025 21:36,59,Male,Haryana,Suits,Adidas,2,453,10,4,Yes
4/11/2025 21:36,40,Female,Goa,Sleepwear,Puma,6,558,15,1.5,Yes
4/11/2025 21:36,63,Female,Chhattisgarh,Skirts,H&M,7,525,20,1,No
4/11/2025 21:36,67,Female,Tamil Nadu,Dresses,H&M,5,599,20,5,No
4/11/2025 21:36,64,Male,Uttar Pradesh,Sleepwear,Levie's,2,761,25,1.5,No
4/11/2025 21:36,50,Male,West Bengal,Shirts,Levie's,7,872,20,4,Yes
4/11/2025 21:36,28,Female,Gujarat,T-shirts,H&M,4,600,20,3,Yes
4/11/2025 21:36,27,Male,Gujarat,Ethnic Wear,Levie's,2,815,15,5,Yes
4/11/2025 21:36,51,Male,Uttar Pradesh,Skirts,Raymond,2,956,15,4,No
4/11/2025 21:36,25,Male,Uttarakhand,Skirts,Adidas,6,904,30,4.5,Yes
4/11/2025 21:36,56,Female,Gujarat,Sweaters,Adidas,2,764,15,1.5,Yes
4/11/2025 21:36,62,Male,Uttarakhand,Sweaters,Raymond,6,632,25,4,Yes
4/11/2025 21:36,36,Male,Haryana,Ethnic Wear,Adidas,7,634,20,2.5,No
4/11/2025 21:36,22,Male,Assam,T-shirts,Adidas,6,746,30,4.5,No
4/11/2025 21:36,35,Female,West Bengal,Suits,Adidas,5,461,20,2.5,Yes
4/11/2025 21:36,20,Male,Himachal Pradesh,Sweaters,Puma,2,473,10,2.5,Yes
4/11/2025 21:36,67,Male,Rajasthan,Formal Wear,Puma,5,781,15,5,Yes
4/11/2025 21:36,42,Male,Uttarakhand,Formal Wear,H&M,3,593,15,4,Yes
4/11/2025 21:36,69,Female,Jharkhand,Sweaters,Zudio,5,550,30,3,No
4/11/2025 21:36,70,Female,Himachal Pradesh,Trousers,Levie's,1,573,10,2,Yes
4/11/2025 21:36,39,Female,Odisha,Skirts,Puma,2,427,25,5,Yes
4/11/2025 21:36,63,Male,Uttar Pradesh,Activewear,Pantaloons,7,851,25,3,Yes
4/11/2025 21:36,44,Male,Manipur,Activewear,Puma,5,440,20,1.5,No
4/11/2025 21:36,26,Male,Assam,Formal Wear,Adidas,6,873,30,5,Yes
4/11/2025 21:36,68,Female,Gujarat,Sweaters,H&M,7,955,20,3,No
4/11/2025 21:36,38,Male,Kerala,Activewear,Raymond,1,923,15,4,Yes
4/11/2025 21:36,34,Female,Karnataka,Undergarments,Puma,2,512,30,4,Yes
4/11/2025 21:36,29,Male,Meghalaya,Formal Wear,Pantaloons,4,532,10,4,Yes
4/11/2025 21:36,60,Male,Bihar,Ethnic Wear,Raymond,6,638,10,5,Yes
4/11/2025 21:36,35,Female,Punjab,Ethnic Wear,Levie's,1,447,25,5,No
4/11/2025 21:36,63,Male,Haryana,T-shirts,Nike,1,947,25,2.5,No
4/11/2025 21:36,64,Male,Maharashtra,Formal Wear,Levie's,3,655,30,4.5,No
4/11/2025 21:36,48,Female,Uttar Pradesh,Jeans,Levie's,4,520,30,4.5,No
4/11/2025 21:36,42,Female,Tripura,Sweaters,H&M,4,570,15,2.5,Yes
4/11/2025 21:36,52,Female,Telangana,T-shirts,Levie's,2,739,30,4,No
4/11/2025 21:36,53,Male,Sikkim,Sweaters,Pantaloons,5,564,10,3,No
4/11/2025 21:36,62,Female,Karnataka,Skirts,H&M,1,694,20,4.5,No
4/11/2025 21:36,21,Female,Manipur,Formal Wear,Puma,2,485,20,3.5,No
4/11/2025 21:36,21,Male,Maharashtra,Ethnic Wear,Nike,1,499,25,1.5,No
4/11/2025 21:36,55,Male,Uttar Pradesh,Undergarments,Nike,7,676,25,1,No
4/11/2025 21:36,70,Male,Manipur,Formal Wear,Nike,2,739,25,1.5,Yes
4/11/2025 21:36,19,Male,Karnataka,Undergarments,Pantaloons,5,562,30,2.5,No
4/11/2025 21:36,38,Male,Himachal Pradesh,Jackets,H&M,7,749,10,2.5,Yes
4/11/2025 21:36,43,Female,Rajasthan,Ethnic Wear,Adidas,7,610,15,2,No
4/11/2025 21:36,29,Female,Tamil Nadu,Shirts,Raymond,4,720,25,3,No
4/11/2025 21:36,59,Male,Punjab,Shirts,Adidas,3,525,25,3.5,No
4/11/2025 21:36,61,Male,Meghalaya,Jackets,Puma,4,772,15,4.5,Yes
4/11/2025 21:36,25,Female,Rajasthan,Dresses,Nike,4,503,10,2.5,No
4/11/2025 21:36,66,Female,West Bengal,Suits,Raymond,3,743,20,3.5,No
4/11/2025 21:36,23,Female,Uttarakhand,Jeans,Puma,1,552,20,4,Yes
4/11/2025 21:36,36,Female,Punjab,Sweaters,Pantaloons,2,698,15,2,No
4/11/2025 21:36,61,Male,Kerala,T-shirts,Pantaloons,2,483,15,1,Yes
4/11/2025 21:36,54,Female,Meghalaya,Formal Wear,Nike,2,432,20,1.5,No
4/11/2025 21:36,59,Female,Assam,Activewear,H&M,4,651,15,1,Yes
4/11/2025 21:36,70,Male,Tamil Nadu,Sweaters,Pantaloons,4,837,25,2.5,No
4/11/2025 21:36,26,Female,Odisha,Shirts,Levie's,1,861,30,2,Yes
4/11/2025 21:36,26,Female,Kerala,Ethnic Wear,Raymond,7,552,30,2.5,Yes
4/11/2025 21:36,46,Male,Tamil Nadu,Skirts,H&M,7,644,15,1.5,No
4/11/2025 21:36,21,Male,Haryana,Sleepwear,Zudio,5,678,20,5,No
4/11/2025 21:36,42,Female,Punjab,Dresses,Zudio,2,594,30,5,No
4/11/2025 21:36,66,Male,Goa,Shirts,H&M,2,1000,25,1,Yes
4/11/2025 21:36,35,Male,Sikkim,Trousers,Nike,6,584,20,2,Yes
4/11/2025 21:36,58,Female,Rajasthan,Skirts,Nike,1,923,10,3,Yes
4/11/2025 21:36,50,Female,Kerala,Shirts,Raymond,7,844,15,1,No
4/11/2025 21:36,28,Male,Jharkhand,T-shirts,Raymond,7,586,20,3.5,Yes
4/11/2025 21:36,57,Male,Bihar,Sweaters,Pantaloons,2,748,30,2,No
4/11/2025 21:36,48,Male,Nagaland,Shirts,Raymond,1,506,25,1,Yes
4/11/2025 21:36,64,Female,Meghalaya,Shirts,H&M,6,437,15,5,Yes
4/11/2025 21:36,70,Male,Tamil Nadu,Trousers,H&M,7,534,10,3,Yes
4/11/2025 21:36,18,Male,Arunachal Pradesh,Trousers,Pantaloons,7,415,30,1.5,No
4/11/2025 21:36,33,Male,Telangana,Sweaters,Pantaloons,3,417,25,3.5,Yes
4/11/2025 21:36,46,Male,Gujarat,Sleepwear,H&M,5,482,15,2,Yes
4/11/2025 21:36,40,Female,Uttarakhand,Undergarments,Nike,5,420,15,3,Yes
4/11/2025 21:36,19,Female,Madhya Pradesh,Sleepwear,H&M,7,959,15,5,Yes
4/11/2025 21:36,36,Female,Mizoram,T-shirts,Raymond,4,981,30,1.5,No
4/11/2025 21:36,28,Male,Assam,Jackets,H&M,7,443,20,1,Yes
4/11/2025 21:36,46,Male,Telangana,Trousers,Puma,6,797,25,1.5,No
4/11/2025 21:36,66,Female,Haryana,Dresses,Levie's,6,528,10,5,No
4/11/2025 21:36,37,Female,Manipur,Shirts,Raymond,4,979,20,1.5,Yes
4/11/2025 21:36,26,Male,Maharashtra,Sweaters,Zudio,4,448,10,4.5,No
4/11/2025 21:36,26,Female,Meghalaya,T-shirts,Zudio,7,884,10,2.5,No
4/11/2025 21:36,26,Female,Tamil Nadu,Suits,Zudio,3,833,10,2,Yes
4/11/2025 21:36,29,Male,Odisha,Ethnic Wear,Levie's,6,474,20,2,No
4/11/2025 21:36,39,Male,Assam,Jackets,Raymond,3,620,20,5,Yes
4/11/2025 21:36,62,Male,Assam,Formal Wear,Puma,3,877,15,4,No
4/11/2025 21:36,59,Female,Rajasthan,Ethnic Wear,Pantaloons,3,442,15,1.5,No
4/11/2025 21:36,26,Male,Gujarat,Dresses,Nike,2,490,30,2.5,Yes
4/11/2025 21:36,39,Male,Rajasthan,Jeans,Zudio,4,454,30,2,No
4/11/2025 21:36,44,Female,Sikkim,Ethnic Wear,Pantaloons,4,826,25,5,Yes
4/11/2025 21:36,26,Male,Telangana,Dresses,Adidas,5,449,20,3,Yes
4/11/2025 21:36,53,Male,Sikkim,Shorts,Pantaloons,6,798,30,3.5,No
4/11/2025 21:36,22,Female,West Bengal,Jeans,Pantaloons,1,928,20,4,Yes
4/11/2025 21:36,24,Male,Andhra Pradesh,Jeans,Raymond,4,844,10,3.5,Yes
4/11/2025 21:36,47,Male,Meghalaya,Jeans,H&M,7,448,15,2,No
4/11/2025 21:36,49,Female,Sikkim,Sweaters,H&M,6,657,30,5,Yes
4/11/2025 21:36,24,Male,Arunachal Pradesh,Undergarments,Levie's,4,745,20,2,No
4/11/2025 21:36,18,Female,Sikkim,Formal Wear,H&M,7,614,30,5,No
4/11/2025 21:36,56,Female,Himachal Pradesh,Dresses,Raymond,6,646,15,1,No
4/11/2025 21:36,54,Male,Telangana,Shirts,H&M,6,439,15,1.5,No
4/11/2025 21:36,66,Female,Mizoram,Trousers,Puma,1,700,15,1,Yes
4/11/2025 21:36,42,Male,Uttarakhand,Trousers,Raymond,1,627,10,3,Yes
4/11/2025 21:36,34,Male,Chhattisgarh,Skirts,Pantaloons,7,960,20,3,No
4/11/2025 21:36,38,Female,Arunachal Pradesh,Skirts,Levie's,5,716,15,3,Yes
4/11/2025 21:36,44,Male,Uttar Pradesh,Jeans,Levie's,5,926,30,3,Yes
4/11/2025 21:36,41,Male,Chhattisgarh,Jackets,Raymond,2,480,25,2,Yes
4/11/2025 21:36,67,Male,Bihar,Undergarments,Adidas,5,689,30,3.5,Yes
4/11/2025 21:36,57,Male,Tripura,Sleepwear,Raymond,2,960,25,2.5,No
4/11/2025 21:36,28,Male,Jharkhand,T-shirts,H&M,1,853,30,5,Yes
4/11/2025 21:36,47,Male,Gujarat,Shorts,Nike,1,828,30,3.5,No
4/11/2025 21:36,35,Male,Nagaland,Dresses,Levie's,1,844,10,1,Yes
4/11/2025 21:36,47,Male,Chhattisgarh,Suits,Zudio,2,838,25,2.5,No
4/11/2025 21:36,60,Male,Nagaland,Trousers,Raymond,5,408,10,4,No
4/11/2025 21:36,24,Female,Kerala,Jeans,Puma,2,784,10,2.5,No
4/11/2025 21:36,60,Female,Uttarakhand,Jackets,Nike,4,597,15,4,Yes
4/11/2025 21:36,18,Female,Punjab,Ethnic Wear,Puma,6,568,10,2,Yes
4/11/2025 21:36,36,Female,Andhra Pradesh,Shirts,Puma,1,795,15,1,Yes
4/11/2025 21:36,43,Male,Chhattisgarh,T-shirts,Zudio,1,455,10,3,No
4/11/2025 21:36,60,Male,Uttar Pradesh,Jackets,Zudio,7,943,20,2,No
4/11/2025 21:36,33,Female,Maharashtra,Ethnic Wear,Adidas,7,464,10,3.5,No
4/11/2025 21:36,34,Female,Nagaland,T-shirts,Levie's,1,827,30,1.5,Yes
4/11/2025 21:36,35,Female,Himachal Pradesh,Activewear,Zudio,1,529,30,3.5,No
4/11/2025 21:36,56,Female,Haryana,Activewear,Adidas,4,685,25,4,Yes
4/11/2025 21:36,54,Male,Jharkhand,Jeans,Levie's,1,793,20,4.5,Yes
4/11/2025 21:36,61,Female,Karnataka,Activewear,Levie's,3,473,10,2,Yes
4/11/2025 21:36,52,Male,Assam,Jackets,Levie's,7,426,10,2.5,No
4/11/2025 21:36,43,Male,Gujarat,Sleepwear,Adidas,5,626,10,3,No
4/11/2025 21:36,47,Male,Karnataka,Skirts,Pantaloons,1,749,25,4,Yes
4/11/2025 21:36,57,Male,Tripura,Dresses,Zudio,4,572,10,5,No
4/11/2025 21:36,28,Female,Gujarat,Activewear,Adidas,6,952,25,5,Yes
4/11/2025 21:36,50,Male,Karnataka,Sleepwear,Raymond,6,911,30,1,Yes
4/11/2025 21:36,26,Female,Arunachal Pradesh,Trousers,Zudio,4,626,20,2.5,Yes
4/11/2025 21:36,30,Male,Himachal Pradesh,Shirts,Raymond,1,695,15,2.5,Yes
4/11/2025 21:36,64,Female,Telangana,Skirts,Adidas,6,669,25,1.5,No
4/11/2025 21:36,19,Male,Punjab,Formal Wear,Pantaloons,3,567,20,1.5,Yes
4/11/2025 21:36,40,Male,Punjab,Sweaters,Pantaloons,4,940,25,5,No
4/11/2025 21:36,52,Male,Nagaland,Formal Wear,Adidas,5,841,20,2.5,No
4/11/2025 21:36,35,Female,Punjab,Formal Wear,Pantaloons,6,646,10,2.5,Yes
4/11/2025 21:36,52,Male,Sikkim,Activewear,Puma,4,708,20,2,Yes
4/11/2025 21:36,70,Male,Odisha,Dresses,Pantaloons,7,882,15,1.5,Yes
4/11/2025 21:36,60,Male,Odisha,Sleepwear,Nike,3,780,25,2,Yes
4/11/2025 21:36,41,Male,Himachal Pradesh,Skirts,Puma,6,862,25,1.5,Yes
4/11/2025 21:36,58,Female,Tamil Nadu,T-shirts,Puma,2,843,15,2,No
4/11/2025 21:36,37,Female,Uttar Pradesh,Shorts,Zudio,1,641,10,1,No
4/11/2025 21:36,30,Male,Goa,Sleepwear,Puma,4,562,30,5,Yes
4/11/2025 21:36,34,Male,Arunachal Pradesh,Jackets,Puma,1,551,10,1,Yes
4/11/2025 21:36,23,Female,Madhya Pradesh,Skirts,Raymond,3,520,10,5,No
4/11/2025 21:36,50,Male,Goa,Formal Wear,Adidas,1,702,30,4,No
4/11/2025 21:36,36,Male,West Bengal,Sweaters,Raymond,6,600,20,3.5,Yes
4/11/2025 21:36,62,Male,Haryana,Dresses,Nike,5,892,10,3.5,Yes
4/11/2025 21:36,60,Male,Uttarakhand,Activewear,Puma,4,940,20,3.5,No
4/11/2025 21:36,67,Male,Andhra Pradesh,Formal Wear,H&M,3,716,10,3.5,Yes
4/11/2025 21:36,67,Female,Madhya Pradesh,Formal Wear,Raymond,6,596,10,1,Yes
4/11/2025 21:36,20,Male,Gujarat,Undergarments,Adidas,5,646,25,4,No
4/11/2025 21:36,28,Female,Mizoram,Formal Wear,Puma,2,876,25,2,Yes
4/11/2025 21:36,52,Male,Sikkim,Jackets,Raymond,6,523,20,4,Yes
4/11/2025 21:36,30,Male,Punjab,Trousers,Pantaloons,5,606,20,5,No
4/11/2025 21:36,45,Female,Tamil Nadu,Dresses,Levie's,4,846,15,4.5,Yes
4/11/2025 21:36,67,Female,Telangana,T-shirts,Pantaloons,7,915,25,5,No
4/11/2025 21:36,39,Female,Odisha,Sweaters,Nike,4,886,15,5,Yes
4/11/2025 21:36,47,Male,Mizoram,Shorts,Puma,5,729,10,4,No
4/11/2025 21:36,34,Male,Maharashtra,Jeans,H&M,7,444,20,4.5,No
4/11/2025 21:36,31,Male,Assam,Jeans,Levie's,1,435,25,3,Yes
4/11/2025 21:36,53,Female,Nagaland,Undergarments,H&M,1,674,20,4,Yes
4/11/2025 21:36,65,Male,Meghalaya,T-shirts,Nike,1,972,10,3.5,No
4/11/2025 21:36,45,Male,West Bengal,T-shirts,Adidas,7,432,15,1.5,No
4/11/2025 21:36,33,Female,Uttar Pradesh,T-shirts,Pantaloons,7,658,20,4.5,No
4/11/2025 21:36,21,Male,Tripura,Shirts,Zudio,3,847,25,2,No
4/11/2025 21:36,55,Male,Manipur,Undergarments,Raymond,2,945,20,3,Yes
4/11/2025 21:36,22,Male,Andhra Pradesh,Formal Wear,Pantaloons,6,649,10,4.5,No
4/11/2025 21:36,28,Female,Mizoram,Undergarments,Zudio,2,969,15,4.5,Yes
4/11/2025 21:36,68,Female,Uttarakhand,T-shirts,Adidas,2,674,30,4.5,Yes
4/11/2025 21:36,19,Male,Mizoram,Suits,Pantaloons,2,765,30,1.5,No
4/11/2025 21:36,30,Female,Karnataka,Shirts,Pantaloons,5,640,25,5,Yes
4/11/2025 21:36,45,Female,Himachal Pradesh,Activewear,Nike,3,777,30,5,Yes
4/11/2025 21:36,24,Male,Andhra Pradesh,T-shirts,Raymond,4,650,15,4.5,No
4/11/2025 21:36,70,Male,Uttarakhand,Skirts,Adidas,2,592,30,4,No
4/11/2025 21:36,70,Male,Maharashtra,Ethnic Wear,Levie's,5,740,15,4,Yes
4/11/2025 21:36,19,Male,Nagaland,Dresses,Adidas,4,705,15,4.5,No
4/11/2025 21:36,49,Male,Haryana,Jeans,Pantaloons,2,992,20,2.5,No
4/11/2025 21:36,42,Female,Arunachal Pradesh,Jackets,Zudio,2,525,10,5,No
4/11/2025 21:36,36,Male,West Bengal,Activewear,Nike,7,863,30,5,Yes
4/11/2025 21:36,39,Female,Goa,Formal Wear,Adidas,2,454,10,3.5,No
4/11/2025 21:36,33,Female,Andhra Pradesh,Formal Wear,Puma,3,709,10,3,No
4/11/2025 21:36,48,Male,Chhattisgarh,Dresses,Levie's,7,407,20,1.5,No
4/11/2025 21:36,22,Male,Telangana,Sleepwear,H&M,3,782,25,3.5,Yes
4/11/2025 21:36,60,Male,Chhattisgarh,T-shirts,Zudio,7,888,25,3.5,Yes
4/11/2025 21:36,24,Female,Karnataka,Sweaters,Adidas,6,532,30,2,Yes
4/11/2025 21:36,45,Male,Karnataka,Undergarments,Adidas,1,703,25,2,Yes
4/11/2025 21:36,68,Male,Sikkim,Skirts,Pantaloons,2,489,10,3.5,No
4/11/2025 21:36,49,Male,Tamil Nadu,Dresses,Puma,4,503,30,2.5,No
4/11/2025 21:36,57,Female,Sikkim,Sleepwear,Zudio,7,477,20,1.5,No
4/11/2025 21:36,54,Female,Tripura,Undergarments,Adidas,3,687,20,4.5,Yes
4/11/2025 21:36,31,Female,Andhra Pradesh,Trousers,Puma,6,846,25,2.5,Yes
4/11/2025 21:36,40,Female,Punjab,Activewear,Puma,4,541,15,4.5,No
4/11/2025 21:36,61,Male,Telangana,Skirts,Raymond,3,602,25,4,No
4/11/2025 21:36,49,Female,Assam,T-shirts,Adidas,6,832,10,2.5,Yes
4/11/2025 21:36,68,Female,Manipur,Ethnic Wear,H&M,7,585,30,4.5,No
4/11/2025 21:36,33,Female,Punjab,Formal Wear,Raymond,2,941,25,3,Yes
4/11/2025 21:36,65,Female,Mizoram,Shirts,Zudio,2,762,20,4.5,Yes
4/11/2025 21:36,70,Female,Sikkim,Ethnic Wear,Pantaloons,1,744,15,4,No
4/11/2025 21:36,22,Male,Punjab,Suits,H&M,1,780,15,2,Yes
4/11/2025 21:36,69,Female,Rajasthan,Shorts,Raymond,4,783,10,4.5,Yes
4/11/2025 21:36,60,Male,Nagaland,Ethnic Wear,Pantaloons,4,423,25,1,Yes
4/11/2025 21:36,24,Male,Manipur,Jeans,Nike,1,421,20,4,No
4/11/2025 21:36,18,Male,Uttar Pradesh,Activewear,Zudio,1,523,10,3,Yes
4/11/2025 21:36,42,Female,Uttarakhand,Sleepwear,H&M,2,694,15,1,No
4/11/2025 21:36,53,Female,Goa,Suits,Adidas,2,643,10,5,Yes
4/11/2025 21:36,36,Male,Sikkim,Jackets,Adidas,1,408,30,2,No
4/11/2025 21:36,18,Male,Odisha,Formal Wear,H&M,7,795,25,3.5,No
4/11/2025 21:36,58,Male,Tamil Nadu,Ethnic Wear,H&M,3,884,15,4,Yes
4/11/2025 21:36,35,Female,Madhya Pradesh,Skirts,Raymond,5,906,25,3.5,Yes
4/11/2025 21:36,38,Male,Sikkim,Activewear,Raymond,3,784,15,1.5,Yes
4/11/2025 21:36,54,Male,Andhra Pradesh,Shirts,Pantaloons,6,469,10,1,No
4/11/2025 21:36,33,Female,Bihar,Formal Wear,Levie's,6,404,25,4,Yes
4/11/2025 21:36,39,Male,Himachal Pradesh,Activewear,Raymond,6,538,10,3,No
4/11/2025 21:36,24,Female,Tamil Nadu,Formal Wear,Adidas,1,996,20,2.5,Yes
4/11/2025 21:36,35,Male,Meghalaya,T-shirts,Nike,3,937,30,2,Yes
4/11/2025 21:36,33,Male,Assam,Jackets,Nike,4,768,15,4,Yes
4/11/2025 21:36,69,Male,Madhya Pradesh,Sweaters,Nike,1,560,15,3,No
4/11/2025 21:36,23,Female,Punjab,Undergarments,Puma,6,643,20,3.5,Yes
4/11/2025 21:36,23,Male,Chhattisgarh,Shorts,Adidas,5,782,25,5,No
4/11/2025 21:36,52,Female,Sikkim,Formal Wear,Pantaloons,1,416,15,2.5,Yes
4/11/2025 21:36,52,Female,Andhra Pradesh,Skirts,Zudio,6,445,15,2.5,No
4/11/2025 21:36,24,Male,Sikkim,Ethnic Wear,Raymond,4,866,30,3.5,Yes
4/11/2025 21:36,21,Female,Jharkhand,Undergarments,Adidas,2,866,30,5,Yes
4/11/2025 21:36,49,Male,Karnataka,Jeans,Pantaloons,2,778,20,4,Yes
4/11/2025 21:36,43,Male,Tripura,Undergarments,Levie's,4,840,20,5,Yes
4/11/2025 21:36,50,Male,Meghalaya,Ethnic Wear,Adidas,2,583,30,1,Yes
4/11/2025 21:36,21,Female,Assam,Trousers,Zudio,4,491,30,2.5,No
4/11/2025 21:36,52,Male,Himachal Pradesh,Jackets,Pantaloons,5,862,25,3,Yes
4/11/2025 21:36,47,Male,Odisha,Dresses,Levie's,3,969,10,4,Yes
4/11/2025 21:36,43,Male,Punjab,T-shirts,Adidas,6,901,25,4,Yes
4/11/2025 21:36,27,Male,Gujarat,Formal Wear,Nike,7,643,15,3.5,Yes
4/11/2025 21:36,26,Female,Nagaland,Ethnic Wear,Puma,1,822,20,3,Yes
4/11/2025 21:36,27,Female,Mizoram,Trousers,Puma,2,872,30,2,Yes
4/11/2025 21:36,57,Male,Tripura,T-shirts,Puma,7,693,25,3,No
4/11/2025 21:36,67,Female,Nagaland,Sleepwear,Pantaloons,1,476,25,1.5,No
4/11/2025 21:36,52,Male,Odisha,Sleepwear,Raymond,7,498,10,1.5,No
4/11/2025 21:36,60,Female,Tripura,Sleepwear,Zudio,4,548,25,4,No
4/11/2025 21:36,23,Female,Telangana,Undergarments,Adidas,3,450,20,3,No
4/11/2025 21:36,29,Female,Mizoram,T-shirts,H&M,1,870,10,4.5,Yes
4/11/2025 21:36,34,Female,Chhattisgarh,Skirts,Levie's,1,741,20,3,Yes
4/11/2025 21:36,62,Female,Mizoram,Suits,Zudio,7,854,30,4,Yes
4/11/2025 21:36,66,Female,Sikkim,Shirts,Nike,3,509,15,3,No
4/11/2025 21:36,53,Male,Punjab,Suits,Pantaloons,7,447,20,2.5,Yes
4/11/2025 21:36,50,Female,Tripura,Sleepwear,Zudio,7,447,25,4,Yes
4/11/2025 21:36,55,Male,Tripura,Sleepwear,Puma,5,642,15,3.5,No
4/11/2025 21:36,20,Male,Bihar,Jeans,Levie's,4,402,10,3.5,No
4/11/2025 21:36,27,Female,Bihar,Jeans,Nike,1,544,10,2,No
4/11/2025 21:36,67,Male,Punjab,Dresses,H&M,2,482,15,4,Yes
4/11/2025 21:36,25,Female,Nagaland,Ethnic Wear,Zudio,3,767,25,4.5,No
4/11/2025 21:36,18,Male,Arunachal Pradesh,Undergarments,Raymond,1,737,30,5,No
4/11/2025 21:36,45,Male,Arunachal Pradesh,Trousers,Levie's,5,543,20,2,No
4/11/2025 21:36,38,Female,Gujarat,Dresses,Levie's,3,748,15,3,No
4/11/2025 21:36,70,Male,Andhra Pradesh,Jeans,Raymond,2,994,30,3.5,Yes
4/11/2025 21:36,29,Female,Rajasthan,Activewear,Puma,3,875,10,4.5,Yes
4/11/2025 21:36,47,Female,Uttar Pradesh,Sleepwear,Nike,4,615,10,5,No
4/11/2025 21:36,66,Male,Assam,Trousers,Raymond,1,693,15,4,Yes
4/11/2025 21:36,57,Female,Maharashtra,Dresses,Levie's,7,413,30,2.5,No
4/11/2025 21:36,56,Male,Uttarakhand,Sleepwear,Levie's,7,793,10,5,No
4/11/2025 21:36,20,Female,Manipur,Jackets,Puma,7,993,20,4,No
4/11/2025 21:36,26,Female,Bihar,Sleepwear,Levie's,6,518,15,2,No
4/11/2025 21:36,20,Female,Nagaland,Shirts,Adidas,1,666,10,1.5,No
4/11/2025 21:36,67,Female,Haryana,Activewear,Levie's,7,586,20,4,Yes
4/11/2025 21:36,24,Female,Bihar,Skirts,Zudio,5,906,30,1.5,Yes
4/11/2025 21:36,41,Female,Uttar Pradesh,Skirts,Levie's,3,492,30,2.5,Yes
4/11/2025 21:36,28,Female,Sikkim,T-shirts,Raymond,4,958,30,4.5,Yes
4/11/2025 21:36,54,Male,Nagaland,Jeans,Zudio,2,752,20,4.5,No
4/11/2025 21:36,58,Female,Haryana,Shirts,Nike,2,790,20,1,No
4/11/2025 21:36,19,Male,Mizoram,T-shirts,Raymond,7,473,10,4,Yes
4/11/2025 21:36,49,Male,Bihar,T-shirts,Levie's,1,804,10,5,Yes
4/11/2025 21:36,40,Male,Sikkim,Dresses,H&M,6,955,20,4,Yes
4/11/2025 21:36,41,Male,Mizoram,Ethnic Wear,Nike,3,514,15,1,Yes
4/11/2025 21:36,52,Male,Goa,Dresses,Zudio,3,540,30,4,Yes
4/11/2025 21:36,63,Female,Rajasthan,Activewear,Nike,1,961,20,3.5,No
4/11/2025 21:36,46,Female,Odisha,Ethnic Wear,Pantaloons,5,868,30,3,No
4/11/2025 21:36,32,Female,Tamil Nadu,Jeans,Levie's,1,503,20,2.5,No
4/11/2025 21:36,47,Female,Madhya Pradesh,Suits,Pantaloons,5,873,25,1.5,Yes
4/11/2025 21:36,37,Male,Jharkhand,Shirts,Nike,2,760,30,3,No
4/11/2025 21:36,66,Male,Meghalaya,Formal Wear,Levie's,7,546,30,2,No
4/11/2025 21:36,32,Female,Telangana,T-shirts,Puma,1,520,25,2.5,Yes
4/11/2025 21:36,42,Female,Uttarakhand,Jeans,Adidas,2,609,10,1,No
4/11/2025 21:36,63,Male,Uttar Pradesh,Jeans,Zudio,7,992,20,1.5,No
4/11/2025 21:36,44,Male,Manipur,Sleepwear,Puma,7,581,30,3.5,Yes
4/11/2025 21:36,22,Female,Nagaland,Ethnic Wear,Raymond,4,469,25,1,No
4/11/2025 21:36,18,Female,Assam,Jeans,Levie's,2,758,15,1,Yes
4/11/2025 21:36,65,Female,Maharashtra,Ethnic Wear,Puma,1,421,15,1,No
4/11/2025 21:36,54,Female,Manipur,Shirts,Adidas,5,729,20,2,No
4/11/2025 21:36,24,Male,Madhya Pradesh,Sleepwear,H&M,4,554,30,3,Yes
4/11/2025 21:36,64,Male,Chhattisgarh,Skirts,H&M,6,416,15,3.5,Yes
4/11/2025 21:36,41,Female,Jharkhand,Shirts,Zudio,2,760,15,3.5,Yes
4/11/2025 21:36,59,Male,West Bengal,Sleepwear,Nike,5,810,25,1.5,Yes
4/11/2025 21:36,33,Male,Punjab,Sweaters,Levie's,1,467,10,3.5,Yes
4/11/2025 21:36,55,Male,Uttarakhand,Undergarments,Levie's,7,576,20,1,Yes
4/11/2025 21:36,47,Female,Uttar Pradesh,Skirts,Nike,7,605,10,3.5,No
4/11/2025 21:36,52,Female,Assam,Suits,Raymond,5,458,15,4.5,Yes
4/11/2025 21:36,67,Female,Sikkim,Shorts,Nike,4,554,20,1,No
4/11/2025 21:36,36,Female,Assam,Sleepwear,Puma,7,566,20,2.5,Yes
4/11/2025 21:36,28,Male,Meghalaya,T-shirts,Levie's,6,461,10,4.5,Yes
4/11/2025 21:36,69,Male,Uttarakhand,Ethnic Wear,Puma,7,449,30,2.5,No
4/11/2025 21:36,46,Female,Gujarat,Shirts,H&M,7,910,20,1.5,Yes
4/11/2025 21:36,69,Female,Telangana,Suits,Levie's,6,616,25,3.5,Yes
4/11/2025 21:36,42,Female,Manipur,Trousers,Nike,6,950,20,1.5,No
4/11/2025 21:36,64,Female,Chhattisgarh,Trousers,Pantaloons,5,617,25,5,Yes
4/11/2025 21:36,59,Female,Odisha,Sweaters,Zudio,2,898,25,1.5,No
4/11/2025 21:36,64,Female,Chhattisgarh,Jeans,Adidas,6,690,20,5,Yes
4/11/2025 21:36,33,Male,Maharashtra,Ethnic Wear,Levie's,6,834,10,1,Yes
4/11/2025 21:36,48,Male,Nagaland,Jackets,Adidas,4,828,25,2.5,Yes
4/11/2025 21:36,44,Male,Uttarakhand,Activewear,Pantaloons,4,436,25,3,Yes
4/11/2025 21:36,46,Male,Mizoram,Shorts,Raymond,2,536,10,1,No
4/11/2025 21:36,24,Female,Punjab,T-shirts,H&M,3,467,10,1.5,No
4/11/2025 21:36,39,Female,Haryana,Activewear,Levie's,2,570,10,1,Yes
4/11/2025 21:36,48,Male,Gujarat,Formal Wear,Adidas,3,480,15,3.5,Yes
4/11/2025 21:36,33,Female,Andhra Pradesh,Activewear,H&M,3,888,20,2,No
4/11/2025 21:36,64,Female,Kerala,Formal Wear,H&M,1,776,15,4.5,Yes
4/11/2025 21:36,69,Male,Haryana,Suits,Puma,7,432,25,2.5,No
4/11/2025 21:36,36,Female,West Bengal,Jackets,Adidas,6,815,15,2,No
4/11/2025 21:36,55,Female,Meghalaya,Formal Wear,Levie's,6,914,20,2,No
4/11/2025 21:36,41,Male,Karnataka,Suits,H&M,4,755,20,2.5,No
4/11/2025 21:36,66,Female,Punjab,Sleepwear,Raymond,5,450,15,4.5,No
4/11/2025 21:36,53,Female,Manipur,Shorts,Puma,6,776,30,2.5,No
4/11/2025 21:36,54,Male,Chhattisgarh,Sleepwear,Pantaloons,7,916,20,4.5,Yes
4/11/2025 21:36,26,Male,Andhra Pradesh,Sleepwear,Pantaloons,3,850,20,3.5,Yes
4/11/2025 21:36,69,Male,Chhattisgarh,Suits,Nike,1,413,25,2,No
4/11/2025 21:36,48,Male,Gujarat,Activewear,Puma,5,741,20,1.5,No
4/11/2025 21:36,64,Male,Himachal Pradesh,Sleepwear,Pantaloons,5,652,20,2.5,Yes
4/11/2025 21:36,52,Male,Mizoram,Sleepwear,Nike,3,682,30,3,No
4/11/2025 21:36,50,Male,Kerala,Undergarments,H&M,5,891,15,4,Yes
4/11/2025 21:36,34,Male,Andhra Pradesh,Trousers,Puma,6,720,30,4.5,No
4/11/2025 21:36,59,Male,Assam,Dresses,Levie's,5,779,25,1,No
4/11/2025 21:36,50,Female,Rajasthan,Dresses,Zudio,7,976,20,1.5,No
4/11/2025 21:36,59,Female,Tamil Nadu,Suits,Puma,3,909,20,2.5,No
4/11/2025 21:36,29,Male,Chhattisgarh,Activewear,Raymond,3,809,20,1,No
4/11/2025 21:36,37,Female,Chhattisgarh,T-shirts,Levie's,5,524,25,4,No
4/11/2025 21:36,66,Female,Meghalaya,Skirts,Nike,1,812,10,3.5,No
4/11/2025 21:36,24,Female,Madhya Pradesh,Undergarments,Raymond,2,778,15,1.5,Yes
4/11/2025 21:36,54,Female,Gujarat,T-shirts,H&M,4,881,30,4.5,Yes
4/11/2025 21:36,62,Male,Himachal Pradesh,Undergarments,Puma,7,585,30,5,Yes
4/11/2025 21:36,46,Female,Rajasthan,Dresses,Adidas,2,625,30,4.5,Yes
4/11/2025 21:36,34,Male,Rajasthan,Jeans,Puma,1,706,20,4.5,No
4/11/2025 21:36,39,Male,Tripura,Dresses,Adidas,7,603,20,3,Yes
4/11/2025 21:36,69,Female,Andhra Pradesh,Sleepwear,Zudio,5,761,20,2,Yes
4/11/2025 21:36,46,Female,Odisha,Ethnic Wear,H&M,2,499,10,2,No
4/11/2025 21:36,68,Male,Tripura,Trousers,Puma,7,612,15,3,No
4/11/2025 21:36,63,Female,Jharkhand,Shorts,Adidas,5,754,10,3,Yes
4/11/2025 21:36,43,Male,Goa,Suits,Zudio,6,608,30,3,Yes
4/11/2025 21:36,62,Male,Himachal Pradesh,Jeans,H&M,5,885,25,3,Yes
4/11/2025 21:36,47,Male,Nagaland,Suits,Levie's,6,562,25,4.5,Yes
4/11/2025 21:36,33,Male,Uttar Pradesh,Dresses,Puma,1,488,25,1.5,No
4/11/2025 21:36,21,Female,Manipur,Trousers,Pantaloons,3,493,10,4,Yes
4/11/2025 21:36,60,Female,Uttarakhand,Dresses,Nike,5,793,30,2,Yes
4/11/2025 21:36,69,Female,Andhra Pradesh,Sweaters,Levie's,2,710,20,4,Yes
4/11/2025 21:36,26,Female,Tamil Nadu,Jeans,Puma,2,968,30,3.5,Yes
4/11/2025 21:36,29,Female,Karnataka,Sweaters,Levie's,4,549,15,3.5,Yes
4/11/2025 21:36,26,Female,Jharkhand,T-shirts,Pantaloons,3,906,15,3.5,No
4/11/2025 21:36,30,Male,Bihar,Sleepwear,Nike,1,592,25,4.5,No
4/11/2025 21:36,47,Female,Maharashtra,Shirts,H&M,6,460,10,1,Yes
4/11/2025 21:36,50,Female,Gujarat,Suits,Adidas,2,452,15,3,No
4/11/2025 21:36,35,Male,Punjab,T-shirts,Adidas,7,687,25,4.5,Yes
4/11/2025 21:36,22,Female,Himachal Pradesh,Jackets,Nike,4,569,10,4.5,No
4/11/2025 21:36,62,Male,Goa,Sleepwear,Zudio,2,586,25,2,Yes
4/11/2025 21:36,29,Female,Sikkim,Ethnic Wear,Pantaloons,4,970,30,4.5,No
4/11/2025 21:36,44,Female,Kerala,Undergarments,Raymond,2,907,20,1.5,Yes
4/11/2025 21:36,24,Male,Mizoram,Suits,Levie's,5,536,15,5,No
4/11/2025 21:36,18,Female,Goa,Sleepwear,Adidas,1,600,20,3.5,No
4/11/2025 21:36,29,Female,Mizoram,Skirts,Adidas,5,465,15,3,Yes
4/11/2025 21:36,52,Male,Jharkhand,Suits,Raymond,3,879,15,2,No
4/11/2025 21:36,46,Female,Punjab,Ethnic Wear,Zudio,3,562,20,3,No
4/11/2025 21:36,30,Female,Karnataka,Undergarments,Raymond,2,979,25,2,No
4/11/2025 21:36,67,Male,Bihar,Suits,Pantaloons,4,916,15,1,No
4/11/2025 21:36,50,Male,Jharkhand,Shorts,H&M,4,431,20,4,No
4/11/2025 21:36,31,Female,Uttarakhand,Ethnic Wear,Levie's,2,576,25,4.5,No
4/11/2025 21:36,37,Male,Tripura,Activewear,H&M,5,670,30,5,No
4/11/2025 21:36,59,Male,Rajasthan,Jackets,Zudio,5,807,25,4.5,Yes
4/11/2025 21:36,23,Female,Haryana,Sweaters,Nike,2,912,25,3,Yes
4/11/2025 21:36,40,Male,Assam,Skirts,Raymond,3,529,20,2,No
4/11/2025 21:36,22,Male,Jharkhand,Jeans,Pantaloons,1,762,10,3.5,Yes
4/11/2025 21:36,45,Female,Punjab,Jeans,Levie's,6,534,25,2.5,No
4/11/2025 21:36,28,Male,Chhattisgarh,Jackets,Adidas,1,432,25,3.5,Yes
4/11/2025 21:36,23,Female,Manipur,Suits,Raymond,2,747,10,2.5,No
4/11/2025 21:36,66,Female,Tamil Nadu,Shirts,Adidas,2,698,20,1,Yes
4/11/2025 21:36,42,Male,Mizoram,Ethnic Wear,H&M,3,450,25,2,Yes
4/11/2025 21:36,69,Female,Goa,Formal Wear,Levie's,2,644,20,1.5,Yes
4/11/2025 21:36,44,Female,Rajasthan,Suits,Zudio,5,875,20,2,Yes
4/11/2025 21:36,46,Male,Andhra Pradesh,T-shirts,Levie's,6,849,15,3.5,No
4/11/2025 21:36,58,Male,Jharkhand,Shorts,Adidas,1,802,15,2.5,No
4/11/2025 21:36,31,Male,Bihar,Jackets,Zudio,7,419,10,4.5,Yes
4/11/2025 21:36,24,Female,Goa,Skirts,Pantaloons,1,434,10,5,Yes
4/11/2025 21:36,39,Male,Uttar Pradesh,Sweaters,Puma,3,528,20,2,No
4/11/2025 21:36,20,Female,Tripura,Sweaters,Adidas,6,943,10,4.5,No
4/11/2025 21:36,59,Female,Goa,Sleepwear,Zudio,6,426,15,3.5,No
4/11/2025 21:36,69,Female,Nagaland,Sleepwear,Nike,2,773,25,4,Yes
4/11/2025 21:36,45,Female,Maharashtra,Trousers,Puma,4,437,30,2.5,No
4/11/2025 21:36,52,Male,Gujarat,Ethnic Wear,H&M,3,804,10,3,Yes
4/11/2025 21:36,70,Male,Kerala,Skirts,H&M,3,479,10,1.5,No
4/11/2025 21:36,25,Male,Tripura,Shorts,Zudio,2,807,10,3.5,No
4/11/2025 21:36,26,Female,Madhya Pradesh,Undergarments,Pantaloons,4,420,10,2.5,No
4/11/2025 21:36,18,Female,Mizoram,Suits,Pantaloons,6,817,20,4.5,No
4/11/2025 21:36,45,Male,Gujarat,Dresses,H&M,6,916,20,3,Yes
4/11/2025 21:36,30,Female,Uttarakhand,Suits,Puma,2,470,30,4.5,Yes
4/11/2025 21:36,53,Female,Karnataka,Trousers,Puma,3,661,25,3.5,No
4/11/2025 21:36,60,Female,Mizoram,Ethnic Wear,Levie's,2,493,25,2,Yes
4/11/2025 21:36,51,Male,Karnataka,Dresses,H&M,2,913,15,2.5,Yes
4/11/2025 21:36,21,Male,Uttarakhand,Sleepwear,Adidas,2,465,15,4,Yes
4/11/2025 21:36,69,Female,Arunachal Pradesh,Trousers,Raymond,7,550,25,1.5,No
4/11/2025 21:36,23,Male,Tripura,Shirts,Pantaloons,3,608,15,2.5,Yes
4/11/2025 21:36,18,Male,Manipur,Suits,Raymond,5,490,10,3.5,No
4/11/2025 21:36,18,Male,Gujarat,Jackets,Puma,5,978,15,4,No
4/11/2025 21:36,23,Female,Gujarat,Shirts,Adidas,1,414,15,4,Yes
4/11/2025 21:36,52,Female,Himachal Pradesh,Activewear,Levie's,5,811,20,1,No
4/11/2025 21:36,56,Male,Nagaland,Trousers,Zudio,1,928,25,3,No
4/11/2025 21:36,54,Male,Rajasthan,Ethnic Wear,H&M,1,410,20,4.5,Yes
4/11/2025 21:36,53,Male,Maharashtra,Shorts,Puma,7,1000,15,3.5,Yes
4/11/2025 21:36,60,Male,Punjab,Dresses,H&M,4,995,25,3,Yes
4/11/2025 21:36,52,Male,Karnataka,Dresses,Nike,3,752,25,2.5,No
4/11/2025 21:36,53,Female,Punjab,Activewear,Zudio,4,710,30,3,Yes
4/11/2025 21:36,43,Female,Manipur,Formal Wear,Levie's,7,540,30,3.5,No
4/11/2025 21:36,26,Male,Karnataka,Ethnic Wear,Pantaloons,6,613,20,2.5,No
4/11/2025 21:36,50,Male,Telangana,Shirts,Nike,1,620,10,3.5,No
4/11/2025 21:36,67,Female,West Bengal,Skirts,H&M,5,652,30,4.5,Yes
4/11/2025 21:36,24,Female,Himachal Pradesh,Suits,Raymond,2,571,25,3,Yes
4/11/2025 21:36,56,Male,Nagaland,Skirts,Raymond,5,748,25,2.5,Yes
4/11/2025 21:36,32,Female,Gujarat,Shorts,H&M,7,754,10,4.5,No
4/11/2025 21:36,23,Male,West Bengal,Jackets,Raymond,6,532,20,4.5,Yes
4/11/2025 21:36,41,Male,West Bengal,Undergarments,Levie's,6,647,30,2.5,Yes
4/11/2025 21:36,25,Female,Arunachal Pradesh,Jackets,Adidas,1,515,25,4,No
4/11/2025 21:36,30,Male,Chhattisgarh,Skirts,Adidas,1,824,30,3.5,No
4/11/2025 21:36,45,Female,Assam,T-shirts,Adidas,7,810,20,1.5,Yes
4/11/2025 21:36,70,Male,Telangana,Jackets,Pantaloons,5,824,30,3.5,Yes
4/11/2025 21:36,28,Female,Uttarakhand,Activewear,Zudio,1,408,25,4.5,No
4/11/2025 21:36,70,Female,Bihar,Ethnic Wear,Raymond,5,595,20,1,No
4/11/2025 21:36,52,Male,Manipur,Undergarments,Levie's,3,966,30,1,Yes
4/11/2025 21:36,57,Female,Manipur,Ethnic Wear,Pantaloons,6,707,20,1.5,Yes
4/11/2025 21:36,24,Male,Assam,T-shirts,H&M,2,995,20,3,No
4/11/2025 21:36,58,Female,Sikkim,Dresses,Nike,6,518,20,2,No
4/11/2025 21:36,43,Male,Himachal Pradesh,Suits,Nike,2,770,30,2,No
4/11/2025 21:36,21,Female,Goa,Trousers,Zudio,3,817,10,3,No
4/11/2025 21:36,28,Female,Tamil Nadu,Sleepwear,Pantaloons,5,555,20,4.5,Yes
4/11/2025 21:36,29,Male,Gujarat,Activewear,Pantaloons,4,509,25,1,No
4/11/2025 21:36,25,Female,Manipur,Suits,Nike,5,634,15,4.5,Yes
4/11/2025 21:36,44,Male,Odisha,T-shirts,Zudio,3,782,20,1.5,No
4/11/2025 21:36,22,Female,Andhra Pradesh,Jeans,Zudio,6,829,25,3.5,Yes
4/11/2025 21:36,36,Female,Nagaland,Sweaters,Pantaloons,6,817,25,1.5,Yes
4/11/2025 21:36,52,Male,Uttarakhand,Suits,Levie's,7,474,25,2.5,No
4/11/2025 21:36,48,Female,Bihar,Trousers,Levie's,7,568,25,2,No
4/11/2025 21:36,70,Female,Manipur,Suits,Levie's,5,884,15,4.5,No
4/11/2025 21:36,64,Female,Nagaland,Activewear,H&M,6,912,30,5,Yes
4/11/2025 21:36,68,Male,Nagaland,Sleepwear,Zudio,6,953,25,4.5,Yes
4/11/2025 21:36,44,Female,Gujarat,Sweaters,Zudio,5,658,20,2.5,Yes
4/11/2025 21:36,34,Male,Meghalaya,Skirts,Zudio,7,646,20,1,Yes
4/11/2025 21:36,61,Female,Manipur,Undergarments,Levie's,1,658,20,4,Yes
4/11/2025 21:36,35,Male,Madhya Pradesh,Jeans,Zudio,2,729,30,3,No
4/11/2025 21:36,34,Male,Punjab,Activewear,Levie's,6,681,30,1,Yes
4/11/2025 21:36,50,Male,Punjab,Sleepwear,Pantaloons,7,564,10,5,Yes
4/11/2025 21:36,38,Female,Odisha,Formal Wear,Puma,5,601,15,1,No
4/11/2025 21:36,24,Female,Kerala,Jackets,Raymond,5,999,25,2,Yes
4/11/2025 21:36,55,Male,Odisha,T-shirts,H&M,5,1000,30,2,Yes
4/11/2025 21:36,68,Male,West Bengal,Activewear,Levie's,2,692,30,5,No
4/11/2025 21:36,19,Male,Kerala,Shorts,Pantaloons,7,912,15,3,No
4/11/2025 21:36,44,Female,Uttarakhand,Trousers,Raymond,4,818,30,4.5,Yes
4/11/2025 21:36,68,Male,Punjab,Sweaters,Zudio,5,964,15,3,Yes
4/11/2025 21:36,20,Female,Odisha,Shirts,Zudio,3,616,30,4.5,Yes
4/11/2025 21:36,32,Female,Chhattisgarh,Jackets,Levie's,5,463,20,4,Yes
4/11/2025 21:36,28,Male,West Bengal,Jackets,Pantaloons,1,448,30,2,Yes
4/11/2025 21:36,22,Female,Arunachal Pradesh,Sweaters,Raymond,5,786,10,1,No
4/11/2025 21:36,22,Female,Arunachal Pradesh,Suits,Adidas,2,574,15,4,Yes
4/11/2025 21:36,59,Male,Uttarakhand,Jackets,Levie's,5,903,20,4.5,Yes
4/11/2025 21:36,36,Male,Kerala,T-shirts,Adidas,4,666,10,4.5,Yes
4/11/2025 21:36,65,Male,Assam,Activewear,Levie's,6,608,25,2,No
4/11/2025 21:36,23,Male,Telangana,Shirts,Nike,7,512,30,3,No
4/11/2025 21:36,24,Female,Uttarakhand,Trousers,Puma,1,677,15,5,No
4/11/2025 21:36,20,Female,Uttar Pradesh,Skirts,Raymond,4,712,30,4.5,Yes
4/11/2025 21:36,28,Male,Mizoram,Undergarments,Pantaloons,6,643,15,4.5,No
4/11/2025 21:36,69,Male,Arunachal Pradesh,Trousers,Adidas,6,520,20,3.5,No
4/11/2025 21:36,20,Female,Karnataka,Sweaters,Zudio,7,721,20,1.5,Yes
4/11/2025 21:36,67,Female,West Bengal,Jackets,Raymond,3,475,10,1.5,No
4/11/2025 21:36,25,Male,Jharkhand,Undergarments,Adidas,7,595,30,5,Yes
4/11/2025 21:36,31,Female,Jharkhand,Jackets,Raymond,4,554,15,5,Yes
4/11/2025 21:36,59,Male,Punjab,Shirts,Adidas,6,885,15,5,No
4/11/2025 21:36,69,Female,Himachal Pradesh,Dresses,Zudio,4,418,30,2,No
4/11/2025 21:36,69,Female,Jharkhand,Sleepwear,Puma,1,796,10,3.5,Yes
4/11/2025 21:36,49,Male,Meghalaya,Sleepwear,Adidas,2,426,15,4,Yes
4/11/2025 21:36,63,Female,Mizoram,Shorts,Adidas,2,917,25,1,No
4/11/2025 21:36,27,Male,Madhya Pradesh,Shirts,Puma,3,868,15,3.5,No
4/11/2025 21:36,61,Female,Karnataka,Sweaters,Nike,1,567,10,3.5,Yes
4/11/2025 21:36,29,Female,Mizoram,Ethnic Wear,Raymond,2,635,25,4.5,No
4/11/2025 21:36,61,Male,Haryana,Sleepwear,Levie's,5,663,15,5,Yes
4/11/2025 21:36,29,Female,Rajasthan,Sweaters,Adidas,6,431,15,2,No
4/11/2025 21:36,70,Male,Madhya Pradesh,Activewear,Puma,5,991,10,4.5,No
4/11/2025 21:36,50,Female,Manipur,Jeans,H&M,1,541,20,1,No
4/11/2025 21:36,23,Male,Bihar,Trousers,Zudio,2,473,15,5,Yes
4/11/2025 21:36,44,Female,Uttarakhand,Activewear,Levie's,2,992,30,1.5,Yes
4/11/2025 21:36,47,Male,Himachal Pradesh,Trousers,Puma,4,521,10,2.5,Yes
4/11/2025 21:36,49,Female,Madhya Pradesh,T-shirts,Nike,3,517,10,2.5,Yes
4/11/2025 21:36,57,Female,Haryana,Shorts,Raymond,7,991,10,5,Yes
4/11/2025 21:36,47,Female,Madhya Pradesh,Sweaters,Raymond,5,645,15,2,Yes
4/11/2025 21:36,53,Female,Assam,Sleepwear,Nike,1,453,25,1.5,No
4/11/2025 21:36,25,Male,Andhra Pradesh,Jeans,Levie's,7,972,10,2,No
4/11/2025 21:36,48,Male,Jharkhand,Activewear,H&M,5,954,30,4.5,Yes
4/11/2025 21:36,23,Female,Uttarakhand,Skirts,Raymond,1,933,30,2,No
4/11/2025 21:36,28,Male,Jharkhand,Skirts,Raymond,6,751,15,4.5,Yes
4/11/2025 21:36,36,Male,Rajasthan,Activewear,Zudio,7,954,25,2.5,Yes
4/11/2025 21:36,68,Female,Tamil Nadu,Shorts,Levie's,6,769,10,1,Yes
4/11/2025 21:36,21,Male,Manipur,Dresses,Pantaloons,3,602,20,1,No
4/11/2025 21:36,35,Male,Karnataka,Dresses,Nike,3,439,15,4,No
4/11/2025 21:36,48,Female,Madhya Pradesh,Trousers,Adidas,2,929,25,3,No
4/11/2025 21:36,29,Female,Rajasthan,Formal Wear,Adidas,5,796,15,3.5,Yes
4/11/2025 21:36,62,Female,West Bengal,Undergarments,Raymond,7,679,30,2.5,Yes
4/11/2025 21:36,24,Male,Gujarat,Trousers,Puma,7,409,20,4.5,No
4/11/2025 21:36,31,Female,Manipur,Shorts,Zudio,3,571,15,1.5,No
4/11/2025 21:36,48,Female,Odisha,Sweaters,Levie's,5,657,25,1,No
4/11/2025 21:36,58,Female,Uttarakhand,Sleepwear,Raymond,7,532,20,1,Yes
4/11/2025 21:36,30,Female,Andhra Pradesh,Trousers,Pantaloons,2,751,20,1,No
4/11/2025 21:36,33,Male,Uttar Pradesh,Skirts,Adidas,2,999,30,4,Yes
4/11/2025 21:36,48,Male,Telangana,Formal Wear,H&M,3,935,25,1.5,Yes
4/11/2025 21:36,51,Female,Goa,Jackets,Levie's,7,649,25,3,Yes
4/11/2025 21:36,62,Female,Nagaland,Shorts,Raymond,5,466,30,3.5,No
4/11/2025 21:36,28,Male,Arunachal Pradesh,Undergarments,Levie's,3,820,15,1,No
4/11/2025 21:36,68,Male,Tamil Nadu,Sweaters,Nike,6,514,15,2,No
4/11/2025 21:36,53,Male,Uttarakhand,Jackets,H&M,6,837,30,4,No
4/11/2025 21:36,57,Female,Assam,Suits,Puma,5,992,25,2,No
4/11/2025 21:36,44,Female,Jharkhand,Shorts,Raymond,7,458,25,5,No
4/11/2025 21:36,36,Male,Punjab,Ethnic Wear,Adidas,5,655,10,1.5,Yes
4/11/2025 21:36,70,Male,Bihar,Ethnic Wear,Zudio,4,910,10,4.5,Yes
4/11/2025 21:36,56,Female,Haryana,Undergarments,H&M,6,418,15,3.5,Yes
4/11/2025 21:36,23,Male,Uttar Pradesh,Activewear,Pantaloons,1,576,25,2,Yes
4/11/2025 21:36,53,Male,Assam,Sweaters,Pantaloons,5,767,25,4,Yes
4/11/2025 21:36,50,Male,Himachal Pradesh,Dresses,Nike,1,527,20,2.5,Yes
4/11/2025 21:36,35,Male,Meghalaya,Dresses,Pantaloons,5,723,10,3,No
4/11/2025 21:36,63,Male,Odisha,Ethnic Wear,Zudio,1,519,15,5,No
4/11/2025 21:36,61,Male,Goa,Shirts,H&M,5,762,15,1,No
4/11/2025 21:36,55,Male,Uttar Pradesh,T-shirts,H&M,2,830,30,4,No
4/11/2025 21:36,62,Female,Nagaland,Ethnic Wear,H&M,3,586,30,2.5,No
4/11/2025 21:36,54,Male,West Bengal,Shorts,Raymond,4,680,10,2.5,No
4/11/2025 21:36,64,Female,Haryana,T-shirts,Nike,2,745,10,2,No
4/11/2025 21:36,65,Female,Nagaland,Shorts,Raymond,2,811,20,4.5,Yes
4/11/2025 21:36,43,Male,Tamil Nadu,Jeans,Puma,5,951,20,5,Yes
4/11/2025 21:36,66,Female,Punjab,Shorts,H&M,4,461,30,1.5,No
4/11/2025 21:36,61,Male,Meghalaya,Sweaters,Pantaloons,2,929,30,2.5,No
4/11/2025 21:36,34,Female,Nagaland,T-shirts,Pantaloons,4,468,30,3,Yes
4/11/2025 21:36,47,Male,Goa,Ethnic Wear,Raymond,4,442,10,1.5,Yes
4/11/2025 21:36,20,Male,Telangana,T-shirts,Puma,7,671,15,4.5,No
4/11/2025 21:36,43,Male,Karnataka,Undergarments,Nike,3,538,15,5,Yes
4/11/2025 21:36,70,Male,Andhra Pradesh,Suits,Levie's,1,870,20,1,No
4/11/2025 21:36,33,Male,Jharkhand,Sleepwear,Levie's,1,845,20,5,No
4/11/2025 21:36,46,Female,Uttarakhand,Undergarments,H&M,1,994,15,2,Yes
4/11/2025 21:36,23,Female,Andhra Pradesh,Jeans,H&M,2,743,30,5,Yes
4/11/2025 21:36,44,Female,Kerala,Dresses,H&M,5,893,20,1.5,Yes
4/11/2025 21:36,35,Male,Goa,Sleepwear,Pantaloons,5,899,20,3.5,No
4/11/2025 21:36,27,Male,Himachal Pradesh,Undergarments,Levie's,4,718,10,2.5,No
4/11/2025 21:36,55,Male,Madhya Pradesh,T-shirts,Raymond,6,688,30,3,No
4/11/2025 21:36,18,Male,Maharashtra,Skirts,H&M,6,530,15,5,Yes
4/11/2025 21:36,45,Male,Karnataka,Trousers,Pantaloons,1,680,30,2.5,No
4/11/2025 21:36,70,Male,Punjab,Activewear,Puma,3,442,20,1,Yes
4/11/2025 21:36,63,Male,Tamil Nadu,Formal Wear,Raymond,3,633,30,3,Yes
4/11/2025 21:36,59,Female,Haryana,Formal Wear,Puma,2,507,25,2.5,No
4/11/2025 21:36,42,Male,Uttarakhand,Skirts,Adidas,6,830,25,1,No
4/11/2025 21:36,35,Female,Manipur,Dresses,Pantaloons,3,693,10,2.5,Yes
4/11/2025 21:36,41,Female,Odisha,Activewear,H&M,1,920,30,1,Yes
4/11/2025 21:36,42,Female,Madhya Pradesh,Shorts,Nike,3,635,30,4.5,No
4/11/2025 21:36,41,Male,Chhattisgarh,Sleepwear,Levie's,7,528,10,4,Yes
4/11/2025 21:36,57,Female,Uttar Pradesh,Undergarments,Raymond,5,841,20,2,No
4/11/2025 21:36,62,Female,Odisha,T-shirts,Pantaloons,3,575,25,4.5,No
4/11/2025 21:36,42,Male,Maharashtra,Undergarments,Levie's,6,551,15,4.5,Yes
4/11/2025 21:36,27,Male,Gujarat,Suits,Raymond,1,625,10,1,No
4/11/2025 21:36,32,Male,Andhra Pradesh,Jeans,Levie's,4,687,30,1.5,Yes
4/11/2025 21:36,33,Male,Tripura,Ethnic Wear,H&M,1,847,20,2,Yes
4/11/2025 21:36,46,Male,Arunachal Pradesh,Suits,Pantaloons,2,764,20,1,No
4/11/2025 21:36,24,Female,Goa,Suits,Nike,6,402,25,5,Yes
4/11/2025 21:36,63,Male,Arunachal Pradesh,Suits,Levie's,6,879,20,3,No
4/11/2025 21:36,56,Male,Haryana,Formal Wear,Levie's,3,977,15,5,No
4/11/2025 21:36,25,Female,Tamil Nadu,Dresses,Nike,1,663,25,4,No
4/11/2025 21:36,62,Female,Karnataka,Sweaters,Pantaloons,3,929,20,5,No
4/11/2025 21:36,68,Male,Punjab,Activewear,Adidas,7,401,25,4.5,Yes
4/11/2025 21:36,30,Male,Arunachal Pradesh,Sleepwear,Levie's,7,578,30,1,Yes
4/11/2025 21:36,48,Female,Punjab,T-shirts,Nike,4,858,30,4,No
4/11/2025 21:36,36,Male,Nagaland,Suits,Raymond,2,591,25,3,Yes
4/11/2025 21:36,27,Male,Chhattisgarh,Shorts,Pantaloons,5,482,20,3,No
4/11/2025 21:36,23,Male,Himachal Pradesh,Jackets,Zudio,6,915,15,2,No
4/11/2025 21:36,67,Male,Haryana,Jackets,Raymond,2,630,20,5,Yes
4/11/2025 21:36,63,Female,Kerala,Shirts,Puma,6,553,25,4.5,Yes
4/11/2025 21:36,21,Male,Tamil Nadu,Shorts,Zudio,3,519,10,2.5,No
4/11/2025 21:36,26,Female,Rajasthan,Undergarments,Zudio,1,626,30,3,Yes
4/11/2025 21:36,30,Male,Odisha,Trousers,Adidas,3,495,10,4.5,No
4/11/2025 21:36,38,Female,Odisha,Formal Wear,H&M,4,511,10,4,Yes
4/11/2025 21:36,49,Female,Rajasthan,Jeans,Puma,6,998,15,4.5,Yes
4/11/2025 21:36,35,Male,Maharashtra,Trousers,Levie's,5,794,10,3,Yes
4/11/2025 21:36,53,Male,Himachal Pradesh,Trousers,Levie's,4,858,30,4.5,Yes
4/11/2025 21:36,50,Male,West Bengal,Dresses,Raymond,1,584,25,1,Yes
4/11/2025 21:36,70,Female,Nagaland,Dresses,Adidas,1,747,20,3,Yes
4/11/2025 21:36,25,Male,Uttarakhand,Formal Wear,Nike,5,814,15,4,No
4/11/2025 21:36,64,Female,Uttarakhand,Sweaters,Raymond,7,540,10,2.5,No
4/11/2025 21:36,37,Female,Rajasthan,Sweaters,Pantaloons,1,509,15,4,Yes
4/11/2025 21:36,46,Male,Rajasthan,Trousers,Adidas,2,516,20,1.5,Yes
4/11/2025 21:36,58,Male,Odisha,Dresses,Nike,6,682,15,1,Yes
4/11/2025 21:36,39,Female,Manipur,Activewear,Raymond,7,518,30,2.5,No
4/11/2025 21:36,62,Female,West Bengal,Sweaters,Raymond,4,509,10,3,No
4/11/2025 21:36,39,Male,Mizoram,Ethnic Wear,Levie's,4,774,15,3,Yes
4/11/2025 21:36,70,Male,Assam,Sleepwear,Adidas,5,447,25,1.5,No
4/11/2025 21:36,39,Male,Nagaland,Activewear,Puma,2,490,15,4.5,No
4/11/2025 21:36,23,Female,Manipur,Skirts,Levie's,4,995,25,2,No
4/11/2025 21:36,52,Female,Odisha,Formal Wear,Raymond,5,777,30,1.5,No
4/11/2025 21:36,43,Female,Tamil Nadu,Jeans,Adidas,3,776,30,4,Yes
4/11/2025 21:36,23,Female,Telangana,Shorts,H&M,5,737,25,2,No
4/11/2025 21:36,49,Female,Goa,Shirts,Nike,5,727,15,4,No
4/11/2025 21:36,54,Female,Himachal Pradesh,Sleepwear,Raymond,2,799,25,1,Yes
4/11/2025 21:36,59,Female,Sikkim,Suits,Adidas,7,928,30,4.5,No
4/11/2025 21:36,60,Male,Tripura,Formal Wear,Raymond,3,681,15,1,Yes
4/11/2025 21:36,21,Female,Tamil Nadu,Skirts,Levie's,5,519,15,5,Yes
4/11/2025 21:36,65,Male,Tamil Nadu,Suits,Nike,1,588,30,4.5,Yes
4/11/2025 21:36,27,Male,Punjab,Sleepwear,Adidas,7,698,15,4,No
4/11/2025 21:36,47,Female,Maharashtra,Trousers,Adidas,7,696,25,3,No
4/11/2025 21:36,43,Female,Mizoram,Undergarments,Raymond,1,678,25,3.5,Yes
4/11/2025 21:36,20,Female,Tamil Nadu,Suits,Adidas,7,757,15,4.5,No
4/11/2025 21:36,52,Male,Kerala,Jackets,Zudio,1,793,30,5,No
4/11/2025 21:36,27,Male,Mizoram,Shorts,Levie's,6,726,15,1,Yes
4/11/2025 21:36,24,Male,Tamil Nadu,Formal Wear,Nike,4,619,20,5,No
4/11/2025 21:36,34,Female,Nagaland,Dresses,Pantaloons,6,745,10,1,Yes
4/11/2025 21:36,68,Female,Jharkhand,Activewear,Adidas,2,1000,30,1.5,No
4/11/2025 21:36,26,Male,Bihar,Dresses,Puma,2,829,30,4.5,No
4/11/2025 21:36,23,Male,Haryana,T-shirts,Levie's,5,792,20,4,Yes
4/11/2025 21:36,51,Male,Uttar Pradesh,T-shirts,Nike,7,963,20,1.5,No
4/11/2025 21:36,66,Male,Arunachal Pradesh,Ethnic Wear,Puma,3,999,25,3.5,Yes
4/11/2025 21:36,69,Female,Jharkhand,Jeans,Pantaloons,6,796,30,4.5,No
4/11/2025 21:36,38,Male,Meghalaya,Jackets,Zudio,7,435,15,1.5,Yes
4/11/2025 21:36,53,Female,Uttar Pradesh,Dresses,Adidas,7,895,10,2,Yes
4/11/2025 21:36,25,Female,Tripura,Dresses,Puma,7,777,20,2,No
4/11/2025 21:36,25,Female,Tamil Nadu,Trousers,Nike,3,774,25,2,Yes
4/11/2025 21:36,42,Male,Goa,Formal Wear,H&M,6,956,30,3.5,No
4/11/2025 21:36,49,Male,Gujarat,Sleepwear,Levie's,3,653,20,4,Yes
4/11/2025 21:36,45,Male,Andhra Pradesh,Skirts,Puma,2,741,25,2.5,No
4/11/2025 21:36,25,Female,Andhra Pradesh,T-shirts,Raymond,2,821,25,4.5,No
4/11/2025 21:36,58,Female,Mizoram,Activewear,Nike,6,529,30,2.5,Yes
4/11/2025 21:36,67,Male,Andhra Pradesh,Ethnic Wear,Zudio,7,848,10,4,Yes
4/11/2025 21:36,63,Male,Madhya Pradesh,Trousers,Nike,5,590,30,4,Yes
4/11/2025 21:36,33,Female,Kerala,Skirts,Raymond,6,759,30,5,Yes
4/11/2025 21:36,19,Male,Uttar Pradesh,Formal Wear,Adidas,5,944,25,4.5,Yes
4/11/2025 21:36,49,Female,Karnataka,Sweaters,Nike,6,627,15,3,Yes
4/11/2025 21:36,60,Male,Odisha,Ethnic Wear,Zudio,6,598,10,2,No
4/11/2025 21:36,65,Male,Mizoram,Sleepwear,Levie's,5,572,15,1,Yes
4/11/2025 21:36,36,Female,Rajasthan,Jeans,Levie's,6,404,10,1,Yes
4/11/2025 21:36,22,Female,West Bengal,Ethnic Wear,Zudio,1,824,15,3.5,No
4/11/2025 21:36,37,Male,Telangana,Formal Wear,Adidas,1,793,25,4,Yes
4/11/2025 21:36,36,Male,Manipur,Shorts,Raymond,4,731,10,2,Yes
4/11/2025 21:36,33,Female,Haryana,Sweaters,Raymond,2,770,10,1.5,Yes
4/11/2025 21:36,41,Male,Meghalaya,Shorts,Nike,5,568,20,3,Yes
4/11/2025 21:36,44,Female,Odisha,Jackets,H&M,7,661,20,5,Yes
4/11/2025 21:36,18,Female,Tamil Nadu,Jackets,Pantaloons,1,767,15,3.5,Yes
4/11/2025 21:36,65,Female,Goa,Trousers,Nike,7,602,20,1,No
4/11/2025 21:36,63,Female,Chhattisgarh,Dresses,Levie's,5,803,15,3,No
4/11/2025 21:36,40,Male,Odisha,Undergarments,Zudio,1,748,20,1.5,Yes
4/11/2025 21:36,57,Male,Goa,Shirts,Levie's,3,679,25,4,No
4/11/2025 21:36,45,Female,Punjab,Jackets,Adidas,7,658,10,4,No
4/11/2025 21:36,44,Female,Uttar Pradesh,Jeans,Zudio,7,540,30,1,Yes
4/11/2025 21:36,67,Female,Chhattisgarh,Suits,Raymond,6,804,25,1.5,No
4/11/2025 21:36,63,Female,Gujarat,Skirts,Zudio,2,465,10,3.5,No
4/11/2025 21:36,24,Male,Kerala,Jeans,Adidas,6,765,30,2,Yes
4/11/2025 21:36,30,Female,Nagaland,Skirts,Raymond,4,575,25,2.5,No
4/11/2025 21:36,25,Female,Telangana,Undergarments,Pantaloons,3,559,10,5,Yes
4/11/2025 21:36,26,Male,Arunachal Pradesh,Sleepwear,Nike,3,936,15,5,Yes
4/11/2025 21:36,44,Male,Assam,Suits,Zudio,6,836,10,5,No
4/11/2025 21:36,61,Female,Telangana,Jackets,Puma,5,945,25,3,No
4/11/2025 21:36,21,Female,Haryana,Formal Wear,Nike,1,871,10,2,No
4/11/2025 21:36,33,Female,Telangana,Undergarments,Puma,1,575,15,5,Yes
4/11/2025 21:36,62,Female,Odisha,Sleepwear,Nike,4,450,30,5,No
4/11/2025 21:36,63,Female,Haryana,Jackets,Puma,4,967,10,3,No
4/11/2025 21:36,20,Male,Odisha,Dresses,H&M,4,512,25,5,Yes
4/11/2025 21:36,30,Male,Arunachal Pradesh,Formal Wear,Adidas,3,475,15,1,No
4/11/2025 21:36,49,Male,Rajasthan,Formal Wear,Zudio,1,882,30,1.5,No
4/11/2025 21:36,40,Male,Tamil Nadu,Shorts,H&M,1,931,25,5,No
4/11/2025 21:36,41,Male,Madhya Pradesh,Sleepwear,Zudio,4,870,15,4.5,No
4/11/2025 21:36,66,Female,Arunachal Pradesh,Sweaters,Pantaloons,1,452,10,3.5,Yes
4/11/2025 21:36,55,Male,Jharkhand,Ethnic Wear,Pantaloons,2,628,15,4,Yes
4/11/2025 21:36,52,Female,Haryana,Jeans,Levie's,3,824,25,4.5,No
4/11/2025 21:36,18,Male,Rajasthan,T-shirts,Nike,2,553,20,2,Yes
4/11/2025 21:36,68,Female,Nagaland,Shorts,Adidas,2,956,30,4.5,Yes
4/11/2025 21:36,59,Male,Manipur,Sleepwear,Pantaloons,5,487,10,4,No
4/11/2025 21:36,36,Female,Meghalaya,Ethnic Wear,Pantaloons,3,684,15,3.5,No
4/11/2025 21:36,56,Female,Bihar,Suits,Adidas,4,542,25,1.5,No
4/11/2025 21:36,36,Male,Manipur,Formal Wear,Levie's,4,507,25,4.5,Yes
4/11/2025 21:36,45,Female,Meghalaya,T-shirts,H&M,7,916,20,4.5,Yes
4/11/2025 21:36,23,Female,Uttarakhand,Jackets,Nike,5,725,15,3,Yes
4/11/2025 21:36,51,Male,Haryana,Formal Wear,Raymond,6,878,15,3,No
4/11/2025 21:36,56,Male,Maharashtra,Formal Wear,Pantaloons,7,953,10,2,No
4/11/2025 21:36,32,Female,Sikkim,Formal Wear,H&M,4,556,30,5,Yes
4/11/2025 21:36,70,Female,Madhya Pradesh,Sweaters,Raymond,4,693,25,5,No
4/11/2025 21:36,18,Male,Tripura,Jeans,H&M,5,710,25,3.5,Yes
4/11/2025 21:36,31,Female,Kerala,Shirts,Adidas,6,486,10,1,Yes
4/11/2025 21:36,43,Female,Andhra Pradesh,Shirts,H&M,5,726,25,3,Yes
4/11/2025 21:36,66,Female,Mizoram,Skirts,Zudio,7,402,30,5,Yes
4/11/2025 21:36,26,Male,Himachal Pradesh,Shorts,Adidas,6,516,30,2,No
4/11/2025 21:36,41,Female,Odisha,Suits,Nike,6,440,20,4,No
4/11/2025 21:36,38,Female,Goa,Ethnic Wear,Nike,6,709,10,4,No
4/11/2025 21:36,60,Female,Goa,Shorts,Adidas,2,915,20,2,Yes
4/11/2025 21:36,45,Female,Madhya Pradesh,Dresses,Levie's,3,765,20,5,No
4/11/2025 21:36,25,Female,Rajasthan,Shirts,Raymond,1,724,20,1,No
4/11/2025 21:36,59,Female,Haryana,Suits,Adidas,1,778,15,4,No
4/11/2025 21:36,69,Female,Gujarat,Undergarments,Nike,1,537,20,1.5,No
4/11/2025 21:36,61,Male,Bihar,Jackets,Nike,1,837,30,3.5,No
4/11/2025 21:36,48,Female,Goa,Jeans,Puma,1,804,20,3.5,Yes
4/11/2025 21:36,54,Female,Meghalaya,Sleepwear,Puma,1,936,20,4,Yes
4/11/2025 21:36,64,Female,Uttar Pradesh,Skirts,Adidas,5,482,25,5,No
4/11/2025 21:36,36,Female,Maharashtra,T-shirts,H&M,5,815,20,2.5,Yes
4/11/2025 21:36,24,Male,Tripura,Activewear,Pantaloons,2,485,20,1,No
4/11/2025 21:36,59,Male,Bihar,Formal Wear,Raymond,6,580,15,2.5,Yes
4/11/2025 21:36,39,Male,Tamil Nadu,Shorts,Pantaloons,6,408,15,2,Yes
4/11/2025 21:36,63,Male,Kerala,Activewear,Adidas,4,939,10,3.5,No
4/11/2025 21:36,53,Male,Tamil Nadu,Activewear,Nike,7,997,10,3,No
4/11/2025 21:36,36,Female,Kerala,Ethnic Wear,Nike,4,461,25,1,No
4/11/2025 21:36,44,Female,Rajasthan,Trousers,Puma,6,569,30,3,No
4/11/2025 21:36,63,Male,Haryana,Formal Wear,Adidas,1,530,25,1.5,No
4/11/2025 21:36,43,Female,Maharashtra,Trousers,Levie's,7,630,30,1,Yes
4/11/2025 21:36,51,Female,Assam,Shorts,Zudio,3,706,25,1.5,No
4/11/2025 21:36,27,Male,Telangana,Shorts,H&M,1,699,15,4,No
4/11/2025 21:36,68,Male,Madhya Pradesh,Jackets,Puma,5,849,30,2.5,No
4/11/2025 21:36,70,Female,Gujarat,Sleepwear,H&M,2,794,15,3,Yes
4/11/2025 21:36,30,Female,Jharkhand,T-shirts,Levie's,4,486,15,1.5,No
4/11/2025 21:36,45,Female,Goa,Sleepwear,Nike,7,524,10,5,No
4/11/2025 21:36,29,Female,Punjab,Suits,Pantaloons,4,770,15,2,No
4/11/2025 21:36,49,Female,Himachal Pradesh,Undergarments,Raymond,6,945,10,4.5,Yes
4/11/2025 21:36,22,Male,Uttar Pradesh,Activewear,Zudio,5,734,30,3.5,No
4/11/2025 21:36,23,Female,Punjab,T-shirts,H&M,4,938,25,4,No
4/11/2025 21:36,34,Male,Jharkhand,Suits,Puma,1,992,20,2.5,No
4/11/2025 21:36,24,Female,Mizoram,Jeans,Adidas,2,634,10,3,Yes
4/11/2025 21:36,21,Female,Goa,Dresses,Zudio,4,907,15,1.5,Yes
4/11/2025 21:36,57,Female,Haryana,Skirts,Raymond,1,758,25,4.5,No
4/11/2025 21:36,63,Male,Uttar Pradesh,Dresses,Zudio,5,611,10,1.5,Yes
4/11/2025 21:36,22,Female,Maharashtra,Suits,Pantaloons,2,963,10,3,Yes
4/11/2025 21:36,50,Male,Madhya Pradesh,Skirts,Levie's,2,437,25,3,Yes
4/11/2025 21:36,28,Female,Sikkim,Ethnic Wear,Puma,5,568,25,2.5,Yes
4/11/2025 21:36,61,Female,Madhya Pradesh,Trousers,H&M,7,458,25,4.5,No
4/11/2025 21:36,19,Male,Punjab,Undergarments,Puma,3,748,15,2.5,Yes
4/11/2025 21:36,69,Male,Chhattisgarh,Dresses,Levie's,6,786,15,1.5,Yes
4/11/2025 21:36,35,Female,Andhra Pradesh,Formal Wear,Adidas,5,404,20,1.5,Yes
4/11/2025 21:36,38,Male,Andhra Pradesh,Shirts,Raymond,4,960,10,2.5,Yes
4/11/2025 21:36,57,Male,Meghalaya,Ethnic Wear,Pantaloons,2,598,25,4,No
4/11/2025 21:36,48,Male,Himachal Pradesh,Suits,Raymond,7,524,30,2.5,Yes
4/11/2025 21:36,34,Male,Karnataka,T-shirts,Puma,5,554,15,2.5,Yes
4/11/2025 21:36,27,Male,Punjab,Sleepwear,Raymond,3,552,30,3,No
4/11/2025 21:36,45,Female,West Bengal,Undergarments,H&M,2,708,20,2,Yes
4/11/2025 21:36,46,Male,Rajasthan,Dresses,Adidas,6,497,30,2,Yes
4/11/2025 21:36,47,Female,Haryana,Formal Wear,Adidas,5,531,15,2,No
4/11/2025 21:36,56,Male,Jharkhand,Skirts,Levie's,5,977,25,4,Yes
4/11/2025 21:36,49,Male,Odisha,Undergarments,Puma,3,508,30,2.5,No
4/11/2025 21:36,24,Female,Uttar Pradesh,Jackets,Puma,4,509,25,2.5,Yes
4/11/2025 21:36,59,Male,Andhra Pradesh,T-shirts,Adidas,4,685,30,1,No
4/11/2025 21:36,61,Female,Rajasthan,Ethnic Wear,Zudio,1,584,15,3.5,Yes
4/11/2025 21:36,23,Female,Arunachal Pradesh,Sleepwear,H&M,7,655,10,5,Yes
4/11/2025 21:36,45,Male,Arunachal Pradesh,Skirts,Raymond,4,966,30,2,No
4/11/2025 21:36,59,Female,Sikkim,Dresses,Pantaloons,4,818,20,1.5,No
4/11/2025 21:36,52,Female,Tamil Nadu,Trousers,H&M,3,535,30,1,No
4/11/2025 21:36,30,Female,Telangana,Ethnic Wear,Adidas,2,472,20,5,Yes
4/11/2025 21:36,67,Female,Chhattisgarh,Skirts,Zudio,4,581,30,3.5,No
4/11/2025 21:36,32,Female,Andhra Pradesh,Ethnic Wear,H&M,7,888,15,2.5,Yes
4/11/2025 21:36,33,Male,Rajasthan,Jeans,Levie's,6,576,15,1,No
4/11/2025 21:36,37,Female,Nagaland,Jackets,Levie's,6,443,10,2.5,No
4/11/2025 21:36,24,Male,Mizoram,Jeans,Zudio,5,776,20,5,Yes
4/11/2025 21:36,24,Male,Chhattisgarh,Shorts,Nike,7,458,30,3.5,No
4/11/2025 21:36,25,Female,Odisha,Trousers,Pantaloons,7,819,10,5,No
4/11/2025 21:36,34,Male,Gujarat,Sleepwear,Pantaloons,1,441,10,2.5,No
4/11/2025 21:36,39,Male,Uttarakhand,Shorts,Adidas,2,850,25,1,Yes
4/11/2025 21:36,70,Female,Meghalaya,Suits,Raymond,7,577,15,4,No
4/11/2025 21:36,35,Male,Uttar Pradesh,Ethnic Wear,Nike,4,465,15,3.5,Yes
4/11/2025 21:36,24,Male,Tamil Nadu,Skirts,Nike,2,975,25,4,No
4/11/2025 21:36,37,Male,Gujarat,Dresses,Levie's,1,443,10,4.5,Yes
4/11/2025 21:36,35,Female,Jharkhand,Skirts,Nike,1,786,15,2.5,No
4/11/2025 21:36,66,Female,Madhya Pradesh,Trousers,Puma,6,706,15,3.5,No
4/11/2025 21:36,27,Male,West Bengal,Jeans,Pantaloons,3,910,15,2,No
4/11/2025 21:36,41,Male,Arunachal Pradesh,Formal Wear,Adidas,1,875,10,2.5,Yes
4/11/2025 21:36,63,Female,Kerala,Skirts,Puma,7,705,30,5,Yes
4/11/2025 21:36,50,Female,Karnataka,Shorts,Zudio,6,588,30,3.5,No
4/11/2025 21:36,42,Male,Odisha,Suits,Pantaloons,6,572,25,2,No
4/11/2025 21:36,32,Male,Odisha,Ethnic Wear,Pantaloons,5,526,30,1.5,Yes
4/11/2025 21:36,65,Female,Karnataka,Sleepwear,Nike,4,920,10,1,Yes
4/11/2025 21:36,32,Female,Manipur,Jeans,H&M,1,667,15,4,No
4/11/2025 21:36,23,Female,Nagaland,Undergarments,Zudio,7,728,15,4,No
4/11/2025 21:36,25,Female,Punjab,Dresses,Levie's,2,998,10,5,Yes
4/11/2025 21:36,22,Male,Gujarat,Shorts,Raymond,7,800,30,1,Yes
4/11/2025 21:36,34,Male,Rajasthan,Suits,Pantaloons,7,848,10,1.5,No
4/11/2025 21:36,28,Male,Nagaland,Dresses,H&M,5,560,10,3.5,No
4/11/2025 21:36,27,Female,Tripura,Activewear,Levie's,6,894,10,2.5,No
4/11/2025 21:36,65,Male,Goa,Skirts,Nike,7,506,25,1,No
4/11/2025 21:36,61,Male,Punjab,T-shirts,Raymond,4,779,10,2.5,No
4/11/2025 21:36,69,Male,Goa,Sleepwear,Pantaloons,2,518,20,1,Yes
4/11/2025 21:36,25,Male,Maharashtra,T-shirts,Raymond,1,957,30,5,No
4/11/2025 21:36,33,Male,Sikkim,Shirts,H&M,5,708,25,4,Yes
4/11/2025 21:36,66,Male,Sikkim,Formal Wear,Raymond,2,420,25,2.5,Yes
4/11/2025 21:36,44,Male,Punjab,Jackets,Nike,1,787,10,3,No
4/11/2025 21:36,51,Female,West Bengal,Shirts,H&M,4,696,25,4,No
4/11/2025 21:36,64,Male,Punjab,Sleepwear,Adidas,3,451,15,4,Yes
4/11/2025 21:36,40,Female,Bihar,Dresses,Raymond,6,889,30,2,No
4/11/2025 21:36,31,Male,Telangana,Formal Wear,Zudio,5,696,15,4,No
4/11/2025 21:36,56,Female,Uttar Pradesh,Formal Wear,Adidas,3,853,15,1.5,Yes
4/11/2025 21:36,32,Female,Assam,Dresses,Adidas,5,678,20,4.5,Yes
4/11/2025 21:36,67,Male,Mizoram,Sweaters,Adidas,4,881,15,1,Yes
4/11/2025 21:36,50,Male,Uttarakhand,Activewear,Levie's,4,771,25,1,Yes
4/11/2025 21:36,45,Male,Arunachal Pradesh,Undergarments,Pantaloons,1,744,10,1,Yes
4/11/2025 21:36,30,Female,Meghalaya,Formal Wear,Zudio,1,790,20,1,No
4/11/2025 21:36,58,Female,Nagaland,Undergarments,Levie's,1,425,10,1.5,Yes
4/11/2025 21:36,50,Male,Punjab,Formal Wear,Puma,3,768,20,3.5,Yes
4/11/2025 21:36,25,Male,Maharashtra,Dresses,Raymond,5,909,10,4,No
4/11/2025 21:36,60,Male,Maharashtra,Shorts,H&M,1,740,30,4,Yes
4/11/2025 21:36,28,Female,Uttar Pradesh,Sleepwear,Puma,4,780,25,2.5,Yes
4/11/2025 21:36,24,Female,Himachal Pradesh,T-shirts,H&M,1,450,25,2.5,No
4/11/2025 21:36,37,Female,Jharkhand,Jackets,H&M,4,906,25,3,No
4/11/2025 21:36,35,Male,Meghalaya,Jackets,Pantaloons,5,515,25,3.5,No
4/11/2025 21:36,60,Male,Uttarakhand,T-shirts,Adidas,2,430,25,1,No
4/11/2025 21:36,19,Female,Himachal Pradesh,T-shirts,Raymond,7,902,15,2,No
4/11/2025 21:36,54,Male,Sikkim,Shirts,Raymond,6,882,15,2,Yes
4/11/2025 21:36,42,Male,Goa,Skirts,Levie's,7,474,20,2,No
4/11/2025 21:36,47,Male,Punjab,Trousers,Pantaloons,2,729,20,1,No
4/11/2025 21:36,49,Female,Madhya Pradesh,Trousers,Adidas,6,487,30,4,No
4/11/2025 21:36,63,Male,Himachal Pradesh,Shirts,Puma,7,518,15,1.5,No
4/11/2025 21:36,70,Male,Assam,Trousers,Pantaloons,3,721,15,2.5,Yes
4/11/2025 21:36,44,Male,Maharashtra,Formal Wear,Zudio,3,631,20,3,No
4/11/2025 21:36,64,Male,Kerala,Trousers,Raymond,3,996,25,3.5,No
4/11/2025 21:36,21,Male,Maharashtra,Shirts,Zudio,4,724,10,4,Yes
4/11/2025 21:36,55,Female,Maharashtra,Formal Wear,Puma,6,602,20,1,Yes
4/11/2025 21:36,54,Female,Sikkim,Dresses,H&M,3,503,10,4,Yes
4/11/2025 21:36,65,Male,West Bengal,Suits,Raymond,4,429,20,2,Yes
4/11/2025 21:36,59,Male,Uttar Pradesh,Formal Wear,Puma,7,805,15,5,No
4/11/2025 21:36,49,Female,Manipur,Formal Wear,Pantaloons,6,504,30,2.5,Yes
4/11/2025 21:36,64,Female,Arunachal Pradesh,Formal Wear,Puma,5,933,30,2.5,No
4/11/2025 21:36,59,Male,Jharkhand,Ethnic Wear,Puma,5,700,15,1,Yes
4/11/2025 21:36,39,Male,Manipur,Sweaters,Nike,2,843,15,2,Yes
4/11/2025 21:36,66,Female,West Bengal,Sweaters,Nike,2,911,25,3.5,No
4/11/2025 21:36,32,Male,Tamil Nadu,Dresses,Adidas,7,747,15,2.5,Yes
4/11/2025 21:36,38,Male,Mizoram,Activewear,H&M,3,754,20,2.5,Yes
4/11/2025 21:36,48,Male,Arunachal Pradesh,Activewear,H&M,4,988,10,5,Yes
4/11/2025 21:36,55,Female,Manipur,T-shirts,Zudio,1,768,25,3.5,Yes
4/11/2025 21:36,52,Male,Tripura,Sweaters,Nike,1,879,25,3.5,Yes
4/11/2025 21:36,40,Male,West Bengal,Undergarments,Raymond,4,816,25,1.5,No
4/11/2025 21:36,29,Female,Goa,Sleepwear,Zudio,7,616,15,4.5,Yes
4/11/2025 21:36,60,Male,Karnataka,Undergarments,H&M,2,968,30,1.5,No
4/11/2025 21:36,50,Male,Uttarakhand,Skirts,Raymond,4,776,30,1.5,No
4/11/2025 21:36,42,Male,Tamil Nadu,Activewear,Puma,7,494,30,2,No
4/11/2025 21:36,34,Male,Chhattisgarh,Sweaters,Puma,2,887,10,4.5,Yes
4/11/2025 21:36,21,Male,Odisha,Dresses,Adidas,6,435,25,3,No
4/11/2025 21:36,43,Female,Haryana,Shorts,Zudio,7,889,15,1,No
4/11/2025 21:36,61,Male,West Bengal,Sleepwear,H&M,2,923,20,1,No
4/11/2025 21:36,54,Female,Telangana,Skirts,Pantaloons,3,663,25,1,No
4/11/2025 21:36,45,Female,Bihar,T-shirts,Adidas,3,513,20,5,No
4/11/2025 21:36,18,Female,Uttar Pradesh,Undergarments,Adidas,2,551,10,4.5,Yes
4/11/2025 21:36,68,Female,Sikkim,Jackets,Levie's,7,873,15,4,No
4/11/2025 21:36,70,Male,Gujarat,Ethnic Wear,Raymond,3,671,10,2,No
4/11/2025 21:36,68,Female,Madhya Pradesh,Shorts,H&M,6,588,25,2.5,Yes
4/11/2025 21:36,31,Female,Sikkim,Shorts,Zudio,2,737,15,2,Yes
4/11/2025 21:36,57,Female,Bihar,Undergarments,H&M,5,457,30,1.5,No
4/11/2025 21:36,69,Male,Mizoram,Jeans,Raymond,2,477,25,1,Yes
4/11/2025 21:36,22,Male,Kerala,Formal Wear,Pantaloons,1,632,15,4,No
4/11/2025 21:36,44,Male,Uttar Pradesh,Undergarments,Puma,5,845,30,2,Yes
4/11/2025 21:36,70,Male,Goa,Ethnic Wear,Nike,7,773,30,5,Yes
4/11/2025 21:36,46,Female,Mizoram,Skirts,Levie's,7,505,10,1,No
4/11/2025 21:36,55,Female,Meghalaya,Suits,Zudio,2,910,25,4,No
4/11/2025 21:36,41,Male,Mizoram,Trousers,H&M,5,617,15,1.5,No
4/11/2025 21:36,40,Female,Manipur,Shorts,Pantaloons,7,645,20,2,No
4/11/2025 21:36,66,Male,Himachal Pradesh,Sweaters,Adidas,3,613,25,2,Yes
4/11/2025 21:36,23,Female,Maharashtra,Sleepwear,Adidas,2,608,30,3,Yes
4/11/2025 21:36,49,Female,Meghalaya,Shorts,Adidas,3,439,10,4,No
4/11/2025 21:36,38,Female,West Bengal,Jeans,Levie's,4,640,15,5,No
4/11/2025 21:36,41,Male,Uttar Pradesh,Activewear,Nike,3,972,30,2,No
4/11/2025 21:36,35,Male,Himachal Pradesh,Skirts,Zudio,6,697,15,3.5,Yes
4/11/2025 21:36,66,Female,Assam,Jackets,Nike,1,405,15,1,No
4/11/2025 21:36,30,Female,Andhra Pradesh,Dresses,Levie's,6,422,10,4,No
4/11/2025 21:36,48,Male,Kerala,Sweaters,Nike,1,463,25,1.5,No
4/11/2025 21:36,39,Female,Karnataka,Sleepwear,Raymond,3,590,20,4.5,No
4/11/2025 21:36,57,Male,Odisha,Jeans,Nike,5,960,25,4.5,Yes
4/11/2025 21:36,59,Male,Uttarakhand,Dresses,Puma,6,776,30,1,Yes
4/11/2025 21:36,65,Male,Andhra Pradesh,Trousers,Raymond,4,802,15,3.5,Yes
4/11/2025 21:36,43,Female,Himachal Pradesh,Shirts,Levie's,4,447,30,4,Yes
4/11/2025 21:36,64,Male,Gujarat,Sleepwear,Nike,3,661,20,2,No
4/11/2025 21:36,57,Female,Punjab,Undergarments,H&M,2,681,30,3.5,No
4/11/2025 21:36,18,Female,Manipur,Activewear,Pantaloons,6,554,20,5,Yes
4/11/2025 21:36,26,Male,Andhra Pradesh,Ethnic Wear,Adidas,1,548,30,5,No
4/11/2025 21:36,69,Male,Uttarakhand,Trousers,Puma,3,402,30,3,No
4/11/2025 21:36,19,Female,Bihar,Shorts,Nike,5,931,25,4,Yes
4/11/2025 21:36,53,Male,Tripura,Shorts,Puma,7,590,20,3,Yes
4/11/2025 21:36,27,Female,Uttarakhand,Sleepwear,Raymond,7,618,25,1,Yes
4/11/2025 21:36,26,Male,Goa,Skirts,Adidas,7,430,10,3,No
4/11/2025 21:36,30,Male,Gujarat,Jeans,Raymond,5,462,30,3,No
4/11/2025 21:36,63,Male,Chhattisgarh,Shorts,Adidas,7,933,10,2.5,No
4/11/2025 21:36,55,Male,Manipur,Skirts,H&M,4,752,25,2.5,Yes
4/11/2025 21:36,31,Female,Haryana,Formal Wear,Raymond,6,721,25,2.5,Yes
4/11/2025 21:36,54,Male,Gujarat,Dresses,H&M,4,681,20,5,Yes
4/11/2025 21:36,64,Female,Punjab,Activewear,H&M,7,602,15,1.5,No
4/11/2025 21:36,59,Female,Andhra Pradesh,Sleepwear,Raymond,4,602,20,5,Yes
4/11/2025 21:36,28,Male,Kerala,Suits,H&M,2,416,30,1.5,No
4/11/2025 21:36,40,Female,Meghalaya,Dresses,Pantaloons,6,666,10,2,No
4/11/2025 21:36,20,Male,Punjab,Suits,Adidas,3,651,15,4,Yes
4/11/2025 21:36,70,Female,Haryana,Formal Wear,Adidas,7,939,15,3,No
4/11/2025 21:36,46,Female,Odisha,Formal Wear,Levie's,6,439,15,2.5,No
4/11/2025 21:36,56,Female,Arunachal Pradesh,Skirts,Puma,3,730,25,1.5,Yes
4/11/2025 21:36,54,Male,Bihar,Ethnic Wear,Raymond,1,955,15,4,Yes
4/11/2025 21:36,25,Male,Haryana,Sleepwear,Zudio,7,619,15,5,Yes
